unsigned char ACE[] = {
  0x89, 0x50, 0x4e, 0x47, 0x0d, 0x0a, 0x1a, 0x0a, 00, 00, 00, 0x0d, 0x49, 0x48, 0x44, 0x52,
  00, 00, 00, 0xec, 00, 00, 00, 0x78, 0x08, 0x06, 00, 00, 00, 0xf1, 0x24, 0x1e,
  0x41, 00, 00, 0x01, 0x2b, 0x69, 0x43, 0x43, 0x50, 0x53, 0x6b, 0x69, 0x61, 00, 00, 0x28,
  0x91, 0x7d, 0x90, 0x3f, 0x4b, 0xc3, 0x40, 0x18, 0xc6, 0x7f, 0x96, 0x82, 0xff, 0x07, 0xd1, 0xd1,
  0x21, 0x63, 0x17, 0xa5, 0x2a, 0xe8, 0xa0, 0x2e, 0x55, 0x2c, 0x3a, 0x49, 0x8d, 0x60, 0x75, 0x4a,
  0xd3, 0x34, 0x15, 0x9a, 0x18, 0x92, 0x94, 0x22, 0xb8, 0xf9, 0x05, 0xfc, 0x10, 0x82, 0xb3, 0xa3,
  0x08, 0xba, 0x0a, 0x3a, 0x08, 0x82, 0x9b, 0xe0, 0x47, 0x10, 0x07, 0xd7, 0xfa, 0xa4, 0x41, 0xd2,
  0x25, 0xbe, 0xc7, 0x7b, 0xf7, 0xbb, 0xe7, 0x1e, 0xee, 0xee, 0x7d, 0xa1, 0x30, 0x86, 0xa2, 0x58,
  0x06, 0xcf, 0x8f, 0xc3, 0x5a, 0xb5, 0x62, 0x1c, 0xd5, 0x8f, 0x8d, 0xd1, 0x4f, 0x46, 0x34, 0x06,
  0x61, 0xd9, 0x51, 0x40, 0x7e, 0xc8, 0xf5, 0xf3, 0x9e, 0x7a, 0xdf, 0x16, 0xfe, 0xf1, 0xe5, 0xc5,
  0x78, 0xd3, 0x89, 0x6c, 0xad, 0x5f, 0xca, 0x66, 0xa8, 0xc7, 0x75, 0xa5, 0x29, 0x9e, 0x73, 0x53,
  0x6e, 0x27, 0xdc, 0x48, 0xf9, 0x22, 0xe1, 0x5e, 0x1c, 0xc4, 0xe2, 0xab, 0x84, 0x43, 0xb3, 0xb6,
  0x25, 0xbe, 0x16, 0x97, 0xdc, 0x21, 0x6e, 0x0c, 0xb1, 0x1d, 0x84, 0x89, 0xff, 0x45, 0xbc, 0xe1,
  0x75, 0xba, 0x76, 0xf6, 0x6f, 0xa6, 0x1c, 0xff, 0xf0, 0x40, 0xeb, 0x8e, 0x72, 0x9e, 0x6d, 0x4e,
  0x89, 0x08, 0xe8, 0x60, 0x71, 0x8e, 0xc1, 0x3e, 0x2b, 0x9a, 0xab, 0xda, 0x79, 0x74, 0x89, 0xc5,
  0x3d, 0x39, 0x62, 0xda, 0xa2, 0x88, 0x9a, 0x4e, 0x2a, 0x22, 0x93, 0x50, 0x0e, 0x5f, 0x4a, 0x0b,
  0x47, 0x4c, 0xd2, 0xbf, 0xf4, 0x89, 0xcb, 0x0f, 0xd8, 0x7c, 0xe8, 0xf7, 0xfb, 0xf7, 0x99, 0xb6,
  0xf7, 0x08, 0xb7, 0x6b, 0x30, 0x71, 0x97, 0x69, 0xa5, 0x75, 0x98, 0x99, 0x84, 0xa7, 0xe7, 0x4c,
  0xcb, 0x7a, 0x1a, 0x58, 0xa1, 0x35, 0x90, 0x8a, 0xca, 0x42, 0xab, 0x05, 0xdf, 0x37, 0x30, 0x5d,
  0x87, 0xd9, 0x57, 0xdd, 0x73, 0xf2, 0xd7, 0xc8, 0x9c, 0xda, 0x8c, 0x41, 0x6d, 0x55, 0xce, 0x34,
  0x5c, 0xd5, 0xe6, 0x48, 0xd9, 0xd5, 0x7f, 0x6d, 0x16, 0x45, 0xcb, 0x94, 0x59, 0x62, 0xf5, 0x17,
  0x1f, 0xa2, 0x4d, 0xf9, 0x2c, 0xa1, 0x21, 0xdd, 00, 00, 00, 0x04, 0x73, 0x42, 0x49, 0x54,
  0x08, 0x08, 0x08, 0x08, 0x7c, 0x08, 0x64, 0x88, 00, 00, 0x20, 00, 0x49, 0x44, 0x41, 0x54,
  0x78, 0x9c, 0xec, 0xbd, 0x77, 0x74, 0x5c, 0xd5, 0xb9, 0x36, 0xfe, 0xbc, 0x7b, 0x9f, 0x36, 0x5d,
  0x5d, 0x96, 0x2d, 0xcb, 0x05, 0x17, 0x6c, 0xc0, 0x86, 00, 0xa6, 0x06, 0x53, 0xec, 0x70, 0x43,
  0x80, 0x14, 0x12, 0x02, 0x3f, 0xa7, 0x90, 0xe4, 0xde, 0x2c, 0xbe, 0x50, 0x2e, 0x49, 0xb8, 0x29,
  0x24, 0x97, 00, 0x09, 0x37, 0x8d, 0x24, 0x24, 0x24, 0x1f, 0x8b, 0x90, 0x02, 0x1f, 0xbe, 0x71,
  0x08, 0x25, 0x97, 0xc0, 0x25, 0x60, 0x70, 0x68, 0x26, 0x18, 0x30, 0x18, 0x1b, 0x6c, 0xb0, 0x71,
  0xb7, 0x24, 0x5b, 0xbd, 0x4d, 0x39, 0x73, 0xce, 0xd9, 0x7b, 0xff, 0xfe, 0x18, 0xcd, 0x68, 0x46,
  0x9a, 0x91, 0x66, 0x64, 0x19, 0xd9, 0x42, 0xcf, 0x5a, 0xb3, 0x34, 0x3a, 0x65, 0x9f, 0xf7, 0x9c,
  0x39, 0xcf, 0xde, 0xef, 0x7e, 0xf7, 0x5b, 0x08, 0x93, 0x38, 0x62, 0xb0, 0x08, 0x1f, 0x0a, 0xf8,
  0x66, 0x89, 0x60, 0xa2, 0xb3, 0xcf, 0x5f, 0xee, 0xf3, 0x55, 0x31, 0x43, 0x9f, 0xc5, 0x39, 0x6b,
  0x30, 0x39, 0xa6, 0x09, 0x05, 0x1f, 0x03, 0x99, 0x12, 0x64, 0x31, 0x22, 0x0b, 00, 0xa4, 0x52,
  0x36, 0x83, 0xb2, 0x25, 0x54, 0x52, 0x2a, 0x16, 0x97, 0x4a, 0x36, 0x2b, 0x21, 0x76, 0xdb, 0x71,
  0xb1, 0x3b, 0xe6, 0xd9, 0xed, 0x7d, 0xdd, 0xf1, 0xf8, 0x0e, 0xb4, 0x47, 0x81, 0xe6, 0xf8, 0x78,
  0xdf, 0xdb, 0x24, 0x8a, 0x03, 0x8d, 0xb7, 00, 0x93, 0x18, 0x1e, 0x0b, 0xad, 0x13, 0x1b, 0x6a,
  0x2a, 0x42, 0xf3, 0x34, 0x43, 0x9b, 0xab, 0x11, 0x9b, 0xaa, 0x18, 0x6a, 0x41, 0x5a, 0x05, 0x23,
  0x61, 0x1e, 0x4c, 0xbb, 0x4a, 0x30, 0x5b, 0x2a, 0xb7, 0x53, 0x11, 0x1d, 0x90, 0x24, 0x9b, 0x3d,
  0x1b, 0xdb, 0x76, 0x36, 0x75, 0x6e, 0xdd, 0x87, 0x0d, 0xcd, 0x63, 0x25, 0xfb, 0x24, 0xc6, 0x1e,
  0x93, 0x84, 0x3d, 0xfc, 0x40, 00, 0xb4, 0x33, 0xa7, 0x9c, 0x7d, 0x46, 0x20, 0x60, 0x7e, 0x8c,
  0x94, 0x9a, 0x4d, 0x9c, 0xde, 0x93, 0xdf, 0x49, 0x09, 0xa5, 0x04, 0xf8, 0xdb, 0x76, 0x4f, 0xf7,
  0x43, 0x53, 0x3a, 0xea, 0x5f, 0x7b, 00, 0x0f, 0x48, 00, 0xea, 0xbd, 0xb8, 0xf6, 0x24, 0x8a,
  0xc3, 0x24, 0x61, 0x0f, 0x13, 0x34, 0xe0, 0xb8, 0xf2, 0x63, 0xe6, 0xd4, 0x2f, 0x12, 0x4a, 0x2c,
  0x01, 0xf1, 0xe3, 0x39, 0xc9, 0xf0, 0x78, 0xca, 0x43, 0x12, 0xed, 0x49, 0xe1, 0x6d, 0xf0, 0x5c,
  0xef, 0xd5, 0xe7, 0x9a, 0xb6, 0xbc, 0x09, 0xb4, 0x45, 0xc7, 0x53, 0x9e, 0x49, 0xa4, 0x30, 0x49,
  0xd8, 0xf1, 0x87, 0xef, 0x9c, 0x86, 0x65, 0x17, 0x19, 0x1a, 0x9d, 0x03, 0xe2, 0x35, 0x8c, 0x29,
  0x63, 0xbc, 0x05, 0xca, 0x46, 0x4a, 0x75, 0x56, 0xcd, 0x09, 0x95, 0x7c, 0xfc, 0x85, 0xdd, 0xcf,
  0xfc, 0x03, 0x80, 0x3b, 0xde, 0x32, 0xbd, 0x9f, 0x31, 0x49, 0xd8, 0x71, 0xc2, 0x12, 0x9c, 0x57,
  0x19, 0xa8, 0x97, 0xa7, 0x58, 0x96, 0xfe, 0x69, 0x10, 0x55, 0x8c, 0xb7, 0x3c, 0xc5, 0x40, 0x4a,
  0xd9, 0x98, 0x88, 0xc7, 0x56, 0xbd, 0xb5, 0xbf, 0xf5, 0x8d, 0x4e, 0x6c, 0xef, 0x1d, 0x6f, 0x79,
  0xde, 0x8f, 0x98, 0x24, 0xec, 0x7b, 0x0f, 0x3a, 0xbb, 0xfe, 0xec, 0xf3, 0x0d, 0xc3, 0xfa, 0x10,
  0x67, 0x38, 0x0a, 0xa4, 0xd8, 0x78, 0x0b, 0x54, 0x0a, 0x14, 0x98, 0xab, 0x24, 0xde, 0x4e, 0x46,
  0x13, 0x8f, 0x3e, 0xdb, 0xf2, 0xec, 0xba, 0xf1, 0x96, 0xe7, 0xfd, 0x86, 0x49, 0xc2, 0xbe, 0x77,
  0xa0, 0x99, 0x58, 0x58, 0x7b, 0xcc, 0x9c, 0xe9, 0xdf, 0x94, 0x84, 0x39, 0xe3, 0x2d, 0xcc, 0x58,
  0x20, 0x29, 0xb0, 0xf6, 0x1f, 0x3b, 0x5f, 0xfb, 0xbf, 0x40, 0x7b, 0xdf, 0x78, 0xcb, 0xf2, 0x7e,
  0xc1, 0x24, 0x61, 0xdf, 0x1b, 0xe8, 0xe7, 0x4c, 0x5b, 0xf6, 0x21, 0xdd, 0x64, 0x1f, 0xe7, 0x9c,
  0x6a, 0xc7, 0x5b, 0x98, 0xb1, 0x84, 0x10, 0xf4, 0xae, 0x13, 0xb3, 0xff, 0x32, 0x39, 0xda, 0xbe,
  0x37, 0x98, 0x24, 0xec, 0x21, 0x46, 0x03, 0x8e, 0x2b, 0x5f, 0x74, 0xf4, 0x8c, 0x6b, 0x3d, 0x21,
  0x16, 0x13, 0xa4, 0x3e, 0xde, 0xf2, 0x8c, 0x35, 0x94, 0x60, 0x4a, 0x31, 0xe9, 0x08, 0x29, 0xd6,
  0xec, 0xde, 0xb9, 0xfb, 0x0f, 0xdb, 0xb1, 0x3d, 0x39, 0xde, 0x32, 0x4d, 0x64, 0xf0, 0xf1, 0x16,
  0x60, 0x22, 0xe3, 0x78, 0xeb, 0xd4, 0x99, 0x33, 0x1b, 0x2a, 0xaf, 0x53, 0x82, 0x16, 0x13, 0x93,
  0x13, 0xf2, 0x59, 0x13, 0x53, 0x44, 0x04, 0x8d, 0x91, 0x3e, 0xbb, 0xac, 0x3c, 0x32, 0x15, 0x5d,
  0x81, 0xed, 0x5d, 0x68, 0x89, 0x8d, 0xb7, 0x5c, 0x13, 0x15, 0x13, 0xf2, 0x25, 0x3a, 0x1c, 0xb0,
  0xb4, 0xf2, 0xf4, 0x93, 0x23, 0xd5, 0xa1, 0xaf, 0x71, 0xce, 0x66, 0x11, 0x53, 0x13, 0x5e, 0x93,
  0x21, 0x52, 0x8c, 0x24, 0x6f, 0xa8, 0xa8, 0x08, 0x2e, 0xae, 0x41, 0x4d, 0x63, 0xa3, 0xdd, 0xd8,
  0x3a, 0xde, 0x32, 0x4d, 0x44, 0x4c, 0x12, 0x76, 0xec, 0x41, 0xa7, 0x97, 0x9d, 0x7e, 0x7c, 0xb0,
  0x32, 0xfc, 0x35, 0xc6, 0x50, 0x39, 0xde, 0xc2, 0xbc, 0x97, 0xe8, 0x1f, 0x6d, 0xcb, 0x0c, 0xcb,
  0xfc, 0xc0, 0x54, 0xaa, 0xda, 0xba, 0x37, 0xd1, 0xd4, 0x36, 0xde, 0x32, 0x4d, 0x34, 0x4c, 0x12,
  0x76, 0x6c, 0xc1, 0xce, 0x9c, 0x72, 0xf6, 0xd2, 0x40, 0x28, 0x78, 0x1d, 0xe3, 0x2a, 0x34, 0xde,
  0xc2, 0x8c, 0x17, 0x88, 0xe0, 0xe3, 0xa6, 0x71, 0x72, 0xbd, 0x7f, 0xfa, 0x81, 0x3d, 0x7d, 0x7b,
  0x9a, 0xc6, 0x5b, 0x9e, 0x89, 0x84, 0x49, 0xc2, 0x8e, 0x21, 0xce, 0xa8, 0x3a, 0xe3, 0xc4, 0x50,
  0x28, 0x70, 0x0d, 0xe3, 0x2a, 0x38, 0xde, 0xb2, 0x8c, 0x37, 0x18, 0x23, 0x4b, 0xd3, 0xf4, 0x45,
  0x95, 0xaa, 0x72, 0x7b, 0x93, 0xdd, 0xd4, 0x32, 0xde, 0xf2, 0x4c, 0x14, 0x4c, 0x12, 0x76, 0x8c,
  0x70, 0x6a, 0xd5, 0xa9, 0x1f, 0x08, 0x85, 0x23, 0xd7, 0x31, 0xae, 0xc6, 0xd5, 0x07, 0xf8, 0x70,
  0x02, 0x11, 0x2c, 0xd3, 0x67, 0x1d, 0x57, 0x21, 0x2a, 0xde, 0x6a, 0x4e, 0x36, 0x77, 0x8d, 0xb7,
  0x3c, 0x13, 0x01, 0x93, 0x84, 0x1d, 0x03, 0x9c, 0x1e, 0x39, 0xfd, 0xa8, 0xf2, 0x8a, 0xf0, 0x7f,
  0x10, 0xc7, 0x11, 0xe1, 0x62, 0xf8, 0x5e, 0x82, 0x08, 0x01, 0xd3, 0x67, 0x2d, 0xf2, 0xba, 0xca,
  0x5e, 0xeb, 0xc1, 0xfe, 0xc9, 00, 0x82, 0x83, 0xc4, 0x11, 0xe5, 0x16, 0x77, 0x98, 0xc2, 0x1f,
  0xaa, 0x8c, 0xac, 0x50, 0x0c, 0x55, 0xe3, 0x2d, 0xc8, 0xe1, 0x0a, 0xa6, 0x30, 0x75, 0xee, 0xac,
  0xca, 0x15, 00, 0x0e, 0xab, 0xc0, 0x86, 0x23, 0x11, 0x93, 0x23, 0xec, 0xc1, 0x81, 0x2d, 0x9f,
  0xb9, 0xfc, 0x8b, 0x8c, 0xe3, 0x83, 0x44, 0x93, 0x9d, 0x5f, 0x21, 0x10, 0x23, 0x62, 0x8c, 0x4f,
  0x9b, 0x1e, 0x9c, 0xee, 0xed, 0xee, 0xd9, 0xbd, 0x79, 0xbc, 0xe5, 0x39, 0x92, 0x31, 0x49, 0xd8,
  0x83, 0xc0, 0x59, 0xd3, 0xce, 0x3d, 0xc7, 0xb2, 0xb4, 0xcf, 0x4d, 0x92, 0x75, 0x64, 0x10, 0x14,
  0xd7, 0x34, 0xbe, 0xb8, 0x12, 0x55, 0x1b, 0x9b, 0x26, 0x97, 0x7b, 0x46, 0x8d, 0xc9, 0x17, 0x6d,
  0x94, 0x38, 0x0a, 0x8b, 0x6a, 0x2c, 0x43, 0xfb, 0xd8, 0x78, 0xcb, 0x71, 0xa4, 0xa1, 0x2c, 0x52,
  0xb6, 0xa2, 0x02, 0x73, 0x26, 0x0d, 0x73, 0xa3, 0xc4, 0x24, 0x61, 0x47, 0x89, 0xa3, 0x66, 0x4d,
  0xb9, 0x88, 0x73, 0x36, 0x63, 0xbc, 0xe5, 0x38, 0xd2, 0xc0, 0x39, 0x5b, 0xb8, 0xb8, 0x7e, 0xd6,
  0x99, 0xe3, 0x2d, 0xc7, 0x91, 0x8a, 0xf7, 0xbb, 0x4a, 0x4c, 0x40, 0xa0, 0x36, 0x18, 0x8c, 0x9c,
  0xc4, 0xb9, 0x56, 0xeb, 0x79, 0xc9, 0x04, 0x52, 0x19, 0x15, 0xe4, 0x70, 0x27, 0x9d, 0x52, 0x71,
  0xca, 0xc2, 0x40, 0xd0, 0x77, 0x0d, 0xa8, 0x88, 0xe0, 0x09, 0xa1, 0x52, 0x59, 0x91, 0xd8, 0x30,
  0x87, 0xa6, 0x8f, 0x19, 0xe9, 0xb8, 0xf7, 0x12, 0x42, 0x1d, 0x1a, 0x59, 0x48, 0x31, 0xce, 0xd9,
  0x02, 0xd6, 0xc5, 0x9e, 0xeb, 0x40, 0xc7, 0x64, 0xb6, 0xc6, 0x12, 0xa1, 0x8d, 0xb7, 00, 0xe3,
  0x04, 0x06, 0xf8, 0xa7, 0x94, 0x97, 0x87, 0x96, 0x6a, 0x9a, 0xfa, 0x17, 0x22, 0x76, 0x8c, 0x52,
  0x5a, 0x9f, 0xdf, 0x6f, 0x6e, 0xb4, 0x6d, 0x7a, 0x3c, 0x16, 0x6b, 0x7d, 0x0e, 0x40, 0xa1, 0xa8,
  0x13, 0x5f, 0xa4, 0x3c, 0xf2, 0x85, 0x91, 0x2e, 0x20, 0x85, 0x24, 0x4f, 0xba, 0xdc, 0x91, 0x9e,
  0xa6, 0x31, 0x5d, 0x6a, 0x20, 0x01, 0x30, 0xc5, 0xb2, 0x92, 0x9a, 0x49, 0x80, 00, 0x49, 0x90,
  0x80, 0x84, 0x22, 0x09, 0x10, 0x93, 0x4a, 0x31, 0xa6, 0x49, 0x06, 0x28, 0x06, 0xa6, 0xc0, 0xc7,
  0x90, 0x34, 0x22, 0x37, 0x9f, 0x9a, 0x84, 0x24, 0x99, 0x8e, 0xd8, 0x92, 0x92, 0xd2, 0xff, 0x4b,
  0x29, 0x99, 0x84, 0x64, 0xd2, 0x03, 0x83, 0xea, 0xf7, 0x83, 0x26, 0x48, 0x06, 0x92, 0xe9, 0x7b,
  0x61, 0x8c, 0x4b, 0xc6, 0xd9, 0xa8, 0x12, 0xb4, 0x11, 0x53, 0xc1, 0x69, 0xb3, 0x1a, 0xbe, 0xb0,
  0x6d, 0xd7, 0xb6, 0xdb, 0x30, 0x99, 0xe4, 0xad, 0x24, 0xbc, 0x1f, 0x09, 0xeb, 0x0f, 0x06, 0xab,
  0x4e, 0x36, 0x4d, 0xed, 0xf3, 0x96, 0x65, 0x9c, 0x13, 0x89, 0x44, 0x6a, 0x34, 0x8d, 0x5b, 0x7d,
  0x7d, 0x51, 0x61, 0x27, 0x12, 0x8b, 0x95, 0x72, 0xbb, 0x63, 0xb1, 0xf2, 0x97, 0x81, 0xae, 0xbc,
  0x84, 0xfd, 0x60, 0xcd, 0x07, 0x3f, 0xc0, 0x14, 0x9f, 0x59, 0x68, 0x10, 0xf6, 0x84, 0x60, 0x31,
  0xd7, 0x0e, 0xc4, 0x65, 0x6f, 0xb9, 0xed, 0xb9, 0x3e, 0x5d, 0xd3, 0x93, 0x86, 0x34, 0xe2, 0x1a,
  0x74, 0x9b, 0x83, 0x04, 0x67, 0x3c, 0x7d, 0x22, 0x49, 0x25, 0x99, 0x24, 0xc5, 0x85, 0x54, 0x5c,
  0x29, 0xc1, 0x88, 0x24, 0x01, 0x24, 0x38, 0x69, 0x1e, 0x53, 0xcc, 0xd3, 0x18, 0x17, 0x4c, 0x32,
  0xa9, 0x81, 0x0d, 0x3b, 0xe2, 0x17, 0x83, 0x01, 0x72, 0x12, 0x49, 0x29, 0x48, 0x42, 0x31, 0x09,
  0x49, 0x4a, 0x11, 0x17, 0xca, 0x65, 0x42, 0x29, 0x0d, 0xe4, 0x69, 0xae, 0x94, 0x9a, 0x50, 0x9e,
  0xee, 0x41, 0x1a, 0xbe, 0xa0, 0xcf, 0x30, 0x2c, 0x43, 0xf7, 0x84, 0xa7, 0xf5, 0xc5, 0xa3, 0x2c,
  0x11, 0xb7, 0x61, 0x72, 0x6e, 0xfb, 0x94, 0xbf, 0xdb, 0xaf, 0x05, 0xba, 0x82, 0x9a, 0x15, 0x37,
  0x98, 0xee, 0x8d, 0xa6, 0x53, 0x31, 0x98, 0x71, 0xc2, 0xa9, 0x95, 0xa7, 0x1e, 0xbd, 0xae, 0x63,
  0xdd, 0xdb, 0x07, 0x7b, 0x6f, 0xef, 0x27, 0xbc, 0xdf, 0x08, 0xeb, 0x2b, 0x2b, 0xab, 0x5d, 0xae,
  0xeb, 0xfc, 0xdf, 0x75, 0x9d, 0x9d, 0x54, 0x5b, 0x5b, 0x13, 0x3a, 0xef, 0xbc, 0x73, 0x11, 0x08,
  0xf8, 0xf1, 0xec, 0xb3, 0xcf, 0xb3, 0x1d, 0x3b, 0x76, 0x44, 0x5c, 0x4f, 0x44, 0x81, 0x2e, 0x51,
  0xe0, 0x7c, 0xe6, 0x0f, 0xf9, 0xcf, 0x25, 0x26, 0xad, 0xbc, 0x7b, 0x85, 0x42, 0xc2, 0xb5, 0xfd,
  0x9d, 0x5e, 0xe7, 0x94, 0xb8, 0x8a, 0xd5, 0x49, 0x92, 0x5c, 0x13, 0xa6, 0xad, 0x51, 0x32, 0xa6,
  0x81, 0xdb, 0x3a, 0xe9, 0x2e, 0x29, 0x48, 0x05, 0x90, 0x82, 0xe4, 0x20, 0x30, 0xe1, 0x0a, 0x2e,
  0x49, 0x70, 0xa1, 0x84, 0x06, 0x02, 0x93, 0x42, 0x41, 0x23, 0xe6, 0x32, 0xa6, 0xdb, 0xba, 0xd4,
  0x1c, 0x4d, 0x69, 0x2e, 0xe3, 0x4c, 00, 0x80, 0x84, 0x64, 0x0c, 0x92, 0x0b, 0x10, 0x41, 0x2a,
  00, 0x04, 0x30, 0xa5, 0x48, 0x91, 0x22, 0x22, 0xc1, 0xc0, 0x24, 0x03, 0x13, 0x8c, 0x98, 0x64,
  0xc4, 0x14, 0xa0, 0x14, 00, 0x28, 0x10, 0x29, 0x25, 0x52, 0x1d, 0x04, 0x14, 0x17, 0x52, 0x70,
  0xa1, 0x24, 0x97, 0x80, 0xee, 0x41, 0x6a, 0x52, 0x39, 0x86, 0x24, 0x65, 0x48, 0x92, 0x7a, 0x20,
  0x14, 0x30, 0xa6, 0x37, 0x4c, 0xd7, 0xa7, 0x4e, 0x9b, 0xa6, 0xcd, 0x3e, 0x6a, 0x36, 0xab, 0xac,
  0xac, 0xe2, 0x49, 0x27, 0x49, 0xef, 0x6c, 0x7d, 0x9b, 0x36, 0xbe, 0xb1, 0x11, 0x7b, 0xf7, 0x36,
  0x4a, 0xdb, 0xed, 0x09, 0xd9, 0xae, 0xed, 0xf7, 0x54, 0xb8, 0xc3, 0x24, 0x33, 0xe6, 0xd3, 0xf4,
  0xa4, 0xc6, 0x74, 0x51, 0xca, 0x88, 0xcb, 0x48, 0x06, 0x82, 0xa1, 0xe0, 0xd9, 0xe8, 0xc0, 0x3b,
  0x98, 0x1c, 0x65, 0x8b, 0xc6, 0xfb, 0x8c, 0xb0, 0x61, 0x1f, 0xe7, 0xbc, 0x5e, 0xd3, 0xd8, 0x0c,
  0xce, 0x79, 0x70, 0xda, 0xb4, 0xa9, 0x38, 0xf5, 0xd4, 0x53, 0xe0, 0xf7, 0xfb, 0xf1, 0xce, 0x3b,
  0x5b, 0xb1, 0x7b, 0xf7, 0x6e, 00, 0x92, 0x50, 0xe0, 0x05, 0x3a, 0x3e, 0x7c, 0xca, 0x51, 0x44,
  0x38, 0xb1, 0x50, 0xeb, 0x1e, 0x24, 0xf3, 0xe0, 0x6a, 0x0a, 0xc2, 0xd4, 0x74, 0xcd, 0x20, 0x8d,
  0x4c, 0xcf, 0x15, 0x96, 0x20, 0x19, 0x94, 0x24, 0x3d, 0x57, 0xba, 0x92, 0x31, 0x28, 0x45, 0x44,
  0x50, 0x20, 0xa5, 0x24, 0x33, 0x42, 0x26, 0x55, 0x55, 0xd5, 0xb0, 0x50, 0xc8, 0xcf, 0x38, 0xd3,
  0x59, 0x6a, 0x5a, 0x4c, 0x82, 0x73, 0x72, 0x18, 0x34, 0x87, 0xa4, 0xf2, 00, 0x92, 0x9c, 0x33,
  0x28, 0x10, 0x27, 0x0d, 0x3a, 0x01, 0x9a, 0x82, 0x62, 0x9c, 0x73, 0xd2, 0x34, 0x4d, 0x28, 0x01,
  0xc1, 0x18, 0x73, 0xe1, 0xc9, 0xa4, 0x70, 0xc9, 0x23, 0x28, 0x41, 0x04, 0xc1, 0xc0, 0x14, 0x88,
  00, 0x02, 0xe3, 0x8c, 0x31, 0x10, 0xe3, 0xdc, 0x60, 0x1a, 0x38, 0x69, 0x8a, 0x48, 0x67, 0x9c,
  0x34, 0x05, 0xa9, 0x49, 0xe5, 0x71, 0x4f, 0x81, 0x5b, 0xa6, 0xc1, 0xa6, 0x4d, 0x9b, 0x46, 0x27,
  0x2f, 0x39, 0x19, 0x47, 0x1f, 0x3d, 0x9f, 0x02, 0x81, 00, 0x38, 0xe7, 0x70, 0x1c, 0x07, 0x6d,
  0x6d, 0xad, 0x78, 0xfd, 0xf5, 0x0d, 0x78, 0x79, 0xdd, 0xcb, 0xbc, 0xad, 0xad, 0x3d, 0xb8, 0xfd,
  0x9d, 0x1d, 0xd4, 0xdd, 0x19, 0xd5, 0x2d, 0x96, 0xec, 0x8b, 0xbb, 0x5a, 0xdc, 0x24, 0x2b, 0xe1,
  0xd7, 0x74, 0xdb, 0x62, 0x96, 0x53, 0xd4, 0x88, 0x4b, 0x8a, 0x69, 0x5c, 0x3b, 0x0b, 0xc0, 0xbd,
  00, 0x26, 0xe7, 0xb2, 0x45, 0x62, 0x22, 0x11, 0x96, 0x01, 0xb0, 00, 0x38, 00, 0xbc, 0xac,
  0xed, 0xd4, 0xbf, 0xcf, 0xa7, 0xeb, 0x98, 0xc3, 0x98, 0x3a, 0x41, 0x29, 0x59, 0xc3, 0x98, 0x4e,
  0x9a, 0xa6, 0xc3, 0x30, 0x0c, 0x78, 0x9e, 0x07, 0x29, 0x25, 0x88, 0x08, 0x9a, 0x66, 0x1c, 0x07,
  0xf8, 0xc3, 0x40, 0x7c, 0x70, 0x10, 0x36, 0x55, 0x56, 0x05, 0x3f, 0x43, 0x94, 0xc7, 0x50, 0x27,
  0x14, 0x3c, 0x78, 0x3c, 0xe1, 0x38, 0x86, 0x2d, 0x93, 0x41, 0xe6, 0xd3, 0x03, 0xe7, 0x2f, 0x3b,
  0x57, 0x9b, 0x39, 0x7b, 0x26, 0x31, 0xc6, 0x38, 0x11, 0x71, 0xe1, 0x49, 0x03, 0x94, 0xee, 0x07,
  0x08, 0xba, 0xc6, 0x01, 0x22, 0xb2, 0x2c, 0x13, 0xb5, 0x53, 0xea, 0x50, 0x5b, 0x5b, 0x0b, 0xc3,
  0x30, 0x40, 0x44, 0x80, 0x52, 0x5c, 0x49, 0xa5, 0x83, 0x28, 0xc0, 0x18, 0xa9, 0x54, 0x1a, 0x71,
  0x96, 0xba, 0x15, 0x02, 0x19, 0xba, 0x46, 00, 0xc0, 0x39, 0x87, 0xa6, 0xe9, 0x4a, 0x2a, 0x05,
  0x46, 0xa4, 0x94, 0x42, 0xda, 0x7a, 0xa5, 0xa0, 0x48, 0x32, 0xc6, 0xc0, 0x39, 0x43, 0x3f, 0x57,
  0x19, 0x63, 0x20, 0x02, 0x41, 0x81, 0x08, 0xa4, 0x08, 0x8a, 0xc0, 0x78, 0xff, 0x89, 0x0a, 0xe0,
  0x9c, 0xc0, 0xb9, 0x06, 0xd3, 0x34, 0xa1, 0xeb, 0x1a, 0x18, 0x4b, 0x2d, 0x22, 0xf8, 0x7c, 0x16,
  0xc2, 0xe1, 0x10, 0xa6, 0x4d, 0x9b, 0x86, 0xe5, 0xcb, 0x97, 0xa1, 0xa7, 0xa7, 0x57, 0x5b, 0xf5,
  0xa7, 0x55, 0xa1, 0x87, 0x1e, 0x7c, 0xd8, 0xea, 0xee, 0xee, 0xa9, 0x60, 0x60, 0x49, 0x1f, 0x19,
  0x3d, 0xae, 0x0a, 0x74, 0x48, 0x8e, 0x6e, 0x3f, 0xac, 0x64, 0x31, 0xa4, 0x25, 0xa6, 0x82, 0x67,
  0x1f, 0x75, 0xde, 0x45, 0xcf, 0xee, 0x58, 0x73, 0x7f, 0x09, 0xbf, 0xf3, 0xfb, 0x1a, 0x13, 0x89,
  0xb0, 0x65, 0x7e, 0x7f, 0xf9, 0x19, 0x9a, 0xc6, 0xa6, 0xc7, 0xe3, 0xf2, 0x4d, 0x22, 0x19, 0xd3,
  0x75, 0x6d, 0xba, 0xdf, 0x6f, 0x4c, 0x01, 0x28, 0x44, 0xe4, 0xcd, 0xe2, 0x5c, 0x5b, 0x04, 0xf0,
  0x05, 0x9c, 0x93, 0xbf, 0xbc, 0xbc, 0x1c, 0x0b, 0x17, 0x2e, 0x40, 0x5d, 0x5d, 0x1d, 0x9a, 0x9a,
  0x9a, 0x20, 0x85, 0x04, 0x67, 0x9c, 0x38, 0xa3, 0x65, 0xd5, 0xd5, 0x91, 0xab, 0x7b, 0x7a, 0xcc,
  0xfb, 0x1d, 0xa7, 0x6b, 0x1f, 0x80, 0x18, 00, 0x6f, 0x3e, 0x16, 0xcd, 0xd0, 0x88, 0x2f, 0x96,
  0x42, 0x92, 0x84, 0x22, 0x29, 0x3d, 0xe6, 0x49, 0x62, 0x42, 0x7a, 0x5c, 0x40, 0xe8, 0x02, 0xc2,
  0x8c, 0xcb, 0x58, 0xc8, 0xe6, 0x4e, 0xe5, 0xcc, 0xe9, 0xf5, 0x91, 0x4f, 0x5e, 0xfa, 0x49, 0x7e,
  0xf2, 0x92, 0x25, 0x30, 0x8c, 0x54, 0x56, 0x18, 0xa5, 0x72, 0x2d, 0xca, 0x6c, 0x90, 0x05, 0x96,
  0xb2, 0x92, 0xfb, 0xa7, 0x14, 0xd9, 0xcc, 0xf1, 0x43, 0xde, 0xfc, 0xf4, 0xa1, 0xfd, 0x44, 0xcb,
  0x7b, 0x9c, 0x52, 0xc5, 0x69, 0x99, 0x83, 0x6b, 0x0a, 0xe4, 0x9e, 0x47, 0x19, 0xd9, 0x88, 0x08,
  0x7e, 0xbf, 0x1f, 0x7e, 0xbf, 0x1f, 0x15, 0x15, 0x15, 0xf8, 0xf4, 0x65, 0x9f, 0x66, 0x3b, 0x76,
  0x6c, 0x37, 0x5f, 0x58, 0xfb, 0xa2, 0xe9, 0xba, 0x8e, 0x5f, 0x29, 0xc9, 0x98, 0xd4, 0x5c, 0x06,
  0xcd, 0x05, 00, 0x03, 0x86, 0xab, 0x81, 0xc9, 0x91, 0x88, 0x6b, 0x42, 0xfb, 0xe8, 0x22, 0x7c,
  0xe8, 0xb1, 0x4d, 0x58, 0x3d, 0x5c, 0x96, 0x8a, 0x74, 0xa7, 0x9b, 0xfe, 0xce, 0x01, 0x98, 0xa9,
  0x8f, 0xcf, 0x04, 0x94, 0x0e, 0x28, 0x9e, 0x11, 0x18, 0xc9, 0x77, 0x8b, 0xba, 0xf9, 0x23, 0x10,
  0x13, 0x85, 0xb0, 0x86, 0xcf, 0x17, 0x9e, 0x6b, 0x59, 0xda, 0x67, 0x34, 0x8d, 0x9d, 0x1f, 0x0c,
  0x1a, 0x9d, 0x9c, 0x93, 0xae, 0x69, 0x7a, 0x7d, 0x9a, 0x08, 0xd9, 0x84, 0x20, 0x22, 0x94, 0x95,
  0x45, 0x30, 0x6f, 0xde, 0x5c, 0xd4, 0xd5, 0xd5, 0xa1, 0xbb, 0xbb, 0x1b, 0xba, 0xa1, 0x83, 0x6b,
  0x9c, 0x0c, 0xd3, 0xa8, 0x03, 0xe1, 0xfa, 0x8a, 0x0a, 0xff, 0xf9, 0x52, 0xfa, 0x5f, 0xf1, 0x3c,
  0xf5, 0x5c, 0x5f, 0x5f, 0x72, 0xb7, 0x51, 0xa1, 0x9f, 0xd3, 0xe7, 0x46, 0xcb, 0x5d, 0x29, 0x74,
  0x70, 0xa5, 0x4b, 0x92, 0x66, 0x12, 0x9e, 0xe5, 0x91, 0xeb, 0x13, 0x10, 0x3e, 0x8f, 0x3c, 0x4b,
  0x31, 0x61, 0x19, 0x86, 0xce, 0xe7, 0x2f, 0x3c, 0x1a, 0x35, 0x35, 0xd5, 0x39, 0xa3, 0x14, 0x95,
  0x50, 0x6d, 0xa3, 0x94, 0xc2, 0x1c, 0xd9, 0xc7, 0x12, 0x51, 0x16, 0xe1, 0x4a, 0x37, 0x04, 0x29,
  0xa5, 0x06, 0x75, 0x1c, 0xfd, 0x3d, 0x07, 0x0d, 0x5d, 0xae, 0x9f, 0x39, 0x73, 0x06, 0x3e, 0x71,
  0xc9, 0x27, 0xb0, 0x67, 0xef, 0x5e, 0xec, 0xdd, 0xbb, 0x8f, 0x49, 0x4f, 0x04, 0xe3, 0x2a, 0x26,
  0xa4, 0x27, 0xb9, 0xab, 0xdc, 0x3e, 0x5d, 0xe8, 0xb6, 0xce, 0x34, 0x97, 0x5c, 0x28, 0x80, 0x43,
  0x41, 0x90, 0x54, 0x92, 00, 0x0e, 0xa5, 0x44, 0xe6, 0x22, 0x44, 0x2c, 0xec, 0x96, 0x75, 0x5f,
  0x82, 0x6e, 0x6b, 0x2d, 0x32, 0x96, 0x3c, 0xcd, 0x07, 0x88, 0x90, 0x69, 0x1a, 0x11, 0xc6, 0x50,
  0xc6, 0x39, 0x2b, 0x27, 0xe2, 0x11, 0xc6, 0x54, 0x05, 0x11, 0x6a, 0x89, 0xd8, 0x4c, 0x22, 0xd4,
  0x73, 0xce, 0x02, 0x44, 0xca, 0x52, 0x0a, 0x4c, 0x29, 0xf2, 00, 0xc4, 0x18, 0xe3, 0x4e, 0x6b,
  0x6b, 0xf3, 0xbc, 0x92, 0x6f, 0xfe, 0x08, 0xc1, 0x44, 0x20, 0x2c, 0x01, 0x30, 0x18, 0xa3, 0x90,
  0x52, 0xca, 0xa8, 0xa9, 0xa9, 0x31, 0xcf, 0x3f, 0xff, 0x43, 0x33, 0x35, 0x4d, 0xcf, 0xbc, 0x14,
  0x9a, 0xa6, 0x41, 0xd7, 0x75, 0x10, 0xa5, 0xbe, 0x4b, 0x29, 0xe1, 0x79, 0x1e, 0xca, 0xcb, 0xcb,
  0x91, 0x52, 0x1b, 0x39, 0xea, 0xea, 0xa6, 0x62, 0xda, 0xb4, 0x16, 0x74, 0x77, 0x77, 0xc3, 0xf3,
  0x3c, 0xc3, 0x75, 0xbd, 0xc5, 0x80, 0x9a, 0x4a, 0xc4, 0x16, 0xd5, 0xd5, 0xb1, 0x76, 0x0d, 0x72,
  0x41, 0x02, 0x76, 0x35, 0xd7, 0x0d, 0x7d, 0xda, 0xf4, 0x69, 0xda, 0xf4, 0xe9, 0xf5, 0xdc, 0xb4,
  0x4c, 0xae, 0xa0, 0x18, 0x94, 0xcc, 0xa8, 0xd5, 0x9e, 0xe7, 0xe1, 0xa4, 0x25, 0x27, 0xa3, 0xac,
  0xbc, 0xbc, 0x24, 0x92, 0xbe, 0x57, 0xc8, 0x25, 0xf5, 0xe8, 0xa1, 0x69, 0x1a, 0xce, 0x3e, 0xfb,
  0x6c, 0x08, 0x21, 0xf0, 0xd0, 0x43, 0x0f, 0xe1, 0xc0, 0xfe, 0x56, 0x7d, 0xff, 0xfe, 0xfd, 0xe5,
  0x52, 0xaa, 0x40, 0x4c, 0xc4, 0x93, 0x50, 0x52, 0x08, 0x91, 0xb2, 0x4e, 0x13, 0x14, 0x93, 0x20,
  0x82, 0x4a, 0x59, 0xc3, 0x25, 0x14, 0xa3, 0x94, 0x76, 0x0e, 0xa5, 0x48, 0x92, 0x1f, 0x73, 0xea,
  0x7c, 0x55, 0xdb, 0x38, 0xe7, 0x31, 0x29, 0x65, 0x88, 0x88, 0x6a, 0x01, 0x55, 0x06, 0xc0, 0x62,
  0x8c, 0x1b, 0x8c, 0x91, 0xc6, 0x18, 0xe3, 0x9c, 0x73, 0x36, 0xf0, 0x48, 0xf3, 0x3e, 0xdb, 0x2a,
  0xc7, 0x71, 0x0e, 0xfa, 0xde, 0x0e, 0x67, 0x1c, 0x7e, 0x6f, 0x54, 0xe9, 0x60, 00, 0x42, 0x81,
  0x40, 0xe4, 0x14, 0xcb, 0xd0, 0xaf, 0x5a, 0x74, 0xfc, 0x09, 0xe7, 0xdf, 0x79, 0xe7, 0xaf, 0x0d,
  0xcb, 0x32, 0x28, 0xfb, 0xbd, 0x4c, 0x4d, 0xe0, 0x28, 0x43, 0x22, 0xc7, 0x71, 0x60, 0x18, 0x06,
  0x02, 0x81, 00, 0x7a, 0x7a, 0x7a, 0xd1, 0xd9, 0xd9, 0x81, 0xae, 0xae, 0x2e, 0x74, 0x74, 0x74,
  0x22, 0x99, 0x4c, 0x66, 0x5e, 0x6a, 0xce, 0x07, 0xce, 0x63, 0x8c, 0x41, 0xd3, 0x74, 0x94, 0x97,
  0x97, 0xa1, 0xba, 0xba, 0x3a, 0x33, 0xe7, 0x94, 0x52, 0xf6, 0xab, 0xa7, 0xa9, 0x73, 0x2c, 0xcb,
  0x42, 0x65, 0x65, 0x25, 0x7c, 0x3e, 0x1f, 0xf2, 0x8d, 0xf0, 0x63, 0x85, 0xc1, 0xc4, 0x1b, 0x89,
  0x8c, 0xc3, 0xc9, 0x90, 0x2d, 0x7f, 0xbe, 0xf6, 0xd3, 0xe7, 0x66, 0x6f, 0x53, 0x4a, 0x21, 0x91,
  0x48, 0x60, 0xe7, 0xce, 0x9d, 0xe8, 0xeb, 0xeb, 0x43, 0x47, 0x47, 0x07, 0x7a, 0x7a, 0x7a, 0xb0,
  0x6d, 0xdb, 0xbb, 0xd8, 0xbe, 0x7d, 0x3b, 0xa2, 0xd1, 0x58, 0x46, 0x03, 0xc8, 0xd5, 0x70, 00,
  0x20, 0xfd, 0x5b, 0x10, 0x88, 0x80, 0x60, 0x30, 0x88, 0x29, 0x53, 0xa6, 0x64, 0x8e, 0x63, 0x8c,
  0x81, 0x31, 0xc2, 0x94, 0x29, 0x75, 0xf0, 0xf9, 0x7c, 0xd0, 0x34, 0xad, 0xff, 0x77, 0x18, 0xf8,
  0x3d, 0xd2, 0x4d, 0xa6, 0xb4, 0x18, 0x85, 0xf6, 0xf6, 0x0e, 0x3c, 0xfa, 0xe8, 0x63, 0x78, 0xf6,
  0xd9, 0x7f, 0x4c, 0x84, 0xf7, 0x3a, 0x2f, 0x26, 0xc2, 0x08, 0x0b, 00, 0x5c, 0x29, 0xc5, 0xc1,
  0x88, 0xe9, 0x3a, 0x47, 0x75, 0x75, 0x35, 0x4c, 0xd3, 0xc8, 0xbc, 0x84, 0x4a, 0x29, 0x08, 0x21,
  0x20, 0x84, 0xc8, 0x22, 0x22, 0x47, 0x32, 0x99, 0x44, 0x47, 0x47, 0x27, 0x74, 0x5d, 0xc3, 0xf4,
  0xe9, 0xd3, 0x31, 0x63, 0xc6, 0x0c, 0xec, 0xda, 0xb5, 0x0b, 0xfb, 0xf6, 0xed, 0x83, 0xe3, 0xb8,
  0x20, 0x02, 0x02, 0x81, 0x20, 0x34, 0xce, 0xc1, 0xfa, 0x8d, 0x37, 0x9c, 0x73, 0x70, 0xce, 0x91,
  0x48, 0x24, 0xe0, 0x38, 0xce, 0xc0, 0x8b, 0x2c, 0x15, 0xa4, 0x4a, 0x19, 0xae, 0x74, 0x7d, 0x6c,
  0xb3, 0x99, 0xe6, 0x23, 0xe6, 0x78, 0x20, 0x9f, 0x1c, 0x7e, 0xbf, 0x1f, 0xc7, 0x1c, 0x73, 0x0c,
  0xa4, 0x94, 0x90, 0x52, 0x42, 0x08, 0x81, 0x58, 0x2c, 0x86, 0xbe, 0xbe, 0x3e, 0xb8, 0x6e, 0xa1,
  0x32, 0x3c, 0x94, 0x45, 0xda, 0xd4, 0x16, 0xc6, 0x18, 0xfc, 0x7e, 0x7f, 0x4e, 0xc7, 0x40, 0x44,
  0x08, 0x04, 0x02, 0x99, 0xce, 0x36, 0x7d, 0xcd, 0xec, 0xbf, 0x69, 0x99, 0x6c, 0xdb, 0xc6, 0xfa,
  0xf5, 0xeb, 0xf1, 0xcc, 0x33, 0xcf, 0x8e, 0xe9, 0x3d, 0x1f, 0x6e, 0x98, 0x08, 0x84, 0x65, 0xa9,
  0x0f, 0xe7, 0x52, 0x92, 0x1e, 0x8f, 0xc7, 0x69, 0xc3, 0x86, 0x0d, 0x94, 0x22, 0x4d, 0x6a, 0xad,
  0x52, 0x08, 0x81, 0xee, 0xee, 0x2e, 0xf4, 0xf5, 0xf5, 0xc1, 0xf3, 0x04, 0xa4, 0x14, 0xe8, 0xed,
  0xed, 0x43, 0x73, 0x73, 0x13, 0xa2, 0xd1, 0x38, 0xea, 0xea, 0xa6, 0x60, 0xd9, 0xb2, 0xf3, 0x30,
  0x67, 0xce, 0x1c, 0x24, 0x93, 0x49, 0xec, 0xd8, 0xb1, 0x13, 0xae, 0xeb, 0x22, 0x99, 0x4c, 0x62,
  0xf7, 0xae, 0x5d, 0x90, 0x52, 0xa5, 0x0d, 0xb4, 0xa9, 0x55, 0x12, 0x62, 0x43, 0x5e, 0xb8, 0x34,
  0x74, 0x4d, 0xc3, 0x05, 0x17, 0x7e, 0x04, 0x15, 0x15, 0x15, 0x59, 0x73, 0xc0, 0xfc, 0x04, 0x1b,
  0x69, 0x34, 0x2c, 0xb4, 0x7f, 0xf0, 0x28, 0x37, 0x52, 0x9b, 0xa5, 0x10, 0xbc, 0x98, 0xf6, 0xf2,
  0xb5, 0x9f, 0x1a, 0x11, 0x19, 0x74, 0x5d, 0x87, 0xcf, 0xe7, 0x43, 0x55, 0x55, 0xe9, 0xe1, 0xc1,
  0x83, 0xe7, 0xd0, 0xc5, 0xc8, 0x91, 0xee, 0x90, 0x5d, 0xd7, 0xc5, 0xae, 0x5d, 0xbb, 0x90, 0x4c,
  0x4e, 0xec, 0xb4, 0xc8, 0x13, 0x81, 0xb0, 00, 0x40, 0x9c, 0x2b, 0x8d, 0x08, 0xfa, 0xee, 0xdd,
  0x7b, 0xe8, 0xa6, 0x9b, 0x6e, 0x71, 0x35, 0x8d, 0x25, 0x01, 0x72, 0x0d, 0xc3, 0x70, 0x3d, 0x4f,
  0x78, 0x9d, 0x9d, 0x1d, 0x4a, 0x08, 0xc1, 0xa4, 0x94, 0x86, 0x94, 0xb0, 0xa4, 0x74, 0x99, 0x94,
  0xd2, 0x01, 0xc8, 0x8b, 0x44, 0xc2, 0x56, 0x28, 0x14, 0x34, 0xab, 0xab, 0xab, 0xf9, 0xdc, 0xb9,
  0x73, 0xa8, 0xb6, 0xb6, 0x16, 0xba, 0xae, 0x23, 0x1a, 0x8d, 0xe2, 0xc5, 0x17, 0x5f, 0x84, 0xf0,
  0xbc, 0xd4, 0xc2, 0xac, 0x52, 0x20, 0xc6, 0xc0, 0x88, 0xa5, 0x5e, 0x14, 0x64, 0x7c, 0x13, 0xfa,
  0xa5, 0x20, 0xe8, 0x9a, 0x86, 0x19, 0x0d, 0x0d, 0x45, 0x8f, 0xb2, 0x83, 0x55, 0xd1, 0x6c, 0xb5,
  0x3d, 0xfb, 0x98, 0xec, 0xfd, 0x83, 0x91, 0x1e, 0xdd, 0xd2, 0x6d, 0xa5, 0x35, 0x01, 00, 0x10,
  0x42, 0x64, 0xc8, 0x34, 0x12, 0x71, 0x95, 0x52, 0x70, 0x1c, 0x07, 0x8e, 0xe3, 0x40, 0xd7, 0x75,
  0x68, 0x9a, 0x96, 0xd9, 0x3e, 0xf8, 0xfc, 0x43, 0x31, 0xca, 0x0f, 0xd7, 0x66, 0xbe, 0x7d, 0x83,
  0x09, 0xde, 0xd7, 0xd7, 0x07, 0x21, 0x0a, 0xf9, 0xbc, 0x4c, 0x0c, 0x4c, 0x04, 0xc2, 0x12, 00,
  0xa6, 0x14, 0x98, 0x94, 0xa2, 0xcb, 0x71, 0x9c, 0x97, 0xde, 0x7e, 0xfb, 0xed, 0x36, 0xc6, 0xd8,
  0x7e, 0x80, 0x7a, 0x38, 0xa7, 0x3e, 0xa5, 0x98, 0x2d, 0xa5, 0x27, 0x18, 0x23, 0x9d, 0x48, 0x0b,
  0x12, 0xc9, 0x32, 0x22, 0xa5, 0x13, 0xf1, 0x28, 0xe7, 0x94, 0x6c, 0x6b, 0x13, 0x55, 0x5b, 0xb6,
  0xbc, 0x33, 0x7d, 0xd6, 0xac, 0x59, 0x73, 0x8e, 0x3a, 0x6a, 0xce, 0xac, 0x9a, 0x9a, 0x1a, 0x9f,
  0x65, 0x99, 0x14, 0x89, 0x44, 0x70, 0xf1, 0xc5, 0x17, 0x43, 0x29, 0x05, 0xcf, 0xf3, 0x10, 0x8f,
  0xc5, 0x90, 0x74, 0x5c, 0x28, 0x25, 0xd3, 0x83, 0x37, 0x80, 0x14, 0x61, 0x9c, 0xa4, 0x03, 0x05,
  0x85, 0x40, 0x20, 00, 0xcf, 0xf3, 0xd0, 0xdb, 0xdb, 0x8b, 0x70, 0x38, 0x3c, 0x84, 0x80, 0xd9,
  0x5e, 0x19, 0x4a, 0x29, 0xc4, 0xa2, 0x51, 0xb4, 0xb6, 0xb5, 0xc1, 0x75, 0x5d, 0x04, 0x83, 0x41,
  0x94, 0x97, 0x97, 0xc3, 0xef, 0xf7, 0xe7, 0x90, 0x2c, 0xdf, 0xc8, 0x93, 0xde, 0xae, 0x94, 0x42,
  0x34, 0x1a, 0xc5, 0x8e, 0xed, 0x3b, 0xb0, 0xff, 0xc0, 0x7e, 0x30, 0xc6, 0x50, 0x5f, 0x5f, 0x8f,
  0x99, 0x33, 0x67, 0x66, 0xe6, 0x97, 0xb5, 0xb5, 0xb5, 0x98, 0x3e, 0x7d, 0x7a, 0xc6, 0x62, 0x3d,
  0x18, 0xe9, 0x76, 0x1c, 0xc7, 0xc1, 0xf6, 0xed, 0xdb, 0xb1, 0x7d, 0xfb, 0x76, 0x04, 0x83, 0x41,
  0x54, 0x55, 0x55, 0x21, 0x18, 0x0c, 0xc2, 0xf3, 0x3c, 0x44, 0x22, 0x11, 0x94, 0x97, 0x97, 0x67,
  0x48, 0x9c, 0x96, 0x21, 0xfb, 0xfc, 0xf4, 0x27, 0x3d, 0xe2, 0x96, 0x4a, 0xc0, 0x52, 0x31, 0xf8,
  0xd9, 0x14, 0xba, 0xbf, 0x89, 0x84, 0x89, 0x40, 0x58, 0x05, 0x40, 0xd9, 0xb6, 0x68, 0xb1, 0x2c,
  0xb6, 0x2a, 0x99, 0x74, 0x1a, 0x95, 0x12, 0x07, 0x6c, 0xbb, 0xbb, 0x07, 0x40, 0x02, 0x29, 0x27,
  0x8a, 0x42, 0xbe, 0xb8, 0xe9, 0xf5, 0x3d, 0xeb, 0xc9, 0x27, 0xcd, 0x29, 0x4d, 0x4d, 0x6d, 0x67,
  0x9e, 0x74, 0xd2, 0xf1, 0xff, 0x67, 0xde, 0xbc, 0x39, 0xc7, 0xcf, 0x9c, 0xd9, 0x60, 0xcc, 0x9e,
  0x3d, 0x1b, 0x9c, 0x73, 0x08, 0x21, 0xb0, 0x6b, 0xd7, 0x2e, 0x6c, 0xd8, 0xb0, 0x01, 0x7d, 0x7d,
  0x51, 0xc8, 0xfe, 0x5e, 0x9c, 0x71, 0x0e, 0x40, 0xc1, 0x75, 0x5d, 0x95, 0x88, 0xdb, 0x1e, 0x29,
  0x88, 0xea, 0xea, 0x6a, 0xde, 0xd5, 0xdb, 0xa5, 0xcd, 0x68, 0x68, 0xa0, 0xca, 0xaa, 0x2a, 0x30,
  0x96, 0x1a, 0x8d, 0x85, 0x27, 0x32, 0x23, 0xb2, 0x54, 0x2a, 0x33, 0xdf, 0xeb, 0xea, 0xec, 0xc4,
  0xb6, 0x6d, 0xef, 0x22, 0x16, 0x8f, 0xa1, 0xaa, 0xb2, 0x0a, 0x73, 0xe6, 0xcc, 0xc1, 0xd4, 0xa9,
  0x75, 0xf0, 0x07, 0x02, 0xa8, 0xad, 0xa9, 0x45, 0x30, 0x14, 0x44, 0x28, 0x14, 0x82, 0x65, 0x59,
  0x19, 0x12, 0xe7, 0xdc, 0xbc, 0x52, 0xe8, 0xec, 0xec, 0xc4, 0xe3, 0x8f, 0x3f, 0x8e, 0xe7, 0x9f,
  0x7f, 0x1e, 0x8c, 0x38, 0x16, 0x2d, 0x3e, 0x0e, 0xa7, 0x9f, 0x7e, 0x3a, 0xda, 0xda, 0x5a, 0xf1,
  0xca, 0x2b, 0xaf, 0xe2, 0xa2, 0x8b, 0x2f, 0x42, 0x5d, 0x5d, 0x1d, 0x0c, 0xc3, 0xc8, 0x9c, 0x93,
  0x0f, 0xae, 0xeb, 0xa2, 0xb1, 0xb1, 0x11, 0xcf, 0x3e, 0xfb, 0x2c, 0xda, 0xdb, 0x3b, 0x11, 0x0c,
  0x06, 0x50, 0x51, 0x51, 0x01, 0xd3, 0x34, 0xb0, 0x68, 0xd1, 0x22, 0x9c, 0x78, 0xe2, 0x89, 0xa8,
  0xa9, 0xa9, 0xc9, 0x21, 0x6d, 0xb6, 0x1c, 0x7d, 0x7d, 0x7d, 0xd8, 0xb3, 0x67, 0x0f, 0x18, 0x63,
  0x28, 0x2b, 0x2b, 0x43, 0x38, 0x1c, 0x86, 0xa6, 0x69, 0x39, 0x73, 0x7f, 0x80, 0xb2, 0xd6, 0xa0,
  0x87, 0x4e, 0x29, 0x0a, 0xa1, 0xd0, 0x14, 0x21, 0x9b, 0xb4, 0xe9, 0x6b, 0x4d, 0x64, 0x4c, 0x04,
  0xc2, 0x0a, 00, 0x51, 0xcf, 0xeb, 0x7b, 0x33, 0x1a, 0xc5, 0xab, 0x48, 0x79, 0x3a, 0x15, 0x0b,
  0x85, 0x14, 0x99, 0xa3, 0x8d, 0x8d, 0x9b, 0x77, 0x34, 0x36, 0xee, 0xed, 0x7e, 0xf7, 0xdd, 0x77,
  0x4e, 0xa8, 0xa9, 0xa9, 0x9c, 0x37, 0x77, 0xee, 0x1c, 0xfd, 0x8c, 0x33, 0x4e, 0x27, 0xa5, 0x52,
  0x06, 0x8d, 0x4d, 0x9b, 0x36, 0xe1, 0xd5, 0x57, 0x5e, 0x85, 0x63, 0x3b, 0x12, 0x04, 0x09, 0x09,
  0xa1, 0x31, 0xee, 0x6a, 0xa4, 0x25, 0x98, 0xe4, 0x36, 0x03, 0xd9, 0x1c, 0xdc, 0x63, 0x06, 0x0b,
  0x38, 0xcc, 0xa9, 0xf0, 0x07, 0xfd, 0xa6, 0x6e, 0x68, 00, 0x08, 0x12, 0x50, 0x62, 0xc0, 00,
  0xa3, 0xa4, 0x10, 0x24, 0xa4, 0x84, 0x10, 0x8a, 0x3c, 0xcf, 0x25, 0xc7, 0xb1, 0x21, 0x3c, 0x01,
  0x30, 0xa2, 0x70, 0x38, 0x8c, 0x48, 0x24, 0xc2, 0x82, 0xc1, 0x10, 0xcd, 0x9e, 0x3d, 0x0b, 0x35,
  0xb5, 0xd5, 0x58, 0xb0, 0x70, 0x21, 0xa6, 0xd7, 0xd7, 0x43, 0xd3, 0x74, 0x84, 0x42, 0x21, 0x18,
  0xa6, 0x91, 0x21, 0x9f, 0x94, 0x12, 0x5d, 0x5d, 0x5d, 0xd8, 0xdf, 0xdc, 0x8c, 0xfd, 0xcd, 0x07,
  0xa0, 0xa4, 0x44, 0x77, 0x57, 0xb7, 0xda, 0xf2, 0xd6, 0x16, 0x24, 0x6c, 0x9b, 0x54, 0xff, 0x92,
  0xd3, 0xb0, 0x0f, 0x41, 0x29, 0xd8, 0xb6, 0x0d, 0x29, 0x25, 0x1a, 0x1a, 0x1a, 0x30, 0x65, 0x4a,
  0x1d, 0xde, 0x78, 0x63, 0x13, 0x3a, 0x3a, 0x3a, 0xc0, 0x18, 0x61, 0xe6, 0xcc, 0x19, 0x88, 0x46,
  0xa3, 0x30, 0x0c, 0x03, 0xa7, 0x9f, 0x7e, 0x3a, 0x82, 0xc1, 0xa1, 0x59, 0x5c, 0x6d, 0xdb, 0xc6,
  0x86, 0x0d, 0x1b, 0xf0, 0xf0, 0x43, 0x7f, 0x85, 0x54, 0x4a, 0x55, 0x57, 0x55, 0x8b, 0xda, 0x9a,
  0x1a, 0x19, 0x0c, 0x84, 0xa4, 0xae, 0x6b, 0x28, 0xaf, 0x2c, 0xe3, 0x65, 0x65, 0xe5, 0x3c, 0x52,
  0x56, 0xc6, 0x42, 0xa1, 0x60, 0xbf, 0x85, 0xde, 0x0f, 0xd3, 0x34, 0x33, 0xea, 0x3b, 0x50, 0xfa,
  0xc8, 0x9b, 0x4d, 0xe2, 0x89, 0x4e, 0x56, 0x60, 0x62, 0x10, 0x56, 0x61, 0x6c, 0x7c, 0x51, 0x15,
  0xd0, 0xd7, 0xd5, 0xd5, 0xd5, 0xf9, 0x58, 0x2c, 0xd6, 0x4b, 0xad, 0xad, 0xad, 0xa7, 0x6e, 0xdb,
  0xb6, 0xed, 0x18, 0xd7, 0x75, 0x2d, 0x29, 0xa0, 0x9c, 0x98, 0x1d, 0x77, 0x6c, 0x27, 0xae, 0x49,
  0xcd, 0x26, 0xa2, 0xa4, 0xa6, 0x34, 0xc7, 0x60, 0xdc, 0x36, 0xc8, 0xb0, 0x0d, 0xd2, 0x93, 0x44,
  0x9a, 0x07, 00, 0x9e, 0xe7, 0x9a, 0xae, 0xf4, 0xda, 0xa3, 0x3d, 0x51, 0x13, 0x4a, 0x41, 0x21,
  0xe5, 0x5a, 0x48, 0x44, 0x8a, 0x88, 0xa9, 0xfe, 0x71, 0x82, 0x84, 0x90, 0x4c, 0x91, 0xe4, 0x52,
  0x29, 0xc6, 0x14, 0x67, 0x44, 0x8c, 0x24, 0x14, 0xef, 0x8d, 0x47, 0xb5, 0xee, 0xfd, 0x3d, 0x3e,
  0xa5, 0x29, 0xdf, 0xbb, 0xdb, 0xb6, 0x99, 0x96, 0x65, 0x69, 0xd3, 0xea, 0xa7, 0xa2, 0xaa, 0xaa,
  0x0a, 0x9c, 0x6b, 0x08, 0x85, 0x42, 0x28, 0x2b, 0x2f, 0x43, 0x55, 0x75, 0x35, 0x80, 0xd4, 0x48,
  0xdd, 0xda, 0xd2, 0x8a, 0x1d, 0xdb, 0x77, 0xc0, 0x73, 0x3d, 0x90, 0x84, 0x1d, 0xeb, 0x8c, 0x45,
  0xa3, 0x5d, 0xbd, 0x1a, 0xe9, 0x14, 0xac, 0xa8, 0xaa, 0xd4, 0x58, 0xda, 0xf1, 0x61, 0x98, 0x91,
  0x75, 0xfb, 0xf6, 0xed, 0xe8, 0xe9, 0xe9, 0x41, 0x7d, 0x7d, 0x3d, 0xaa, 0xab, 0xab, 0xd1, 0x7f,
  0x2f, 0x20, 0x22, 0xc4, 0xe3, 0x36, 0xb6, 0x6e, 0x7d, 0x17, 0x33, 0x66, 0xcc, 0xc0, 0xd1, 0x47,
  0x1f, 0x0d, 0x4d, 0x4b, 0xb9, 0x2f, 0x66, 0xab, 0xec, 0x1d, 0x1d, 0x1d, 0x78, 0xfa, 0xe9, 0x35,
  0xf8, 0xe7, 0x4b, 0xeb, 0x04, 0x1c, 0xd5, 0x1d, 0x60, 0x81, 0x4e, 0xbf, 0xe9, 0x4b, 0xfa, 0x4d,
  0x9f, 0x60, 0x9c, 0x23, 0x18, 0x09, 0x1b, 0xbe, 0x88, 0x2f, 0x60, 0x85, 0xad, 0x4a, 0x23, 0xa0,
  0xf9, 0x43, 0xa1, 0x10, 0x2d, 0x5a, 0xb4, 0x08, 0x0b, 0x16, 0x2c, 0x40, 0x5d, 0xdd, 0x94, 0x0c,
  0x71, 0x8b, 0x99, 0x6b, 0x17, 0x82, 0x61, 0x18, 0x13, 0x9e, 0xb4, 0x13, 0x81, 0xb0, 0x63, 0x09,
  0xd1, 0xd9, 0xd9, 0xba, 0xd6, 0xb2, 0xca, 0xb7, 0x3a, 0x8e, 0xb7, 0xa0, 0xa7, 0xa7, 0xeb, 0x38,
  0x22, 0xbd, 0x6c, 0x8a, 0x55, 0xf5, 0x71, 0x9f, 0xf2, 0xc5, 0xca, 0xb4, 0x70, 0x42, 0xd7, 0x74,
  0x87, 0x14, 0x13, 0x1a, 0xe3, 0x82, 0x81, 0x14, 0x03, 0x0d, 0x8a, 0x59, 0x35, 0x5c, 0xbf, 0xf0,
  0xc5, 0x06, 0xc7, 0x0f, 0x30, 0x0c, 0x44, 0xb2, 0x48, 0x28, 0x02, 0x57, 0x48, 0xc5, 0x9d, 0xa6,
  0xe2, 0x60, 0x09, 0xa9, 0x60, 00, 0x01, 0xc1, 0x1d, 0x08, 0xd3, 0x55, 0xae, 0xe5, 0x45, 0x3d,
  0xd3, 0x8d, 0x25, 0x8d, 0x1d, 0xed, 0x3b, 0x8d, 0xad, 0x78, 0xd7, 0x47, 0x9c, 0x48, 0x63, 0x5c,
  0xf8, 0x2c, 0xbf, 0x28, 0x8b, 0x84, 0xa5, 0x02, 0x49, 0x06, 0x26, 0x6d, 0x3b, 0xae, 0xb7, 0xf5,
  0xb4, 0x87, 0xb8, 0x64, 0x2a, 0x80, 0x40, 0xb3, 0x8f, 0x5b, 0xdd, 0x8e, 0x70, 0xcc, 0x98, 0x88,
  0x37, 0x18, 0x86, 0x59, 0xa1, 0xeb, 0x3a, 0x07, 0x86, 0x46, 0x34, 0xa4, 0x47, 0x27, 0xd7, 0x75,
  0xb1, 0x7b, 0xf7, 0x1e, 0x6c, 0xdd, 0xba, 0x0d, 0x4b, 0x96, 0x48, 0x08, 0xe1, 0xa1, 0xb6, 0xb6,
  0xa6, 0xdf, 0x53, 0x8b, 0xe0, 0xf3, 0xa5, 0x96, 0x5b, 0x3a, 0x3a, 0x3a, 0xf0, 0xc0, 0x03, 0x0f,
  0x62, 0xfe, 0xfc, 0x79, 0x38, 0xf7, 0xdc, 0x73, 0x11, 0x08, 0x04, 0x32, 0x6d, 0xd9, 0xb6, 0x8d,
  0x8e, 0xf6, 0x76, 0xa9, 0x92, 0xa2, 0x3b, 0xe4, 0x84, 0x76, 0x04, 0xb9, 0xaf, 0x8b, 0xb9, 0x5c,
  0xa8, 0xa8, 0x27, 0x05, 0x3c, 0x74, 0x1c, 0x38, 0xc0, 0x1d, 0x48, 0x33, 0xa6, 0xa2, 0x1d, 0x2e,
  0x73, 0xcb, 0x60, 0x30, 0xdf, 0xeb, 0xaf, 0x6c, 0x0c, 0xcc, 0x9c, 0x5d, 0xef, 0x9b, 0x39, 0x6b,
  0x16, 0x9f, 0xde, 0xd0, 0x40, 0xb3, 0x66, 0xcd, 0x44, 0x59, 0x59, 0x19, 0x2a, 0x2b, 0x2b, 0x11,
  0x08, 0xf8, 0x73, 0x46, 0xde, 0xe1, 0xac, 0xd5, 0x69, 0x95, 0xd8, 0xe7, 0xf3, 0xe5, 0x9c, 0x33,
  0x11, 0x31, 0x49, 0xd8, 0xa1, 0x48, 0xd8, 0x76, 0xd7, 0x5e, 0xdb, 0x46, 0x33, 0x80, 0xb5, 0x40,
  0xc4, 0x38, 0x7e, 0x76, 0xcd, 0x07, 0x34, 0xf0, 0xd4, 0xc4, 0xb5, 0x08, 0xa7, 0xf6, 0x91, 0xc2,
  0xcc, 0x58, 0x7f, 0x14, 00, 0xe3, 0x3c, 0xaf, 0x49, 0x33, 0x20, 0x54, 0x4c, 0x42, 0x92, 0x94,
  0x8a, 0x29, 0x80, 0x3c, 0xf2, 0x34, 0x21, 0x85, 0x2e, 0x89, 0x88, 0x29, 0x25, 0x59, 0x82, 0x49,
  0xcf, 0xf6, 0x14, 00, 0x25, 0xc1, 0x14, 0x29, 0xe2, 0x11, 0x15, 0xf6, 0x13, 0x41, 0x05, 0x58,
  0xb0, 0x97, 0x13, 0xf3, 0x1c, 0x78, 0x9a, 0x07, 0x11, 0x0c, 0xfa, 0x83, 0x61, 0xd3, 0x34, 0xf9,
  0xd0, 0x51, 0x2b, 0x77, 0x8d, 0xba, 0xad, 0xad, 0x0d, 0x6b, 0xd6, 0x3c, 0x8d, 0x5d, 0xbb, 0x76,
  0x60, 0xea, 0xd4, 0xa9, 0x38, 0xf9, 0xe4, 0x25, 0x29, 0xe3, 0x1a, 0x52, 0x81, 0x01, 0x4a, 0x29,
  0xb4, 0xb6, 0xb6, 0xe0, 0x8d, 0x37, 0x5e, 0x40, 0x63, 0x63, 0x23, 0x96, 0x2c, 0x59, 0x02, 0xbf,
  0xdf, 0x9f, 0x69, 0xcd, 0xb2, 0x7c, 0x98, 0x5a, 0x57, 0x27, 0x7d, 0x64, 0x75, 0x85, 0x59, 0xa0,
  0x43, 0xd3, 0xb4, 0x9c, 0x7b, 0xd3, 0xb8, 0x26, 0x34, 0xa1, 0xe2, 0x06, 0x22, 0xb6, 0x50, 0xb2,
  0xdd, 0x4d, 0x0a, 0xbd, 0x77, 0x47, 0x97, 0xb1, 0x69, 0x4f, 0xa7, 0xb9, 0xed, 0x95, 0x77, 0x4c,
  0x2b, 0x12, 0x0c, 0x07, 0x2b, 0x82, 0xa8, 0x9f, 0x35, 0xad, 0xed, 0xd4, 0x53, 0x4f, 0x2b, 0x5b,
  0xb8, 0x70, 0x41, 0xa4, 0xb6, 0xb6, 0xd6, 0xcf, 0x39, 0xd7, 0x75, 0x5d, 0xe7, 0x9a, 0xc6, 0xd9,
  0x70, 0x8e, 0x22, 0x44, 0x04, 0xc3, 0x30, 0x26, 0x09, 0xfb, 0x3e, 0x86, 0x97, 0xfa, 0xf4, 0xc4,
  0x34, 0xae, 0xbd, 0xb7, 0x6b, 0x05, 0x9c, 0xc0, 0xc0, 0x15, 0xe3, 0x10, 00, 0xa0, 0x43, 0xf3,
  00, 0xd8, 0x85, 0x4f, 0xd0, 0xe1, 0x17, 0x56, 0x3c, 0x7d, 0x2e, 00, 0x68, 0xe0, 0x02, 0x92,
  0x88, 0x6b, 0x1a, 0x71, 0x6d, 0xe8, 0x4b, 0x9c, 0x7e, 0xf7, 0xa5, 0x94, 0x68, 0x6f, 0x6f, 0xc7,
  0xe6, 0xcd, 0x9b, 0xb1, 0x7b, 0xf7, 0x6e, 0x1c, 0x38, 0x70, 00, 0x95, 0x95, 0x95, 0x08, 0x87,
  0x23, 0x29, 0x35, 0x3e, 0x65, 0x23, 0x83, 0x84, 0x64, 0x5d, 0x5d, 0x5d, 0xd4, 0xd5, 0xd5, 0x89,
  0xa6, 0xa6, 0x26, 0xf4, 0xf6, 0xf6, 0xf6, 0xab, 0xe9, 0xa9, 0xb6, 0xc3, 0xe1, 0x30, 0xe6, 0xcd,
  0x5b, 0x80, 0x67, 0x8d, 0xe7, 0x14, 0x13, 0x05, 0x02, 0xee, 0x39, 0x41, 0x03, 0x97, 0x1a, 0x78,
  0xd2, 0x84, 0x9e, 0x5a, 0x30, 0x75, 0x15, 0xbc, 0x6e, 0xc9, 0xa2, 0x5d, 0xbd, 0x66, 0xdb, 0xce,
  0xce, 0xbe, 0x4d, 0x6f, 0xbf, 0xf5, 0xf3, 0x64, 0xd2, 0x2b, 0xeb, 0xee, 0xee, 0x29, 0x6b, 0x68,
  0x98, 0x5e, 0x63, 0x59, 0xd6, 0x51, 0x91, 0x48, 0xe4, 0xc4, 0xb2, 0xb2, 0xf0, 0x82, 0x48, 0x24,
  0x12, 0x4a, 0x7b, 0x97, 0x65, 0x93, 0x35, 0xfd, 0xb7, 0xa6, 0xa6, 0x06, 0x96, 0x65, 0x96, 0xf8,
  0xb0, 0x8f, 0x2c, 0x4c, 0x12, 0xf6, 0x50, 0x20, 0x3b, 0x15, 0xcb, 0x58, 0xa6, 0x78, 0x19, 0x0e,
  0x83, 0xae, 0xe3, 0x4a, 0x57, 0x17, 0x24, 0x82, 0xc1, 0x48, 0x40, 0x1f, 0xec, 0x41, 0x94, 0x46,
  0x7a, 0x29, 0x67, 0xcb, 0x96, 0x2d, 0x78, 0x65, 0xdd, 0x2b, 0x10, 0xae, 0x27, 0x62, 0x4e, 0xdc,
  0x89, 0xf5, 0xc6, 0x41, 0xb4, 0x8f, 0x69, 0xa4, 0xc7, 0x4c, 0xa6, 0xc7, 0x3c, 0xa9, 0x74, 0x07,
  0x76, 0x58, 0x42, 0x59, 0x8c, 0x33, 0xd6, 0xd2, 0xd2, 0x82, 0xf6, 0xf6, 0x76, 0xcc, 0x9c, 0x39,
  0x33, 0x43, 0x58, 0xd3, 0x34, 0x10, 0x29, 0x0f, 0x33, 0xa5, 0x21, 0x58, 0x52, 0x3c, 0xfa, 00,
  0x89, 0x13, 0x96, 0xf4, 0xa9, 0x97, 0xb7, 0xac, 0x7d, 0x71, 0xcb, 0x96, 0x4d, 0xbc, 0xbe, 0xfe,
  0x34, 0x6d, 0xd9, 0xb2, 0x53, 0xcc, 0x29, 0x53, 0xac, 0xb2, 0x70, 0x38, 0xbc, 0xb0, 0xb2, 0xb2,
  0xea, 0x92, 0xda, 0xda, 0x9a, 0x8f, 0x4e, 0x9f, 0x3e, 0xbd, 0x72, 0xda, 0xb4, 0x69, 0x08, 0x85,
  0x42, 0xe0, 0x9c, 0x43, 0xf5, 0x5b, 0xdc, 0x01, 0x60, 0xca, 0x94, 0x29, 0x39, 0xa3, 0xfe, 0x44,
  0xc4, 0x24, 0x61, 0x27, 0x28, 0x5c, 0xe5, 0xf8, 0x25, 0x93, 0xd6, 0x9c, 0xa3, 0x8e, 0xa2, 0x29,
  0x53, 0xa6, 0x64, 0x5e, 0xee, 0xc1, 0x88, 0xc7, 0xe3, 0xd8, 0xb9, 0x73, 0x27, 0xda, 0xda, 0xdb,
  0x84, 0xa1, 0xac, 0xb6, 0x20, 0x02, 0x4d, 0xa4, 0x48, 0x28, 0x28, 0xae, 0x81, 0x27, 0x0d, 0x69,
  0x24, 0xa5, 0x04, 0x8b, 0xcb, 0x58, 0x59, 0x1f, 0xeb, 0x9b, 0x21, 0x20, 0xc3, 0xb6, 0x6d, 0xb3,
  0x8e, 0x8e, 0x0e, 0x78, 0x9e, 0x97, 0x71, 0x10, 0xe1, 0x9c, 0xa1, 0xbc, 0xac, 0x9c, 0x05, 0x23,
  0x61, 0xcb, 0xeb, 0x49, 0x72, 0x83, 0xf3, 0xe1, 0x4d, 0xd3, 0xf9, 0x90, 0xb2, 0x17, 0x49, 00,
  0xb2, 0xb1, 0xf1, 0x25, 0xf7, 0x9e, 0x7b, 0x5e, 0x4a, 00, 0xe8, 0x01, 0xea, 0x5b, 0xce, 0x3e,
  0x7b, 0x4e, 0xab, 0x61, 0x98, 0xc9, 0xda, 0xda, 0x9a, 0x4f, 0x7c, 0xe0, 0x03, 0x27, 0x55, 0x1f,
  0x7d, 0xf4, 0x7c, 0x56, 0x53, 0x53, 0x83, 0xda, 0xda, 0x9a, 0x8c, 0x4b, 0xa3, 0x69, 0x9a, 0x30,
  0xcd, 0xc9, 0x11, 0x76, 0x12, 0xa5, 0xe2, 0xbd, 0x1a, 0x55, 0xd3, 0x23, 0x79, 0x9e, 0xeb, 0x39,
  0xca, 0xf5, 0x99, 0x3e, 0xc3, 0x9c, 0x31, 0x63, 0x06, 0xca, 0xca, 0xca, 0xf2, 0x7a, 0x4f, 0x09,
  0x21, 0xd0, 0xd5, 0xd5, 0x85, 0xad, 0x5b, 0xdf, 0x05, 0x24, 0xc5, 0xcb, 0x29, 0xb2, 0x2b, 0xac,
  0x85, 0xba, 0x18, 0x48, 0x49, 0x80, 0x52, 0x89, 0xe0, 0x48, 0x81, 0x03, 0x01, 0x69, 0xc6, 0xe1,
  0x31, 0xd5, 0x2d, 0x3b, 0xe7, 0x7b, 0x9e, 0xeb, 0xdb, 0xb5, 0x6b, 0x17, 0x6c, 0xdb, 0x86, 0x65,
  0x59, 0x19, 0xa7, 0xfc, 0x9a, 0xda, 0x5a, 0x1c, 0x77, 0xfc, 0xb1, 0xda, 0x86, 0xc6, 0xd7, 0x0c,
  0xe4, 0x26, 0x11, 0x28, 0x0a, 0x52, 0xa8, 0x7c, 0x31, 0xb1, 0x0a, 0x68, 0x4c, 0x3c, 0xfb, 0x6c,
  0xe3, 0x1b, 0xe1, 0x70, 0xfd, 0x77, 0x67, 0xcc, 0x68, 0xbf, 0x73, 0xdf, 0xbe, 0xe6, 0x0f, 0x3c,
  0xf3, 0x4c, 0xf0, 0xd4, 0xca, 0xca, 0xca, 0x33, 0xa6, 0x4f, 0xaf, 0x9f, 0x77, 0xdc, 0x71, 0xc7,
  0x99, 0x4a, 0x21, 0xb9, 0x7f, 0xff, 0x81, 0x64, 0xcb, 0x81, 0x56, 0x5f, 0xa9, 0xd7, 0x3d, 0x92,
  0x30, 0x49, 0xd8, 0x23, 0x1c, 0x12, 0x8a, 0xd8, 0x40, 0x2a, 0x8b, 0xd4, 0x36, 0x21, 0x29, 0xa9,
  0x1c, 0xdf, 0xb1, 0xc7, 0x1c, 0xa7, 0xcf, 0x9d, 0x37, 0x0f, 0xa6, 0x69, 0x0e, 0x10, 0x36, 0x95,
  0x96, 0x22, 0xa3, 0x4a, 0xb6, 0xb5, 0xb5, 0x61, 0xcf, 0xae, 0x5d, 0xc2, 0x14, 0x7a, 0x67, 0xd8,
  0x08, 0x75, 0x69, 0x3c, 0x95, 0x24, 0x8e, 0x0d, 0xd2, 0x6b, 0x35, 0xae, 0x89, 0x90, 0xf4, 0x77,
  0x76, 0xcb, 0x2e, 0xc7, 0x8e, 0x3b, 0xd6, 0x3f, 0xd6, 0x3c, 0x83, 0x65, 0xcb, 0x96, 0x53, 0x59,
  0x59, 0x19, 0x52, 0x59, 0xa3, 0x52, 0x31, 0xc6, 0x47, 0xcf, 0x9f, 0xc7, 0xd7, 0xff, 0xfd, 0x95,
  00, 0x46, 0xb5, 0xd4, 0x26, 0x7b, 0x87, 0xd9, 0xe9, 0xf5, 0xf6, 0x36, 0x76, 0xbe, 0xf9, 0x66,
  0x63, 0x17, 0x80, 0x77, 0xaa, 0xaa, 0xe6, 0x3f, 0x1c, 0x30, 0xe5, 0x59, 0x86, 0x1f, 0xdf, 0xfa,
  0xfb, 0xdf, 0x57, 0xef, 0xd7, 0x75, 0xed, 0xd1, 0x9e, 0x9e, 0x18, 0xd9, 0x76, 0xdf, 0x84, 0xce,
  0x79, 0x3c, 0x49, 0xd8, 0x09, 0x08, 0x47, 0x7a, 0x3a, 0xd7, 0x35, 0xff, 0xbc, 0xf9, 0xf3, 0xb5,
  0x94, 0x5f, 0xb3, 0x86, 0x34, 0xff, 0xb2, 0x59, 0xe8, 0x38, 0x0e, 0xb6, 0x6e, 0x7d, 0x17, 0x07,
  0x9a, 0x5a, 0x13, 0x95, 0xbc, 0x72, 0x77, 0x9a, 0xac, 0x85, 0x60, 0x30, 0xee, 0xf8, 0x85, 0xaf,
  0x9d, 0x24, 0xb5, 0xb7, 0xef, 0x6d, 0xd3, 0x9b, 0x1b, 0x9b, 0xa7, 0xcc, 0x9f, 0x3f, 0xcf, 0x48,
  0x87, 0xba, 0x19, 0x86, 0x8e, 0xaa, 0xda, 0x1a, 0x2d, 0x54, 0x13, 0x0a, 0xc9, 0xfd, 0x6e, 0x5b,
  0xa9, 0x9a, 0x86, 0x52, 0x74, 0xa0, 0x98, 0xc3, 00, 0xb8, 0xed, 0xed, 0x5b, 0xdd, 0x76, 0xe0,
  0x79, 0xc0, 0xda, 0x02, 0xbc, 0xdb, 0x09, 0xa0, 0xaf, 0x7f, 0xff, 0x13, 0x25, 0x5d, 0xf4, 0x08,
  0xc3, 0xc4, 0x5e, 0x65, 0x7e, 0x1f, 0x60, 0xf0, 0xe8, 0x0a, 0xa1, 0x10, 0x47, 0x3c, 0x32, 0x63,
  0xee, 0x8c, 0xe0, 0xa2, 0xe3, 0x8f, 0x45, 0x28, 0x1c, 0xca, 0x64, 0x8c, 0x48, 0x4f, 0x61, 0xd3,
  0xa3, 0x6b, 0x47, 0x47, 0x07, 0xde, 0xde, 0xf2, 0xb6, 0x6b, 0x24, 0xb4, 0x5d, 0x21, 0x23, 0xd0,
  0x37, 0xb8, 0xed, 0xc1, 0x30, 0x98, 0xe1, 0xd5, 0xea, 0x95, 0x3b, 0xa6, 0x6a, 0x35, 0xdb, 0x22,
  0xc9, 0xc8, 0xd6, 0xdd, 0x6f, 0xed, 0x6a, 0x14, 0x42, 0xf6, 0xb7, 0x9b, 0xf2, 0x1f, 0xd6, 0x4d,
  0x4d, 0x33, 0xc3, 0x81, 0x88, 0x23, 0xdd, 0x92, 0x07, 0x03, 0xa5, 0x44, 0x63, 0x89, 0xa7, 0xf4,
  0x01, 0xf6, 0x2e, 00, 0x3d, 0xe8, 0x9f, 0xfb, 0x02, 0x68, 0x2d, 0xf5, 0xba, 0x47, 0x12, 0x26,
  0x09, 0x3b, 0x91, 0x20, 0x14, 0x62, 0x22, 0xe1, 0x13, 0x5c, 0x85, 0x17, 0x1e, 0xbf, 0xd0, 0x3c,
  0xe6, 0x98, 0x05, 0x64, 0x59, 0xb9, 0x19, 0x59, 0xd3, 0x6b, 0xaf, 0xb6, 0x6d, 0xe3, 0xd9, 0x67,
  0x9f, 0xc5, 0xba, 0x17, 0xfe, 0x99, 0x08, 0x21, 0xd8, 0x5c, 0x54, 0xfb, 0x9c, 0x60, 0xe9, 0x3e,
  0x47, 0xd3, 0x75, 0x61, 0x92, 0x96, 0x6c, 0xdc, 0xde, 0xd8, 0x99, 0x72, 0x7d, 0x14, 0x70, 0x5d,
  0x0f, 0x8e, 0xe3, 0xa6, 0xa2, 0x65, 0x98, 0xd2, 0x3c, 0x59, 0xfa, 0xbb, 0xa5, 0x6b, 0xfa, 0xce,
  0x52, 0xcf, 0xc9, 0x83, 0x09, 0xfd, 0x4e, 0x4f, 0xaa, 0xc4, 0x47, 0x38, 0x24, 0x24, 0x31, 0x70,
  0x25, 0x85, 0x24, 0xdb, 0x73, 0xcc, 0xb8, 0x4a, 0x46, 0x6a, 0xea, 0x2a, 0xc3, 0x47, 0xcf, 0x9f,
  0xaf, 0x85, 0xc2, 0x11, 0xca, 0x35, 0x36, 0xa5, 0x86, 0xd8, 0xb4, 0xff, 0xf1, 0xdf, 0x1e, 0xf9,
  0x9b, 0xea, 0x69, 0xed, 0xe9, 0x2a, 0xf7, 0x45, 0x0a, 0x45, 0x9a, 0x17, 0x06, 0x27, 0x78, 0x4a,
  0x1a, 0xfb, 0xf6, 0x34, 0xba, 0x76, 0x22, 0xe9, 0xf4, 0xf4, 0xf4, 0x50, 0x47, 0x67, 0x1b, 0xdf,
  0xf0, 0xda, 0x46, 0xb7, 0xa7, 0xad, 0x27, 0xc6, 0x58, 0xe9, 0xb9, 0x86, 0x37, 0x6c, 0x3f, 0xb0,
  0xa5, 0x64, 0x39, 0x72, 0xc1, 00, 0x04, 0x30, 0xa0, 0x1e, 0x4f, 0x38, 0x4c, 0x12, 0xb6, 0x08,
  0x48, 0x89, 0x3e, 0xc6, 0x10, 0x1a, 0x6f, 0x39, 0x86, 0x82, 0x52, 0xe5, 0x3e, 0x84, 0x80, 0x23,
  0x3d, 0x2d, 0x21, 0xe3, 0x7e, 0xf2, 0x51, 0x68, 0xfe, 0xa2, 0x85, 0xfe, 0x85, 0x8b, 0x8e, 0xd5,
  0x83, 0xc1, 0xac, 0x22, 0x71, 0xfd, 0x09, 0x50, 0xd1, 0x1f, 0x2a, 0xb8, 0x63, 0xc7, 0x0e, 0xec,
  0xdd, 0xbd, 0x47, 0x04, 0x10, 0x1c, 0x95, 0x0a, 0x29, 0x85, 0xa0, 0x37, 0x37, 0xbf, 0x69, 0xdc,
  0x70, 0xcd, 0x0d, 0x3b, 0x64, 0x9f, 0xec, 0x4a, 0x7a, 0x49, 0xb2, 0x1d, 0x5b, 0x27, 0x4f, 0xd9,
  0x9a, 0x30, 0xa3, 0x96, 0x6e, 0x94, 0xd6, 0x09, 0x28, 0xd5, 0x79, 00, 0x1b, 0x0e, 0xa6, 0x0c,
  0x25, 0x47, 0x2a, 0xcd, 0xed, 0x84, 0x4e, 0x4a, 0x3e, 0x49, 0xd8, 0x62, 0x20, 0xb1, 0x1d, 0x0c,
  0x27, 0x8c, 0xb7, 0x18, 0x83, 0xc1, 0x74, 0xc6, 0x44, 0xd2, 0xd1, 0x3c, 0x28, 0x65, 0x7b, 0x8e,
  0xdf, 0x21, 0xaf, 0x6c, 0xd6, 0xec, 0x59, 0xe5, 0x67, 0x9d, 0xfb, 0xc1, 0xc0, 0xcc, 0x99, 0x0d,
  0x5c, 0xd7, 0x79, 0x7f, 0xf8, 0xda, 0x40, 0x26, 0xc5, 0x74, 0x38, 0xde, 0x03, 0x7f, 0x79, 0x08,
  0x6e, 0xdc, 0xed, 0xad, 0xd6, 0xaa, 0x3a, 0x46, 0x7b, 0xfd, 0x64, 0x4b, 0x7c, 0x9f, 0xd2, 0x3c,
  0x57, 0xe3, 0x5c, 0xea, 0x60, 0xd0, 0xe1, 0xcf, 0xe4, 0xff, 0x28, 0x15, 0x9e, 0x50, 0x5b, 0x47,
  0x2b, 0x47, 0xd6, 0x15, 0x6d, 0x4c, 0x70, 0xc2, 0x4e, 0x68, 0x7d, 0x7f, 0xac, 0xe0, 0x49, 0xef,
  0x60, 0x5e, 0xa6, 0x31, 0x05, 0x07, 0x83, 0xae, 0x19, 0x64, 0xf9, 0xfd, 0x1a, 0x19, 0xcc, 0x8c,
  0xbb, 0x09, 0xd3, 0x91, 0xae, 0x1e, 0x53, 0x7d, 0xd5, 0x7a, 0xc4, 0xac, 0x3e, 0xe6, 0x84, 0x85,
  0x91, 0x05, 0x0b, 0xe7, 0xeb, 0xf9, 0x3d, 0x7e, 0x52, 0xf3, 0xd7, 0x1d, 0x3b, 0x76, 0xe0, 0x9d,
  0xb7, 0xdf, 0x16, 0x21, 0x0a, 0xed, 0x35, 0x74, 0xa3, 0x74, 0x07, 0x07, 00, 0x8c, 0x73, 0xe5,
  0x37, 0x7d, 0xc9, 0x91, 0x2c, 0xcb, 0xc5, 0xc2, 0xf5, 0xe4, 0xc1, 0xa8, 0xc3, 0x0a, 0xa9, 0x30,
  0x4b, 0x81, 0x11, 0x2a, 0x0f, 0x1e, 0xe9, 0x98, 0x24, 0x6c, 0x11, 0x70, 0x7b, 0xdd, 0x4d, 0xe3,
  0x2d, 0x03, 0x90, 0x5a, 0x5f, 0x65, 0x06, 0xd3, 0x79, 0xd0, 0x08, 0x38, 0xdc, 0x09, 0x77, 0xc4,
  0x3a, 0x82, 00, 0xa0, 0x20, 0x0c, 0x1e, 0xd4, 0x2a, 0x4e, 0x58, 0xb2, 0xb8, 0xfc, 0xbc, 0x0f,
  0x9d, 0x6b, 0xd4, 0xd6, 0x4d, 0x49, 0x2f, 0xba, 0x66, 0x3e, 0xaa, 0x9f, 0xac, 0xae, 0xe7, 0xe1,
  0xa9, 0xd5, 0x4f, 0xa9, 0x8e, 0xa6, 0x96, 0x6e, 0x9f, 0xe7, 0x3b, 0x2c, 0x2a, 0xa1, 0x2b, 0x05,
  0x91, 0xec, 0x8e, 0xbf, 0x73, 0x30, 0x4d, 0x8c, 0x99, 0x30, 0x87, 0x39, 0x26, 0x55, 0xe2, 0x22,
  0xe0, 0xda, 0x5a, 0x27, 0x3c, 0xea, 0x80, 0xa6, 0x2a, 0xc7, 0x53, 0x0e, 0x22, 0x90, 0x23, 0x3d,
  0x2e, 0xe3, 0xbd, 0x7a, 0x67, 0x4f, 0x27, 0x87, 0x80, 0x5b, 0xee, 0x2b, 0x8f, 0xb9, 0xe4, 0xfa,
  0xa6, 0xce, 0x98, 0xe6, 0x9e, 0xbb, 0xec, 0x5c, 0x6d, 0xe1, 0xc2, 0x85, 0x99, 0xe0, 0x76, 00,
  0xe9, 0x89, 0x2b, 0x40, 0x80, 0xf0, 0x24, 0x1a, 0xf7, 0xed, 0xc3, 0xe6, 0x37, 0x37, 0xdb, 0x01,
  0x15, 0xd8, 0xe5, 0xd7, 0xac, 0xc3, 0x22, 0x63, 0x99, 0x52, 0xaa, 0xb5, 0xb9, 0xcf, 0xe9, 0x19,
  0x6f, 0x39, 0x8e, 0x04, 0x4c, 0x8e, 0xb0, 0x45, 0x60, 0x6b, 0x62, 0x6f, 0x9f, 0x82, 0x1c, 0xf7,
  0xf5, 0x3d, 0x52, 0x24, 0x45, 0x52, 0x38, 0x2a, 0x26, 0x7a, 0xcb, 0x8d, 0xf2, 0x8e, 0x6a, 0x5f,
  0x65, 0xb7, 0xc6, 0xb9, 0x34, 0xa0, 0x27, 0x4d, 0xb2, 0xba, 0x3c, 0xd7, 0xb3, 0xe3, 0xf1, 0x44,
  0x7f, 0x22, 0xb2, 0xb4, 0xa3, 0x44, 0x3a, 0x59, 0x5c, 0x2a, 0x49, 0xd9, 0x43, 0x0f, 0x3d, 0xac,
  0xba, 0x9a, 0xba, 0x0e, 0x94, 0xf1, 0xb2, 0x92, 0x1d, 0x1b, 0x0e, 0x15, 0x04, 0xa8, 0x35, 0x82,
  0xca, 0xe1, 0xbc, 0x9c, 0x26, 0xd1, 0x8f, 0x89, 0x1d, 0x3c, 0x38, 0x46, 0x48, 0xa0, 0xd3, 0x9d,
  0x57, 0x31, 0x67, 0x01, 0x18, 0x66, 0x8f, 0xab, 0x20, 0x8c, 0xc0, 0x18, 0x53, 0x8c, 0x73, 0xc5,
  0x18, 0x53, 0xe9, 0x0a, 0xe9, 0x4c, 0x92, 0x8c, 0xc5, 0x12, 0x5e, 0x5b, 0x47, 0x1b, 0xb9, 0xc2,
  0xd1, 0x83, 0xa1, 0xa0, 0xe6, 0x0f, 0x04, 0x99, 0xa6, 0x31, 0xd0, 0x40, 0x69, 0x77, 0xbc, 0xb3,
  0x75, 0x1b, 0xee, 0xf9, 0xfd, 0x1f, 0x12, 0x5e, 0xab, 0xfb, 0xae, 0x4f, 0xf3, 0x1f, 0x36, 0x15,
  0xe3, 0x84, 0xf2, 0xd6, 0xaf, 0xeb, 0x7a, 0xfa, 0xa5, 0xf1, 0x96, 0xe3, 0x48, 0xc0, 0x24, 0x61,
  0x8b, 0x83, 0xaa, 0xf3, 0xcd, 0x88, 0x18, 0x06, 0x3f, 0x65, 0xbc, 0x05, 0xc9, 0x0b, 0x46, 0x50,
  0xae, 0x70, 0xbb, 0x5a, 0xba, 0xe3, 0x4d, 0x7b, 0x9a, 0xe2, 0x3d, 0x3d, 0x9d, 0x4a, 0xca, 0x24,
  0x23, 0x06, 0x21, 0x05, 0x94, 0x14, 0x52, 0x25, 0xec, 0x38, 0xfe, 0xfe, 0xbf, 0x7f, 0x55, 0x6f,
  0xbd, 0xb4, 0x79, 0xaf, 0x99, 0xf4, 0x1d, 0xe0, 0x63, 0x64, 0x2c, 0x1a, 0x0b, 0xd8, 0xbd, 0xc9,
  0x87, 0xf6, 0xc4, 0xf6, 0xec, 0x1b, 0x6f, 0x39, 0x8e, 0x04, 0x4c, 0xce, 0x61, 0x8b, 0xc4, 0x9e,
  0xe6, 0x9e, 0x37, 0x17, 0xcc, 0xae, 0x51, 0xc4, 0xe5, 0xe1, 0xa1, 0x47, 0x0e, 0x02, 0xe3, 0x5c,
  0x99, 0x82, 0xc5, 0xfa, 0x9a, 0xbb, 0xed, 0x57, 0xfe, 0xfe, 0x72, 0x6f, 0xe3, 0xbb, 0x3b, 0x03,
  0x0d, 0x33, 0xa6, 0x1b, 0xb5, 0x75, 0xf5, 0x7a, 0x59, 0x65, 0xa5, 0xee, 0xa1, 0xcb, 0x7c, 0xf3,
  0xe5, 0x57, 0x48, 0x4f, 0xea, 0xcd, 0x06, 0xd3, 0x47, 0x65, 0x19, 0x3e, 0x14, 0x50, 0x82, 0xa9,
  0xe7, 0x5b, 0xdf, 0x3e, 0x2c, 0x8c, 0x7a, 0x47, 0x02, 0x26, 0x09, 0x5b, 0x24, 0xf6, 0xe0, 0xb5,
  0xfd, 0x47, 0xd3, 0xf2, 0x6d, 0x04, 0x36, 0x7f, 0xbc, 0x65, 0x29, 0x08, 0x4e, 0xe0, 0xd0, 0x84,
  0x17, 0x15, 0x7d, 0x7b, 0xdf, 0xda, 0x1f, 0x3f, 0xb0, 0xbd, 0x95, 0x05, 0x42, 0xef, 0xf2, 0x60,
  0x28, 0xc8, 0x89, 0x27, 0x74, 0xbb, 0x2f, 0xc1, 0x34, 0x61, 0xc4, 0x0e, 0x97, 0xb9, 0x2b, 00,
  0x48, 0xa9, 0x5e, 0x02, 0xda, 0xa2, 0xe3, 0x2d, 0xc7, 0x91, 0x82, 0x49, 0xc2, 0x96, 00, 0x46,
  0xda, 0xa3, 0x80, 0x3c, 0x7c, 0x09, 0x9b, 0x06, 0x27, 0x40, 0x91, 0x70, 0x12, 0x52, 0x88, 0x44,
  0x8f, 0xdb, 0xd7, 0x11, 0x25, 0x45, 0x92, 0x08, 0x1c, 0x5c, 0x15, 0x48, 0xdf, 0x32, 0x4e, 0x88,
  0x51, 0xf2, 0xe1, 0xf1, 0x96, 0xe1, 0x48, 0xc2, 0xa4, 0x95, 0xb8, 0x04, 0xfc, 0x7d, 0xfb, 0xdf,
  0x5f, 0x54, 0x82, 0x8e, 0xa0, 0xe5, 0x07, 0x82, 00, 0xe0, 0x09, 0xa1, 0x84, 0xa7, 0xa4, 0xe7,
  0x29, 0x79, 0x38, 0x59, 0x2d, 0xa4, 0x90, 0x8d, 0x2f, 0xee, 0x7a, 0x66, 0x2c, 0x1c, 0xfe, 0xdf,
  0x37, 0x98, 0x24, 0x6c, 0x69, 0x10, 0x0e, 0xd4, 0x9b, 0xe3, 0x2d, 0xc4, 0x44, 0x81, 0x47, 0xf2,
  0x0d, 00, 0xa5, 0x07, 0x1e, 0xbc, 0x8f, 0x31, 0x49, 0xd8, 0xd2, 0xa0, 0xa4, 0x93, 0xdc, 0xa8,
  0x3c, 0x4c, 0xec, 0x8a, 0x4b, 0xef, 0x01, 0xa4, 0x42, 0xd2, 0xee, 0x15, 0x9b, 0xc7, 0x5b, 0x8e,
  0x23, 0x0d, 0x93, 0x84, 0x2d, 0x11, 0xdd, 0xed, 0xf6, 0x3b, 0x92, 0xe4, 0x61, 0x1d, 0xbe, 0x25,
  0xd5, 0xc0, 0x67, 0xf0, 0xff, 0x83, 0xf7, 0xbd, 0xd7, 0x32, 0xa5, 0x41, 0x82, 0xa2, 0x6d, 0x6d,
  0xcd, 0x07, 0xe3, 0x8e, 0xf8, 0xbe, 0xc4, 0xa4, 0xd1, 0xa9, 0x44, 0xbc, 0x61, 0xaf, 0xdb, 0xf3,
  0x21, 0xfc, 0x4b, 0x23, 0xa0, 0xca, 0x0a, 0x1d, 0x23, 0x15, 0xc0, 0xf2, 0x18, 0x62, 0x89, 0x06,
  0x2a, 0xde, 0x53, 0x81, 0xae, 0x52, 0xc9, 0x2c, 0xef, 0x75, 0x25, 0x89, 0x18, 0xc0, 0x21, 0x09,
  0x0c, 0x20, 0x86, 0xd4, 0x5f, 0x35, 0xd0, 0x4e, 0xbf, 0x67, 0x04, 0xa0, 0x40, 0xba, 0x26, 0x09,
  0x4c, 0x31, 0x6e, 0xba, 0x4c, 0xd7, 0x24, 0x23, 0x26, 0x99, 0xc6, 0x53, 0xe5, 0x09, 0xc8, 0x63,
  0x4a, 0x48, 0x92, 0xc9, 0x24, 0x09, 0x21, 0x75, 0x09, 0x41, 0x12, 00, 0x3c, 0xc1, 0x94, 0xf4,
  0x20, 0xa5, 0xc7, 0x94, 0x94, 0x29, 0x83, 0x54, 0x36, 0xb1, 0x18, 0xa5, 0x16, 0xeb, 0x25, 0x81,
  0x84, 0xc8, 0x6f, 0xaf, 0x22, 0x96, 0x8a, 0x09, 0x1a, 0x90, 0x1b, 0x84, 0xb4, 0x12, 0x92, 0xde,
  0xd7, 0xdf, 0xa6, 0x27, 0x89, 0x98, 0x22, 0xe9, 0x79, 0xea, 0x95, 0x6d, 0xd8, 0xd6, 0x9e, 0xff,
  0x29, 0x4c, 0xa2, 0x10, 0x0e, 0xa5, 0x7d, 0xbf, 0x5a, 0xf7, 0x37, 0x34, 0x70, 0x9f, 0x56, 0x6e,
  0x99, 0x66, 0x90, 0x94, 0x0c, 0x12, 0x41, 0x3f, 0x12, 0x7d, 0x35, 0x48, 0x2a, 0x01, 0x28, 0x12,
  0x50, 0x8c, 0x31, 0x8e, 0x10, 0x37, 0x67, 0x97, 0x51, 0xe0, 0x02, 0x9d, 0x33, 0x49, 0x20, 0xcf,
  0x20, 0x72, 0x49, 0x91, 0xe0, 0x8a, 0xa4, 0x04, 0xa0, 0x48, 0x31, 0x30, 0x45, 0x24, 0x55, 0x8a,
  0x15, 0x4c, 0x11, 0x01, 0x20, 0x83, 0xc8, 0x20, 0x40, 0x41, 0x90, 0xeb, 0x11, 0x29, 0x01, 0xa8,
  0xfe, 0x17, 0x5a, 0xa8, 0xfe, 0x12, 0xd1, 0x52, 0x90, 0x64, 0x44, 0x8a, 0x24, 0x49, 0xa1, 0x88,
  0x08, 0x8c, 0x48, 0x91, 0x80, 0x64, 0x1a, 0x27, 0x26, 0x95, 0x64, 0x04, 0x90, 0x24, 0x99, 0x4d,
  0x5a, 0x02, 00, 0xce, 0x25, 0xd7, 0x74, 0xc5, 0x34, 0x1d, 0x5c, 0xd3, 0x3c, 0x06, 0x2e, 0x99,
  0xce, 0x88, 0x40, 0x8a, 0xa0, 0x48, 0x09, 0x41, 0x22, 0x99, 0x64, 0x9e, 0xf2, 0xb8, 0x70, 0xdd,
  0x54, 0x62, 0x17, 0x25, 0xb9, 0x60, 0x92, 0x27, 0xb9, 0xb0, 0x6c, 0xa5, 0x94, 0xab, 0x33, 0x5d,
  0x28, 0xa9, 0x24, 0x01, 0x4a, 0x11, 0x98, 0x27, 0x04, 0x27, 0x02, 0x93, 0x24, 0x99, 0x27, 0x19,
  0x93, 0x24, 0x88, 0x94, 0x62, 0x0a, 0x8a, 0x94, 0x22, 0x52, 0x50, 0xa9, 0xf6, 0xb3, 0xa0, 0xd2,
  0xe5, 0xae, 0x29, 0x1d, 0xdc, 0x27, 0x20, 0x04, 0x48, 0x29, 0x50, 0xaa, 0x2a, 0x89, 0x72, 0x5a,
  0x93, 0xf1, 0xff, 0x97, 0x24, 0xa7, 0x87, 0xb1, 0x7c, 0x5d, 0xdb, 0xc4, 0x83, 0x94, 0x9e, 0x50,
  0x90, 0x09, 0x05, 0x8a, 0x2b, 0x21, 0x7a, 0xfa, 0xfa, 0x44, 0x13, 0xec, 0x3d, 0x4d, 0x28, 0xad,
  0x78, 0xdb, 0x98, 0x13, 0xd6, 0xd2, 0xc3, 0xb3, 0x8f, 0xf3, 0xfb, 0xb4, 0xd9, 0x9c, 0xd8, 0x02,
  0xd2, 0xf8, 0x31, 0x8c, 0x50, 0xc7, 0x49, 0x8b, 0x28, 0x92, 0xe5, 0x50, 0xca, 0x1c, 0x13, 0x2d,
  0x5c, 0x65, 0xf5, 0xf4, 0x39, 0x77, 0x70, 0x68, 0x34, 0x7c, 0x62, 0xca, 0x53, 0x92, 0x08, 0x4a,
  0xf2, 0xf4, 0xd0, 0xc8, 0x15, 0x59, 0x8c, 0x08, 0x1a, 0xa3, 0xa4, 0x06, 0x96, 0x64, 0xd0, 0x5c,
  0x96, 0xca, 0x0e, 0x4a, 0x42, 0x09, 0x06, 0x62, 0x84, 0xd4, 0xf8, 0x97, 0x7a, 0x69, 0x49, 0x12,
  0x67, 0x20, 0x4d, 0x53, 0x20, 0x26, 0xc9, 0x76, 0x18, 0x29, 0xc1, 00, 0x92, 0x24, 0xe4, 0xc0,
  0x5d, 0x28, 0x02, 0x23, 0x48, 0x52, 00, 0x49, 0x49, 0x0c, 0xa4, 0x48, 0x29, 0x45, 0xc4, 0x88,
  0x09, 0x92, 0x0c, 0x50, 0x04, 0x49, 0x24, 0x15, 0x08, 0xe8, 0x27, 0x8a, 0xea, 0x2f, 0x0e, 0x5f,
  0x44, 0x11, 0x29, 0x25, 0x95, 0x02, 0x41, 0xa5, 0xe5, 0x02, 0x41, 0x69, 0xe0, 0x49, 0x8d, 0x58,
  0x42, 0x67, 0xdc, 0x66, 0x0a, 0x2e, 0x53, 0x4c, 0x49, 0x92, 0x04, 0x46, 0x5c, 0x2a, 0xc5, 0xa5,
  0x52, 0x1a, 0x48, 0x32, 0x4f, 0x82, 0x11, 0x09, 0x26, 0x24, 0xe3, 00, 0x40, 0xa4, 0x48, 0x2a,
  0x95, 0xba, 0xcf, 0x81, 0xa7, 0x85, 0x9c, 0xe2, 0xb9, 0x03, 0x57, 0x06, 0x98, 0x62, 0x92, 0x14,
  0x29, 0x45, 0x49, 0xa9, 0xbc, 0x38, 0x29, 0x4d, 0x53, 0x50, 0xef, 0x8b, 0x69, 0x99, 0x62, 0xca,
  0x53, 0x42, 0x45, 0x39, 0x43, 0xaf, 0x90, 0xaa, 0x0d, 0x50, 0xef, 0x7a, 0x9e, 0xbb, 0xd9, 0x11,
  0x6a, 0x67, 0xac, 0x35, 0xf9, 0x16, 0xb0, 0xaf, 0xa8, 0x34, 0x3d, 0x63, 0x45, 0x58, 0x0d, 0x81,
  0x59, 0x0b, 0x43, 0x7e, 0x3a, 0x49, 0x33, 0xad, 0x8b, 0x35, 0xc6, 0x4e, 0xd5, 0x35, 0x5e, 0xa5,
  0xf5, 0x17, 0x61, 0x3a, 0x18, 0xa4, 0x1d, 0xd7, 0x0b, 0x82, 0x32, 0x07, 0x0e, 0x6c, 0x2a, 0xf0,
  0xe2, 0x0e, 0x57, 0x50, 0x69, 0xa4, 0x73, 0x0b, 0x41, 0x78, 0x42, 0x51, 0xbf, 0x36, 0xa8, 0xfa,
  0x89, 0xc3, 0x18, 0x23, 0x2a, 0x61, 0xe0, 0x18, 0x52, 0x33, 0x66, 0x88, 0x50, 0x79, 0xb7, 0x8e,
  0x29, 0x84, 0x27, 0x14, 0x24, 0x04, 0x11, 0x53, 0x80, 0x64, 0x0a, 0x8a, 0x88, 0x33, 0x36, 0x7c,
  0x51, 0xe6, 0x31, 0x96, 0xab, 0x3f, 0x05, 0x6b, 0xc1, 0xeb, 0x0d, 0x5c, 0xb4, 0x94, 0x46, 0x73,
  0x92, 0xcf, 0xa5, 0x9a, 0x18, 0x5c, 0x1c, 0x3b, 0xd3, 0x7a, 0x49, 0xf2, 0x0c, 0x7b, 0xee, 0x08,
  0x10, 0x42, 0x28, 0x4f, 0x78, 0xb6, 0x94, 0xd8, 0xe2, 0x39, 0xf2, 0x09, 0x57, 0x7a, 0xff, 0x88,
  0xc6, 0xa3, 0x1b, 0xd1, 0xd7, 0x34, 0x6c, 0x42, 0x81, 0xb1, 0x78, 0xda, 0x21, 0x7f, 0xd5, 0xec,
  0xa5, 0x96, 0x66, 0x7e, 0x46, 0x33, 0xf8, 0x05, 0xba, 0xae, 0x05, 0xb8, 0xa6, 0x8d, 0xba, 0xd7,
  0x1c, 0x78, 0x79, 0xfb, 0x45, 0xa3, 0xa1, 0x84, 0xcd, 0xf7, 0x12, 0x15, 0x43, 0xc6, 0x62, 0x31,
  0x30, 0xd1, 0x3c, 0xb4, 0x24, 0x51, 0x4a, 0x41, 0x7a, 0x2e, 0x12, 0xf1, 0x1e, 0xa4, 0xeb, 0xc7,
  0x32, 0xc6, 0xa0, 0x99, 0xd9, 0xb9, 0xb0, 0x09, 0x9a, 0x6e, 0x40, 0xd3, 0x52, 0x35, 0x65, 0x0e,
  0xbd, 0x24, 0xfa, 00, 00, 00, 0x20, 00, 0x49, 0x44, 0x41, 0x54, 0xb5, 0x4c, 0x69, 0xb9,
  0x3c, 0xc7, 0x46, 0xbc, 0xaf, 0xab, 0xe0, 0x31, 0x8c, 0x31, 0x58, 0x81, 0x08, 0x34, 0xc3, 0x1a,
  0x93, 0x6a, 0xea, 0x4e, 0x22, 0x06, 0x3b, 0xd1, 0x0b, 0x55, 0xc0, 0x1a, 0xc6, 0x75, 0x03, 0x96,
  0x3f, 0x04, 0xc6, 0x35, 0x30, 0x96, 0x3b, 0x0e, 0x14, 0xfa, 0xed, 0x3d, 0xcf, 0x41, 0xa2, 0xaf,
  0x0b, 0xaa, 0xbf, 0x94, 0xc7, 0x90, 0x8e, 0x91, 0x33, 0x98, 0x56, 00, 0xba, 0xe1, 0x03, 0xe3,
  0x5a, 0xce, 0x7d, 0xb8, 0xc9, 0x04, 0x12, 0xb1, 0x9e, 0xcc, 0xb9, 0xf9, 0x60, 0xfa, 0x83, 0xfd,
  0xe7, 0xf2, 0x4c, 0x66, 0xca, 0xd1, 0x40, 0x7a, 0x9e, 0x9b, 0x14, 0xde, 0x66, 0xdb, 0x49, 0xfe,
  0x77, 0x5f, 0x54, 0xfe, 0x0f, 0x7a, 0x77, 0xec, 0x40, 0x81, 0x61, 0xea, 0x60, 0x9e, 0x34, 0x05,
  0x66, 0xcd, 0xaa, 0x11, 0x5d, 0xde, 0x87, 0x43, 0xe1, 0xc8, 0x8d, 0x86, 0xae, 0xcd, 0x18, 0x2d,
  0x51, 0xf3, 0x3f, 0xf0, 0x7e, 0x8d, 0xad, 0x44, 0x09, 0x47, 0x22, 0xee, 0x70, 0x2f, 0x57, 0xa6,
  0x07, 0xce, 0x3d, 0xa1, 0x34, 0x01, 0x8a, 0x85, 0x52, 0x48, 0xc4, 0x7b, 0xd1, 0xd6, 0xf8, 0x6e,
  0x51, 0x87, 0x5b, 0x81, 0x30, 0x22, 0x95, 0x53, 0x61, 0x5a, 0x81, 0xe2, 0x64, 0x52, 0x6a, 0x64,
  0xed, 0x24, 0xdf, 0x69, 0x50, 0x48, 0xc6, 0xa3, 0x68, 0x6b, 0x1a, 0x59, 0x2e, 0xae, 0xe9, 0xa8,
  0x98, 0x32, 0x13, 0x3e, 0x7f, 0xf8, 0xa0, 0x9e, 0x53, 0x57, 0xcb, 0x5e, 0xf4, 0x75, 0x8f, 0x1c,
  0xbd, 0x68, 0x58, 0x7e, 0x44, 0xaa, 0xea, 0x61, 0x5a, 0x7e, 0x50, 0x86, 0xb4, 0x69, 0x15, 0x3c,
  0x17, 0x9e, 0x63, 0x63, 0xff, 0xee, 0x91, 0x57, 0x8d, 0x38, 0xd7, 0x11, 0xae, 0xac, 0x83, 0x3f,
  0x54, 0x06, 0xce, 0x75, 0x80, 0x08, 0xdd, 0x6d, 0x4d, 0xe8, 0xed, 0xdc, 0x5f, 0x94, 0xec, 0xa1,
  0xf2, 0x5a, 0x04, 0x23, 0x55, 0xd0, 0x0c, 0xf3, 0xe0, 0x48, 0x2b, 0xa5, 0x72, 0x93, 0xae, 0x2b,
  0x84, 0xfc, 0x7d, 0xdc, 0x49, 0xde, 0x1d, 0x6f, 0xdb, 0xfe, 0x26, 0xf2, 0x54, 0x4f, 0x18, 0xad,
  0x95, 0x98, 0x80, 0x60, 0x55, 0xc0, 0x0d, 0x7c, 0x0e, 0x65, 0xea, 0x06, 0xcb, 0xb4, 0x0a, 0x5a,
  0x4c, 0xf3, 0x42, 0xf5, 0x97, 0x44, 0x2b, 0xd4, 0x38, 0xa5, 0x7e, 0x84, 0xd1, 0xf4, 0xdc, 0x44,
  0x94, 0xa5, 0xca, 0x0c, 0x7d, 0x61, 0x55, 0xff, 0xfc, 0x2a, 0x9f, 0x2a, 0xd3, 0x7f, 0xea, 0x40,
  0x55, 0xb4, 0x7e, 0x59, 0x47, 0x3b, 0x82, 0x0c, 0xa7, 0xc2, 0x29, 0xa5, 0xd0, 0xd7, 0xd5, 0x52,
  0x74, 0x5b, 0x76, 0xac, 0x17, 0x6e, 0x32, 0x81, 0xba, 0x59, 0xc7, 0x82, 0xd1, 0xf0, 0x33, 0x0d,
  0xa5, 0x14, 0x1c, 0x3b, 0x86, 0xbe, 0xae, 0x16, 0x48, 0x29, 0x4a, 0x26, 0xad, 0xe7, 0x15, 0x67,
  0x07, 0x11, 0x9e, 0x8b, 0x58, 0x4f, 0x3b, 0x2c, 0x7f, 0x08, 0x34, 0x4c, 0xdf, 0xaf, 0x94, 0x2c,
  0xd8, 0x91, 0xba, 0x76, 0xa2, 0x28, 0xb2, 0x02, 0x80, 0x63, 0xc7, 0xe1, 0xd8, 0x31, 0x68, 0xba,
  0x01, 0x4e, 0x94, 0xb9, 0xe6, 0x90, 0x47, 0x4c, 0x84, 0x58, 0x5f, 0x67, 0x71, 0xf7, 0x20, 0x5c,
  0xd8, 0xf1, 0x5e, 0x18, 0x96, 0x1f, 0x8c, 0x6b, 0x48, 0xc6, 0xa3, 0x45, 0x93, 0x15, 00, 0xfa,
  0xba, 0x5a, 0xa0, 0x9b, 0x3e, 0x30, 0x4d, 0x07, 0xe7, 0xa3, 0x27, 0x2c, 0x63, 0x8c, 0x4c, 0x9f,
  0x69, 00, 0xf8, 0x3f, 0x14, 0x57, 0x33, 0x51, 0xb5, 0xe0, 0xbb, 0xf1, 0xf6, 0xb7, 0x37, 0x61,
  0x10, 0x69, 0x47, 0x49, 0xd8, 0xf2, 0xb0, 0x3f, 0x12, 0xbe, 0x58, 0x31, 0x75, 0x93, 0xcf, 0xf4,
  0x15, 0x5d, 0x2e, 0x4c, 0x29, 0x05, 0x27, 0x11, 0x85, 0x9d, 0x88, 0x02, 0x4a, 0x42, 0x15, 0x98,
  0x77, 0x32, 0x4d, 0x83, 0x69, 0x05, 0xa1, 0xe9, 0x06, 0x88, 0xf1, 0xa2, 0x09, 0x93, 0xca, 0xb9,
  0x2b, 0xe1, 0x26, 0x13, 0xb0, 0x63, 0xbd, 0xf0, 0x3c, 0x07, 0xc2, 0x73, 0xb2, 0x73, 0x90, 0x81,
  0x6b, 0x06, 0x0c, 0xc3, 0x82, 0xe1, 0x0b, 0x42, 0x37, 0x7d, 0x20, 0x4a, 0x55, 0xfc, 0x76, 0x9d,
  0x04, 0x92, 0xf1, 0x3e, 0x08, 0xaf, 0xff, 0xf9, 0xa8, 0x34, 0xb9, 0xf3, 0xcb, 0x38, 0x92, 0x1c,
  0x86, 0x69, 0x41, 0x37, 0x03, 0x29, 0x75, 0x89, 0xf1, 0xfe, 0x5a, 0xab, 0x59, 0xc7, 0x48, 0x09,
  0x3b, 0x96, 0x8a, 0xd9, 0x8e, 0x44, 0x22, 0xb8, 0xfd, 0xf6, 0xdb, 0x11, 0x8d, 0x46, 0x11, 0x8b,
  0xc5, 0xd0, 0xd7, 0xd7, 0x87, 0xbe, 0xbe, 0x3e, 0xf4, 0xf6, 0xf6, 0xa2, 0xa7, 0xa7, 0x07, 0xcf,
  0x3f, 0xff, 0x3c, 0x3a, 0x3a, 0x3a, 0x20, 0x3c, 0x17, 0x76, 0xbc, 0x0f, 0x96, 0x2f, 0x54, 0x50,
  0x37, 0x22, 0x10, 0x84, 0xe7, 0xa2, 0xbd, 0x79, 0x07, 0x84, 0x77, 0xf0, 0x4e, 0x44, 0xbf, 0xfe,
  0xf5, 0xaf, 0x31, 0x65, 0xca, 0x94, 0x9c, 0x6d, 0x4d, 0x4d, 0x4d, 0xf8, 0xf7, 0x7f, 0xff, 0x77,
  00, 0x80, 0x14, 0x22, 0xbf, 0x8d, 0xa9, 0x1f, 0xa5, 0x8c, 0x56, 0x17, 0x5f, 0x7c, 0x31, 0x2e,
  0xbc, 0xf0, 0xc2, 0x21, 0xdb, 0x5f, 0x78, 0xe1, 0x05, 0xdc, 0x77, 0xdf, 0x7d, 00, 00, 0xc7,
  0x8e, 0x81, 0x6b, 0x7a, 0xff, 0x68, 0x38, 0xb4, 0x0d, 0xc3, 0xf4, 0x81, 0x18, 0x87, 0x70, 0x06,
  0x92, 0x69, 0xfc, 0xe2, 0x17, 0xbf, 0x40, 0x5d, 0x5d, 0xdd, 0x90, 0x7b, 0xf8, 0xfa, 0xd7, 0xbf,
  0x9e, 0xba, 0x07, 0xcf, 0x85, 0x94, 0x02, 0xd2, 0x13, 0xe8, 0x3c, 0xb0, 0x3b, 0x73, 0xcc, 0x7f,
  0xfc, 0xc7, 0x7f, 0x60, 0xee, 0xdc, 0xb9, 0x79, 0x65, 0xfd, 0xc1, 0x0f, 0x7e, 0x80, 0xbd, 0x7b,
  0xf7, 0x02, 0x40, 0xea, 0x9d, 0x51, 0x32, 0xd5, 0xdb, 0x8f, 0x81, 0x46, 0xe6, 0xf3, 0xfb, 0x3f,
  0x0c, 0xd8, 0xb6, 0xa8, 0x9a, 0xff, 0xed, 0x64, 0xfb, 0xd6, 0xed, 0xc0, 0x80, 0xa3, 0xce, 0x68,
  0x08, 0x6b, 0x99, 0xe5, 0xe1, 0xd3, 0x03, 0xe1, 0xe0, 0x2d, 0x3e, 0x6b, 0x64, 0xb2, 0xa6, 0xd5,
  0x32, 0x25, 0x25, 0xda, 0xf7, 0xef, 0xc8, 0xbc, 0xa4, 0xc5, 0xa0, 0xbc, 0xb6, 0x01, 0xbe, 0x40,
  0x19, 0x34, 0x4d, 0x1f, 0xf6, 0x41, 0x28, 0x25, 0x21, 0x3d, 0x0f, 0xd1, 0x9e, 0x76, 0xc4, 0xfb,
  0x3a, 0xe1, 0x3a, 0xc3, 0x94, 0x52, 0x05, 0x90, 0xae, 0xb8, 0xa4, 0x1b, 0x16, 0xfc, 0xa1, 0x0a,
  0x10, 0x11, 0xba, 0xdb, 0x9b, 0x8a, 0x96, 0xab, 0x58, 0xa4, 0x3b, 0x04, 0xe1, 0x3a, 0x10, 0xa2,
  0x30, 0x79, 0x4e, 0x3f, 0xfd, 0x74, 0x5c, 0x71, 0xc5, 0x15, 0x79, 0xf7, 0xd9, 0xb6, 0x8d, 0x86,
  0x86, 0x86, 0xcc, 0xff, 0xed, 0x4d, 0xdb, 0x87, 0xbd, 0xa6, 0xe5, 0x0f, 0x83, 0x6b, 0xfa, 0x98,
  0x90, 0x15, 00, 0x3e, 0xf2, 0x91, 0x8f, 0x60, 0xe6, 0xcc, 0x99, 0x39, 0xdb, 0xde, 0x7a, 0xeb,
  0xad, 0xa2, 0xce, 0x4d, 0x44, 0xbb, 0x4b, 0x1a, 0xad, 0x4e, 0x3c, 0xf1, 0x44, 0xfc, 0xdb, 0xbf,
  0xfd, 0x5b, 0xde, 0x7d, 0x69, 0xc2, 0x26, 0xa2, 0xdd, 0x48, 0x44, 0xbb, 0x0b, 0xb6, 0x91, 0x52,
  0x9b, 0xa7, 0xe6, 0x8c, 0xe8, 0x1f, 0xfe, 0xf0, 0x87, 0x31, 0x7f, 0x7e, 0x6e, 0xcc, 0xc6, 0x96,
  0x2d, 0x5b, 0x32, 0x84, 0x05, 00, 0x28, 0x20, 0xd6, 0xd7, 0x01, 0xcf, 0x4d, 0x11, 0xfd, 0xb8,
  0xe3, 0x8e, 0xc3, 0xf7, 0xbf, 0xff, 0xfd, 0xbc, 0xd5, 0xf0, 0xd6, 0xad, 0x5b, 0x97, 0x21, 0x2b,
  0xe3, 0x1a, 0x34, 0xdd, 0xc0, 0x58, 0x1b, 0x05, 0x7d, 0x7e, 0xeb, 0xe3, 0x42, 0x78, 0x3b, 0x93,
  0x98, 0xf1, 0x33, 0x60, 0xcf, 0x01, 0xf4, 0x0f, 0x3b, 0xa5, 0x12, 0x96, 0x60, 0x34, 0xcc, 0x0e,
  0x05, 0xfc, 0xdf, 0xf6, 0x59, 0xbe, 0xa9, 0xc3, 0x1d, 0x38, 0x78, 0xfe, 0xd4, 0xd7, 0xdd, 0x5a,
  0x12, 0x59, 0x01, 0xa0, 0xaf, 0xb3, 0x05, 0x9a, 0x6e, 0x82, 0x71, 0x5e, 0x40, 0x0d, 0x4c, 0x95,
  0x9c, 0xe8, 0xed, 0x3c, 0x80, 0x58, 0x4f, 0x7b, 0xc9, 0x2f, 0xa9, 0xeb, 0xd8, 0xe8, 0xe9, 0x28,
  0x2e, 0xe9, 0xfd, 0x68, 0xe0, 0x26, 0x13, 0x45, 0x1d, 0x77, 0xe2, 0x89, 0x27, 0x16, 0xdc, 0xb7,
  0x6e, 0xdd, 0x3a, 0xb4, 0xb5, 0x15, 0x9f, 0x2b, 0xcd, 0x8e, 0xe7, 0x3e, 0xe3, 0x9b, 0x6f, 0xbe,
  0x19, 0x9f, 0xfb, 0xdc, 0xe7, 0x8a, 0x3e, 0x1f, 00, 0xd6, 0xac, 0x59, 0x83, 0x7f, 0xfd, 0xd7,
  0x7f, 0x05, 0x80, 0xbc, 0x15, 0xcd, 0x5d, 0x77, 0xe0, 0x39, 0xdb, 0xf1, 0x5e, 0xec, 0x7b, 0xf7,
  0x75, 00, 0x40, 0x79, 0xed, 0x0c, 0x04, 0xc2, 0x15, 0xa9, 0x1d, 0x44, 0xf0, 0xdc, 0x01, 0xd5,
  0xfa, 0x84, 0x13, 0x4e, 0x40, 0x79, 0x79, 0xf9, 0x90, 0xb6, 0xd6, 0xad, 0x5b, 0x87, 0x78, 0x7c,
  0xec, 0x92, 0x5f, 0x38, 0x76, 0x1c, 0x76, 0xb4, 0x07, 0x52, 0x95, 0x10, 0x94, 0x44, 0x04, 0x21,
  0x3d, 0x74, 0xb7, 0x0d, 0x54, 0x0a, 0xb9, 0xe1, 0x86, 0x1b, 0x0a, 0x96, 0xae, 0xdc, 0xb6, 0x6d,
  0x5b, 0xe6, 0xbb, 0x14, 0x1e, 0x1c, 0x3b, 0x06, 0xdd, 0xb0, 0x40, 0xac, 0xdf, 0xb3, 0x05, 0xa5,
  0xaf, 0x36, 0xe4, 0x83, 0xa6, 0xe9, 0x57, 0xfb, 0x2a, 0xec, 0x57, 0x13, 0x9d, 0x78, 0x14, 0xfd,
  0xc5, 0xc5, 0x4a, 0x25, 0x6c, 0xc4, 0xef, 0xd3, 0x96, 0x32, 0xce, 0x0b, 0x57, 0x08, 0xcb, 0x63,
  0x0a, 0x27, 0x22, 0xc4, 0x7a, 0x06, 0x9c, 0x5a, 0x6e, 0xbb, 0xed, 0x36, 0x04, 0x02, 0x81, 0x82,
  0x4d, 0xfc, 0xfe, 0xf7, 0xbf, 0xc7, 0xfa, 0xf5, 0xeb, 0xe1, 0xb9, 0x49, 0x38, 0x89, 0x28, 0x74,
  0xdd, 0x04, 0xe9, 0x2c, 0xf7, 0x21, 0x28, 0x05, 0xcf, 0x73, 0xd1, 0xd9, 0xb2, 0x7b, 0x48, 0x47,
  0xb0, 0x70, 0xe1, 0x42, 0x5c, 0x72, 0xc9, 0x25, 0x38, 0xed, 0xb4, 0xd3, 0x50, 0x5d, 0x5d, 0x8d,
  0xaa, 0xaa, 0x2a, 0x28, 0xa5, 0xd0, 0xde, 0xde, 0x8e, 0xb6, 0xb6, 0x36, 0xfc, 0xf3, 0x9f, 0xff,
  0xc4, 0x83, 0x0f, 0x3e, 0x88, 0xad, 0x5b, 0xb7, 0x0e, 0x39, 0xef, 0x9a, 0x6b, 0xae, 0x19, 0xf9,
  0x29, 0x8c, 0x80, 0x27, 0x9e, 0x78, 0x02, 0x8f, 0x3c, 0xf2, 0x48, 0xd1, 0xc7, 0x9f, 0x70, 0x42,
  0xe1, 0x94, 0xc7, 0x4f, 0x3f, 0xfd, 0xf4, 0x41, 0xc9, 0x52, 0x51, 0x51, 0x31, 0x64, 0x84, 0x1c,
  0x09, 0x35, 0x35, 0x35, 0x99, 0xef, 0x8c, 0x0d, 0x9d, 0x97, 0x65, 0x13, 0x36, 0x10, 0x08, 0xa0,
  0xb6, 0xb6, 0x16, 0x5d, 0x5d, 0x5d, 0xe8, 0x6a, 0xd9, 0x8b, 0x44, 0x5f, 0x17, 0x40, 0xa9, 0x91,
  0x3e, 0xdb, 0xe2, 0xfb, 0xd3, 0x9f, 0xfe, 0x14, 0xe7, 0x9d, 0x77, 0xde, 0x90, 0xb6, 0x8e, 0x3e,
  0xfa, 0xe8, 0x21, 0xbf, 0xc3, 0x60, 0xcc, 0x9d, 0x3b, 0x17, 0xdf, 0xf8, 0xc6, 0x37, 0x86, 0x3d,
  0xa6, 0xb1, 0xb1, 0x11, 0x7f, 0xfa, 0xd3, 0x9f, 00, 00, 0xf1, 0x68, 0x77, 0x49, 0xab, 0x06,
  0xae, 0x63, 0xa3, 0xb7, 0x7d, 0xa0, 0xe3, 0x5e, 0xbe, 0x7c, 0x39, 0x2e, 0xb9, 0xe4, 0x92, 0x82,
  0xc7, 0xaf, 0x58, 0xb1, 0x02, 0x8f, 0x3d, 0xf6, 0x18, 0x1e, 0x78, 0xe0, 0x01, 00, 0x40, 0xac,
  0xb7, 0x03, 0x9a, 0x6e, 0x82, 0x18, 0x07, 0xd7, 0xf4, 0x4c, 0x75, 0xf8, 0x83, 0x25, 0xad, 0xe5,
  0x33, 0x4d, 0x29, 0xe5, 0x97, 0x05, 0xcd, 0xdc, 0xe8, 0x74, 0xec, 0xde, 0x0a, 0x40, 0x95, 0x44,
  0xd8, 0x9a, 0x59, 0x27, 0xcc, 0xd0, 0x94, 0xfc, 0x57, 0xcd, 0xd4, 0xf3, 0x4a, 0x92, 0xfb, 0x90,
  0x28, 0xa3, 0xc5, 0xda, 0xf1, 0xbe, 0x8c, 0xaa, 0x71, 0xfe, 0xf9, 0xe7, 0xe7, 0xaa, 0x22, 0x79,
  0xc0, 0x39, 0xc7, 0xfa, 0xf5, 0xeb, 0x01, 00, 0x4e, 0x32, 0x01, 0x4b, 0x78, 0xe0, 0x9a, 0x31,
  0xa0, 0x16, 0x2b, 0x05, 0xd7, 0xb1, 0xd1, 0x79, 0x60, 0x37, 0x92, 0xf6, 0x40, 0x49, 0xd1, 0xe5,
  0xcb, 0x97, 0xe3, 0xc6, 0x1b, 0x6f, 0xc4, 0x19, 0x67, 0x9c, 0x91, 0xf7, 0x61, 0xcd, 0x9a, 0x35,
  0x0b, 00, 0x70, 0xc1, 0x05, 0x17, 0xe0, 0x96, 0x5b, 0x6e, 0xc1, 0xda, 0xb5, 0x6b, 0x71, 0xcb,
  0x2d, 0xb7, 0x60, 0xcd, 0x9a, 0x35, 00, 0x80, 0xe9, 0xd3, 0xa7, 0xe3, 0xca, 0x2b, 0xaf, 0x1c,
  0xf9, 0x41, 0x8c, 0x80, 0xce, 0xce, 0xce, 0x1c, 0xc2, 0xfe, 0xf6, 0xb7, 0xbf, 0xc5, 0xe5, 0x97,
  0x5f, 0x5e, 0xf0, 0x78, 0x9f, 0xaf, 0x70, 0x49, 0xd3, 0xef, 0x7c, 0xe7, 0x3b, 0xf8, 0xd6, 0xb7,
  0xbe, 0x55, 0xd4, 0x75, 0x5f, 0x7b, 0xed, 0x35, 0x9c, 0x7d, 0xf6, 0xd9, 0xc5, 0x0b, 0x5a, 0x04,
  0xf2, 0x3d, 0xc7, 0x6c, 0xc2, 0xc6, 0x62, 0x31, 0xec, 0xdc, 0x39, 0x10, 0x21, 0x97, 0x1e, 0xe1,
  0xed, 0x58, 0xca, 0x90, 0x33, 0x16, 0x38, 0xfb, 0xec, 0xb3, 0x47, 0xbc, 0xaf, 0xb5, 0x6b, 0xd7,
  0x66, 0x08, 0x5b, 0xaa, 0xa6, 0x25, 0x85, 0x07, 0x29, 0x52, 0xb6, 0x0b, 0xcb, 0xb2, 0x70, 0xfb,
  0xed, 0xb7, 0x67, 0x0a, 0x55, 0xe7, 0x03, 0xe7, 0x1c, 0xb7, 0xdf, 0x7e, 0x3b, 0xd6, 0xaf, 0x5f,
  0x8f, 0x5d, 0xbb, 0x76, 0x41, 0x0a, 0x0f, 0x3d, 0x1d, 0xcd, 0xa9, 0xa2, 0xd2, 0xfe, 0x50, 0x3f,
  0x69, 0xc7, 0xc6, 0x1f, 0x44, 0xd3, 0xf9, 0x39, 0x7a, 0x1c, 0xa7, 0x39, 0xa8, 0x6a, 0x02, 0xda,
  0xfb, 0x4a, 0x21, 0x6c, 0xc0, 0x8e, 0x75, 0x2f, 0x2e, 0x2b, 0xaf, 0xfc, 0xc0, 0xe0, 0x1d, 0x43,
  0xd6, 0xb7, 0x06, 0xfd, 0xc8, 0x89, 0xac, 0xf5, 0xbc, 0x15, 0x2b, 0x56, 0x8c, 0x78, 0xa1, 0x0b,
  0x2e, 0xb8, 0x20, 0xf3, 0x3d, 0x99, 0x88, 0xc2, 0x73, 0x93, 0x29, 0x95, 0x03, 0x0c, 0x80, 0x82,
  0xf0, 0xdc, 0x1c, 0xb2, 0x5a, 0x96, 0x85, 0xdf, 0xfd, 0xee, 0x77, 0xb8, 0xfc, 0xf2, 0xcb, 0xf3,
  0x8e, 0x08, 0xf9, 0xc0, 0x18, 0xc3, 0x59, 0x67, 0x9d, 0x85, 0xd5, 0xab, 0x57, 0xe3, 0x2f, 0x7f,
  0xf9, 0x0b, 0xbe, 0xfc, 0xe5, 0x2f, 0x17, 0x75, 0xde, 0x68, 0x60, 0x9a, 0x26, 0x82, 0xc1, 0xe0,
  0xa8, 0xce, 0x1d, 0x8e, 0xcc, 0x07, 0x73, 0x6c, 0xb1, 0xc8, 0xf7, 0x3c, 0x53, 0x59, 0x19, 0x47,
  0x86, 0x63, 0x1f, 0x36, 0x79, 0xde, 0x8a, 0xc6, 0x5d, 0x77, 0xdd, 0x85, 0x85, 0x0b, 0x17, 0x8e,
  0x78, 0xdc, 0xd4, 0xa9, 0x53, 0xf1, 0xc8, 0x23, 0x8f, 0x60, 0xf9, 0xf2, 0xe5, 0x68, 0x69, 0x69,
  0x81, 0x14, 0x1e, 0x3a, 0x5b, 0xf6, 0x20, 0x58, 0x56, 0x8d, 0x40, 0x38, 0xb5, 0xcc, 0xc3, 0x88,
  0x15, 0xb4, 0xbd, 0x14, 0x3b, 0xfa, 0x1a, 0x86, 0x41, 0xbe, 0xa0, 0xf5, 0x71, 0x8f, 0xd1, 0x3f,
  0x93, 0xed, 0xed, 0x5b, 0x4b, 0xe8, 0x06, 0xa6, 0x54, 0x93, 0x66, 0x9d, 0x5a, 0xfc, 0xf1, 0x29,
  0x28, 0x29, 0x33, 0x66, 0x7b, 0xcb, 0xb2, 0xf0, 0xe1, 0x0f, 0x7f, 0x78, 0xc4, 0x73, 0xa6, 0x4d,
  0x9b, 0x86, 0x4f, 0x7d, 0xea, 0x53, 00, 0x52, 0xbd, 0x9f, 0x9b, 0x4c, 0x40, 0x08, 0x37, 0x53,
  0x26, 0xb1, 0xab, 0x6d, 0x5f, 0x86, 0xac, 0xf5, 0xf5, 0xf5, 0x78, 0xe6, 0x99, 0x67, 0xb0, 0x62,
  0xc5, 0x8a, 0xa2, 0xc9, 0x9a, 0x0d, 0xc6, 0x18, 0x2e, 0xbb, 0xec, 0x32, 0x3c, 0xf7, 0xdc, 0x73,
  0x98, 0x36, 0x6d, 0x5a, 0xc9, 0xe7, 0x4f, 0x44, 0x54, 0x54, 0x54, 0x60, 0xd3, 0xa6, 0x4d, 0xd8,
  0xb4, 0x69, 0x13, 0x2a, 0x2b, 0x87, 0xa6, 0x62, 0x3e, 0xfe, 0xf8, 0xe3, 0x33, 0xfb, 0xf3, 0x7d,
  0x4e, 0x3e, 0xf9, 0xe4, 0x71, 0x90, 0x3a, 0x17, 0xbf, 0xfd, 0xed, 0x6f, 0x33, 0xd6, 0xf6, 0x7c,
  0x96, 0xde, 0xa3, 0x8f, 0x3e, 0x3a, 0xb3, 0xff, 0x97, 0xbf, 0xfc, 0x25, 00, 0xe0, 0xd6, 0x5b,
  0x6f, 0x2d, 0x69, 0xbe, 0x7f, 0xdc, 0x71, 0xc7, 0xe1, 0x91, 0x47, 0x1e, 0x41, 0x6d, 0x6d, 0x6d,
  0x66, 0x5b, 0xb4, 0xbb, 0x0d, 0xdd, 0x6d, 0xfb, 0x60, 0xc7, 0xfa, 0x20, 0x84, 0x37, 0x64, 0x75,
  0x60, 0x34, 0x20, 0xa5, 0x9d, 0xca, 0x98, 0x59, 0x09, 0x94, 0x30, 0x87, 0xd5, 0x23, 0x7a, 0x95,
  0x4e, 0xac, 0x08, 0xc2, 0xe6, 0xf6, 0x1c, 0xd9, 0x46, 0x90, 0xcb, 0x2e, 0xbb, 0x0c, 0x55, 0x55,
  0x55, 0x45, 0x5d, 0xef, 0xd3, 0x9f, 0xfe, 0x74, 0x66, 0x8e, 0xe0, 0xd8, 0x71, 0x58, 0x81, 0x08,
  0x38, 0x97, 0x88, 0xf7, 0x75, 0x66, 0x3c, 0x70, 0x74, 0x5d, 0xc7, 0x9f, 0xff, 0xfc, 0x67, 0x9c,
  0x7a, 0x6a, 0xc9, 0xfd, 0xc8, 0x10, 0x34, 0x34, 0x34, 0x40, 0x0e, 0xe3, 0xd5, 0x72, 0xa4, 0x62,
  0xcb, 0x96, 0x2d, 0xf8, 0xfb, 0xdf, 0xff, 0x5e, 0xd2, 0x39, 0xfb, 0xf6, 0xed, 0x1b, 0x56, 0xe3,
  0x08, 0x87, 0xc3, 0x38, 0xee, 0xb8, 0xe3, 0x0a, 0xee, 0x3f, 0x14, 0x23, 0x7d, 0xa9, 0x18, 0x49,
  0xab, 0x61, 0x8c, 0x65, 0xf6, 0x9b, 0xa6, 0x89, 0x3b, 0xee, 0xb8, 0x03, 0x57, 0x5d, 0x75, 0x55,
  0xde, 0x63, 0xe3, 0xf1, 0x38, 0xde, 0x79, 0xe7, 0x1d, 0x7c, 0xe0, 0x03, 0x43, 0x94, 0x4b, 0x9c,
  0x72, 0xca, 0x29, 0x78, 0xe1, 0x85, 0x17, 0xf0, 0xb9, 0xcf, 0x7d, 0x0e, 0xeb, 0xd6, 0xad, 0x03,
  0x90, 0xd2, 0x0a, 0x5d, 0xc7, 0x46, 0xb0, 0xac, 0x1a, 0xfe, 0x50, 0x45, 0x6a, 0x79, 0x72, 0x90,
  0x8a, 0x5c, 0xc8, 0x4d, 0x32, 0xff, 0xbd, 0xe8, 0x95, 0x8e, 0x97, 0x3c, 0x2e, 0x01, 0x6c, 0x2e,
  0x9a, 0xb0, 0x5c, 0x33, 0xc2, 0xe0, 0x6a, 0xde, 0x48, 0xc7, 0x0d, 0xbe, 0x7e, 0xb4, 0x7b, 0xc0,
  0xc2, 0x79, 0xe9, 0xa5, 0x97, 0x16, 0x7b, 0x39, 0x2c, 0x5b, 0xb6, 0x0c, 0x91, 0x48, 0x04, 0x3d,
  0x3d, 0x3d, 0xb0, 0xe3, 0xbd, 0xf0, 0x87, 0xcb, 0xc1, 0x35, 0x3d, 0xc7, 0xd9, 0xe0, 0x57, 0xbf,
  0xfa, 0x15, 0xce, 0x38, 0xe3, 0x8c, 0xa2, 0xdb, 0x1c, 0x0e, 0x37, 0xdf, 0x7c, 0x33, 0xf6, 0xef,
  0x2f, 0x7e, 0x09, 0xe2, 0x48, 0xc1, 0x9d, 0x77, 0xde, 0x89, 0x3b, 0xef, 0xbc, 0xb3, 0xa4, 0x73,
  0x4e, 0x3c, 0xf1, 0xc4, 0x83, 0x9a, 0x22, 0x14, 0xab, 0x32, 0x1f, 0x2e, 0xb8, 0xf4, 0xd2, 0x4b,
  0xf3, 0x5a, 0xb0, 0xd3, 0xf8, 0xee, 0x77, 0xbf, 0x8b, 0x47, 0x1f, 0x7d, 0x14, 0x2f, 0xbd, 0xf4,
  0x52, 0xde, 0x01, 0x67, 0xee, 0xdc, 0xb9, 0x78, 0xf2, 0xc9, 0x27, 0xf1, 0x5f, 0xff, 0xf5, 0x5f,
  0xf8, 0xf1, 0x8f, 0x7f, 0x0c, 0x20, 0xa5, 0x19, 0xf6, 0x76, 0xec, 0x07, 0x11, 0x21, 0x10, 0xaa,
  0x04, 0xd7, 0x8d, 0x0c, 0x39, 0x73, 0xa6, 0x90, 0x45, 0xac, 0xdd, 0x32, 0xce, 0x19, 0x67, 0x7c,
  0x2e, 0x30, 0x2d, 0x54, 0x2c, 0x61, 0x35, 0x9d, 0x23, 0x62, 0x1a, 0xe6, 0x10, 0x2b, 0xc2, 0x70,
  0xd6, 0x38, 0xe1, 0x39, 0x48, 0xc4, 0x52, 0x29, 0x90, 0x6a, 0x6b, 0x6b, 0x4b, 0x32, 0x88, 0x44,
  0x22, 0x11, 0x7c, 0xe6, 0x33, 0x9f, 0xc1, 0x6f, 0x7e, 0xf3, 0x1b, 00, 0x80, 0x6b, 0xc7, 0xe1,
  0xb9, 0x4e, 0x66, 0x8d, 0xf5, 0xa4, 0x93, 0x4e, 0xc2, 0x97, 0xbe, 0xf4, 0xa5, 0xa2, 0xda, 0x52,
  0x4a, 0x21, 0x16, 0x8b, 0x21, 0x10, 0x08, 0xe4, 0xed, 0xd1, 0x9e, 0x7a, 0xea, 0x29, 0xdc, 0x71,
  0xc7, 0x1d, 0x38, 0xff, 0xfc, 0xf3, 0x8b, 0x96, 0x6f, 0x2c, 0xb0, 0x75, 0xeb, 0x56, 0x3c, 0xf1,
  0xc4, 0x13, 0x25, 0x9f, 0x77, 0xd2, 0x49, 0x27, 0x8d, 0x59, 0x47, 0x75, 0x28, 0x30, 0xd6, 0x84,
  0xbd, 0xfb, 0xee, 0xbb, 0x0f, 0xa9, 0x8d, 0x61, 0x38, 0xb2, 0xfe, 0xf1, 0x8f, 0x7f, 0xc4, 0x2f,
  0x7e, 0xf1, 0x0b, 00, 0xc0, 0x57, 0xbf, 0xfa, 0x55, 0xdc, 0x73, 0xcf, 0x3d, 0x79, 0x97, 0xba,
  0xc2, 0xe1, 0x30, 0x7e, 0xf4, 0xa3, 0x1f, 0xe1, 0xf2, 0xcb, 0x2f, 0xc7, 0x37, 0xbf, 0xf9, 0x4d,
  0x3c, 0xf9, 0xe4, 0x93, 00, 0xfa, 0xb5, 0x43, 0x7f, 0x04, 0x5c, 0xd7, 0x31, 0xe0, 0x6e, 0x4b,
  0x25, 0x7b, 0xd3, 0x11, 0x58, 0x25, 0x4c, 0xb2, 0x8a, 0x25, 0xac, 0x09, 0xa5, 0xca, 0x38, 0x1f,
  0x3e, 0x3f, 0xe6, 0x10, 0x63, 0x53, 0x74, 0x20, 0x5f, 0xd9, 0x15, 0x57, 0x5c, 0x51, 0xb2, 0xaa,
  0x74, 0xc9, 0x25, 0x97, 0x64, 0x08, 0x6b, 0x27, 0xa2, 0x39, 0x9d, 0xc3, 0x0d, 0x37, 0xdc, 0x30,
  0xac, 0x25, 0x4f, 0x4a, 0x89, 0xbf, 0xfc, 0xe5, 0x2f, 0xf8, 0xcb, 0x5f, 0xfe, 0x82, 0x75, 0xeb,
  0xd6, 0x61, 0xff, 0xfe, 0xfd, 0x88, 0x44, 0x22, 0xb8, 0xe8, 0xa2, 0x8b, 0xb0, 0x62, 0xc5, 0x0a,
  0x9c, 0x7f, 0xfe, 0xf9, 0x20, 0x22, 0xf4, 0xf4, 0xf4, 0x64, 0xbc, 0x76, 0x86, 0xc3, 0xf3, 0xcf,
  0x3f, 0x5f, 0xd0, 0xb9, 0x61, 0x30, 0xba, 0xbb, 0x0b, 0x2f, 0xec, 0x67, 0x63, 0xe7, 0xce, 0x9d,
  0xb8, 0xee, 0xba, 0xeb, 0x8a, 0x3a, 0x36, 0x1b, 0xb7, 0xdd, 0x76, 0x5b, 0x51, 0x84, 0xdd, 0xb7,
  0x6f, 0x1f, 0xca, 0xca, 0x4a, 0xf3, 0x1a, 0x05, 0x30, 0x6a, 0x03, 0x59, 0x1a, 0x9e, 0xe7, 0xe1,
  0xbb, 0xdf, 0xfd, 0x6e, 0xce, 0xb5, 0x67, 0xcc, 0x98, 0x91, 0xf7, 0xd8, 0xeb, 0xae, 0xbb, 0x0e,
  0xb1, 0x58, 0xca, 0x1e, 0x51, 0x68, 0x79, 0x6b, 0xf1, 0xe2, 0xc5, 0xb8, 0xed, 0xb6, 0xdb, 0x8a,
  0xbe, 0xfe, 0x8d, 0x37, 0xde, 0x58, 0x82, 0xb4, 0x85, 0xf1, 0xc8, 0x23, 0x8f, 0xe0, 0x8b, 0x5f,
  0xfc, 0x62, 0xe6, 0xff, 0x95, 0x2b, 0x57, 0x62, 0xce, 0x9c, 0x39, 0xf8, 0xde, 0xf7, 0xbe, 0x57,
  0xf0, 0x9c, 0xc5, 0x8b, 0x17, 0x63, 0xe9, 0xd2, 0xa5, 0x19, 0xc2, 0x32, 0xae, 0x65, 0x22, 0x2d,
  0xb3, 0x41, 0x44, 0x25, 0xf9, 0x7a, 0x13, 0xa8, 0xd2, 0xd0, 0x99, 0x59, 0x2c, 0x61, 0x75, 0x92,
  0xbc, 0xe4, 0x5f, 0x31, 0x9a, 0xb5, 0xf6, 0xfa, 0xb1, 0x8f, 0x7d, 0xac, 0xe0, 0x71, 0xed, 0xed,
  0xed, 0x79, 0x55, 0x8d, 0x33, 0xce, 0x38, 0x03, 0xb3, 0x66, 0xcd, 0xc2, 0xae, 0x5d, 0xbb, 0x72,
  0x9c, 0x10, 0x2a, 0x2b, 0x2b, 0x87, 0x35, 0x5e, 0x75, 0x77, 0x77, 0xe3, 0xb3, 0x9f, 0xfd, 0x2c,
  0x1e, 0x7b, 0xec, 0xb1, 0x9c, 0xed, 0x3d, 0x3d, 0x3d, 0x58, 0xb9, 0x72, 0x25, 0x56, 0xae, 0x5c,
  0x89, 0x15, 0x2b, 0x56, 0xe0, 0xce, 0x3b, 0xef, 0xc4, 0x0f, 0x7e, 0xf0, 0x03, 0xbc, 0xfd, 0xf6,
  0xdb, 0x23, 0xde, 0x8b, 0xeb, 0xba, 0xd8, 0xb5, 0x6b, 0xd7, 0x88, 0xc7, 0x95, 0x82, 0xe5, 0xcb,
  0x97, 0xa3, 0xaf, 0xaf, 0xf4, 0x6c, 0x33, 0xc3, 0x75, 0x54, 0xd9, 0x08, 0x04, 0x02, 0x07, 0x45,
  0xbe, 0x57, 0x5f, 0x7d, 0x35, 0xaf, 0x01, 0xa9, 0xb5, 0xb5, 0x15, 0xbb, 0x77, 0xef, 0xc6, 0x9c,
  0x39, 0x73, 0x50, 0x51, 0x51, 0x31, 0x64, 0xbf, 0x10, 0x02, 0x5f, 0xfe, 0xf2, 0x97, 0x31, 0x7d,
  0xfa, 0xf4, 0x11, 0xaf, 0x51, 0xcc, 0x32, 0xda, 0x92, 0x25, 0x4b, 0xb0, 0x64, 0xc9, 0x92, 0xe2,
  0x84, 0x06, 0xf0, 0xc3, 0x1f, 0xfe, 0x10, 0xff, 0xf8, 0xc7, 0x3f, 0x10, 0x8f, 0xc7, 0xe1, 0xf7,
  0xfb, 0xf3, 0x1a, 0x92, 0xda, 0xdb, 0xdb, 0x61, 0x9a, 0x26, 0x42, 0xa1, 0xc2, 0x75, 0xba, 0x0b,
  0xfd, 0x3e, 0xc3, 0xad, 0xb1, 0x26, 0x93, 0x49, 0xfc, 0xf6, 0xb7, 0xbf, 0xcd, 0xfc, 0x6f, 0x18,
  0x3e, 0x70, 0xae, 0xe5, 0xf5, 0x83, 0xa2, 0xfe, 0xc0, 0xe4, 0xa2, 0x40, 0x14, 0xd4, 0x35, 0x53,
  0x2f, 0x96, 0xb0, 0x0c, 0x9a, 0xca, 0xeb, 0x71, 0x9e, 0x33, 0xbc, 0x67, 0xdd, 0x88, 0xe7, 0xd8,
  0x70, 0xfa, 0x2d, 0xb9, 0xc7, 0x1e, 0x7b, 0x6c, 0x41, 0xcb, 0xe1, 0xdb, 0x6f, 0xbf, 0x8d, 0xb5,
  0x6b, 0xd7, 0xe6, 0x75, 0x49, 0x33, 0x0c, 0x03, 0x9f, 0xff, 0xfc, 0xe7, 0x71, 0xd3, 0x4d, 0x37,
  0xe5, 0x6c, 0xff, 0xf8, 0xc7, 0x3f, 0x0e, 0xcb, 0xb2, 0x0a, 0x0a, 0x7b, 0xf3, 0xcd, 0x37, 0x0f,
  0x21, 0xeb, 0x60, 0xfc, 0xf7, 0x7f, 0xff, 0x37, 0xb6, 0x6c, 0xd9, 0x82, 0x0d, 0x1b, 0x36, 0x0c,
  0x7b, 0x5c, 0x1a, 0xa1, 0x50, 0xa8, 0x28, 0x95, 0x79, 0xf7, 0xee, 0xdd, 0x23, 0x3a, 0x02, 0xa4,
  0xa1, 0x69, 0xda, 0x41, 0x8f, 0x66, 0x87, 0x0a, 0x7f, 0xfa, 0xd3, 0x9f, 0xf0, 0x95, 0xaf, 0x7c,
  0x25, 0xaf, 0xb6, 0xf0, 0xd4, 0x53, 0x4f, 0xe1, 0x33, 0x9f, 0xf9, 0x0c, 0x56, 0xaf, 0x5e, 0x8d,
  0xe5, 0xcb, 0x97, 0x0f, 0xd9, 0xef, 0x79, 0xe3, 0x5f, 0x58, 0xe0, 0xde, 0x7b, 0xef, 0xc5, 0xbd,
  0xf7, 0xde, 0x5b, 0x70, 0x34, 0x6c, 0x6d, 0x6d, 0xc5, 0xfa, 0xf5, 0xeb, 0x87, 0xb5, 0x0a, 0xe7,
  0xaf, 0xb1, 0x3b, 0x3c, 0xd6, 0xac, 0x59, 0x83, 0xdd, 0xbb, 0x53, 0xfe, 0xc8, 0xba, 0xe9, 0x87,
  0x6e, 0x5a, 0xa9, 0xc8, 0xa2, 0x82, 0x2a, 0x6f, 0x71, 0xcb, 0x3b, 0x44, 0x92, 0x2b, 0x5d, 0x51,
  0x29, 0xeb, 0xb0, 0x25, 0xb9, 0x6d, 0x44, 0x7b, 0x07, 0xe2, 0x70, 0xaf, 0xb8, 0xe2, 0x8a, 0xbc,
  0x7a, 0x3f, 00, 0xac, 0x5e, 0xbd, 0x1a, 0x8f, 0x3e, 0xfa, 0x68, 0x41, 0x1f, 0xd2, 0x8f, 0x7e,
  0xf4, 0xa3, 0x43, 0x08, 0xfb, 0xc1, 0x0f, 0x7e, 0xb0, 0xe0, 0x75, 0x37, 0x6c, 0xd8, 0x80, 0xdb,
  0x6f, 0xbf, 0x1d, 0x40, 0x2a, 0x74, 0xaa, 0xac, 0x66, 0x3a, 0x7c, 0x81, 0x48, 0xaa, 0xdc, 0xa2,
  0xeb, 0x20, 0xda, 0xdd, 0x8e, 0xbe, 0xee, 0x96, 0xcc, 0xb1, 0xc5, 0x62, 0xc9, 0x92, 0x25, 0x45,
  0xcd, 0x37, 0x7f, 0xf6, 0xb3, 0x9f, 0xe1, 0xfa, 0xeb, 0xaf, 0x2f, 0xba, 0xdd, 0xc3, 0x19, 0x85,
  0x3a, 0x93, 0xb4, 0x2b, 0x61, 0xa1, 0x65, 0xb4, 0xc3, 0x81, 0xb0, 0x69, 0x7c, 0xf2, 0x93, 0x9f,
  0xcc, 0xbb, 0x5d, 0xd7, 0x75, 0xdc, 0x71, 0xc7, 0x1d, 0x58, 0xb1, 0x62, 0x45, 0xc1, 0x77, 0x73,
  0x34, 0x58, 0xb9, 0x72, 0x65, 0xe6, 0xbb, 0x2f, 0x10, 0x06, 0xd7, 0x86, 0x5a, 0x88, 0xb3, 0x91,
  0x8a, 0x10, 0x53, 0xfd, 0xb6, 0xa7, 0x91, 0x29, 0x36, 0x26, 0xee, 0x18, 0xd9, 0x1a, 0x7a, 0x7a,
  0x88, 0x8f, 0xf7, 0x0e, 0x84, 0x37, 0x5d, 0x74, 0xd1, 0x45, 0x05, 0xcf, 0xbd, 0xff, 0xfe, 0xfb,
  0xb1, 0x66, 0xcd, 0x9a, 0x1c, 0x6f, 0x99, 0x6c, 0x2c, 0x5e, 0xbc, 0x78, 0xc8, 0xe8, 0x3c, 0x38,
  0x7a, 0x24, 0x1b, 0x6f, 0xbe, 0x39, 0x90, 0x36, 0xd8, 0x1f, 0x2a, 0x87, 0x3f, 0x58, 0x96, 0xf2,
  0x45, 0x66, 0x1c, 0xba, 0x61, 0xa1, 0xac, 0x7a, 0x1a, 0xaa, 0xa7, 0xcd, 0x4d, 0x45, 0x7b, 0x4c,
  0x62, 0x58, 0x14, 0x22, 0x6c, 0x22, 0x91, 0x9a, 0x9e, 0x14, 0x7a, 0xc1, 0xb2, 0x3d, 0xa1, 0xc6,
  0x13, 0xe7, 0x9e, 0x7b, 0x2e, 0x8e, 0x3d, 0xf6, 0xd8, 0xbc, 0xfb, 0xe6, 0xce, 0x9d, 0x8b, 0x9f,
  0xfc, 0xe4, 0x27, 0xd8, 0xb4, 0xe9, 0xe0, 0xcb, 0xfa, 0xa4, 0x9f, 0x47, 0x73, 0x73, 0x33, 0x56,
  0xad, 0x5a, 0x95, 0xd9, 0xae, 0x9b, 0x56, 0xc6, 0x55, 0xb1, 0x10, 0x4a, 0x4d, 0xbc, 0x30, 0x36,
  0x59, 0x13, 0xb3, 0x5c, 0x06, 0xa1, 00, 0x3b, 0x31, 0xe0, 0x8a, 0xb8, 0x7c, 0xf9, 0x72, 0xcc,
  0x9b, 0x97, 0x7f, 0x35, 0x68, 0xeb, 0xd6, 0xad, 0x78, 0xe9, 0xa5, 0x54, 0x95, 0xc1, 0xd5, 0xab,
  0x57, 0xe7, 0x9d, 0xcf, 0x10, 0x11, 0x3e, 0xff, 0xf9, 0xcf, 0xe3, 0xd5, 0x57, 0x5f, 0xcd, 0x6c,
  0xcb, 0x37, 0x6f, 0x4a, 0x63, 0xcb, 0x96, 0x2d, 0x99, 0xef, 0x56, 0x20, 0x92, 0xab, 0x8a, 0x10,
  0x81, 0x88, 0x60, 0x05, 0xc2, 0xa8, 0x99, 0x3e, 0x2f, 0x65, 0xc1, 0x96, 0x0a, 0xdd, 0x1d, 0x63,
  0x1f, 0xa9, 0x73, 0x38, 0xe0, 0xae, 0xbb, 0xee, 0xca, 0x18, 0xfa, 0x66, 0xcf, 0x9e, 0x9d, 0xb7,
  0xe3, 0x4c, 0x5b, 0xaa, 0x4d, 0xd3, 0xc4, 0xb1, 0xc7, 0x1e, 0x8b, 0xd7, 0x5e, 0x7b, 0x0d, 0x40,
  0xca, 0xcd, 0x31, 0x1c, 0x0e, 0xe7, 0x6d, 0x77, 0xa4, 0x11, 0xd6, 0x71, 0x4a, 0xca, 0x2b, 0x76,
  0xc8, 0x30, 0x92, 0x4b, 0xe7, 0x39, 0xe7, 0x9c, 0x03, 0xa0, 0xb0, 0x0d, 0xa5, 0x58, 0xbc, 0xf5,
  0xd6, 0x5b, 0xb8, 0xf7, 0xde, 0x7b, 0x73, 0x1c, 0x28, 0x7c, 0xc1, 0x32, 0x68, 0xba, 0x55, 0xb4,
  0x8b, 0x62, 0xb1, 0x9e, 0x4f, 0x87, 0x24, 0xcd, 0x69, 0xb1, 0xae, 0x88, 0x4f, 0x3d, 0xf5, 0x54,
  0xe6, 0xfb, 0xfd, 0xf7, 0xdf, 0x5f, 0xd0, 00, 0x71, 0xe1, 0x85, 0x17, 0xe2, 0xea, 0xab, 0xaf,
  0xce, 0xfc, 0x5f, 0xb4, 0x0a, 0x43, 0x85, 0xf5, 0x78, 0xc6, 0x38, 0x74, 0xd3, 0x07, 0xd7, 0x2e,
  0x2e, 0xa2, 0xe6, 0x50, 0xe0, 0xc9, 0x27, 0x9f, 0x2c, 0xca, 0x55, 0x73, 0x30, 0x6e, 0xbc, 0xf1,
  0x46, 0x5c, 0x7b, 0xed, 0xb5, 0x23, 0x1e, 0xf7, 0xed, 0x6f, 0x7f, 0x3b, 0xf3, 0xfd, 0x8f, 0x7f,
  0xfc, 0x63, 0xde, 0x63, 0x76, 0xef, 0xde, 0x8d, 0x79, 0xf3, 0xe6, 0x61, 0xe9, 0xd2, 0xa5, 0xb0,
  0x2c, 0x0b, 0x57, 0x5f, 0x7d, 0x35, 0x36, 0x6e, 0xdc, 0x08, 00, 0xf8, 0x97, 0x7f, 0xf9, 0x97,
  0xbc, 0xe7, 0xa4, 0x0d, 0x31, 0x85, 0x7e, 0x07, 0xd7, 0x75, 0x73, 0x42, 0x02, 0xb3, 0x61, 0x59,
  0x16, 0xee, 0xbb, 0xef, 0x3e, 0x7c, 0xe4, 0x23, 0x1f, 0xc1, 0xe7, 0x3f, 0xff, 0xf9, 0x8c, 0x73,
  0x0c, 00, 0xbc, 0xfc, 0xf2, 0xcb, 0x79, 0x8d, 0x4b, 0x17, 0x5d, 0x74, 0x51, 0x8e, 0x4d, 0x22,
  0x14, 0x0a, 0xe1, 0x37, 0xbf, 0xf9, 0x0d, 0xee, 0xbc, 0xf3, 0xce, 0x4c, 0x87, 0x3f, 0x18, 0x17,
  0x5f, 0x7c, 0x31, 0x96, 0x2d, 0x5b, 0x96, 0x77, 0xdf, 0x60, 0x14, 0x22, 0xeb, 0x86, 0x0d, 0x1b,
  0xf0, 0xc6, 0x1b, 0x6f, 0xe4, 0x6c, 0xfb, 0xc2, 0x17, 0xbe, 0x30, 0xe4, 0x38, 0x22, 0xca, 0xac,
  0x66, 0xa4, 0x61, 0x98, 0x7e, 0x70, 0xae, 0x8d, 0x79, 0xc6, 0x92, 0x31, 0x27, 0x6c, 0xb6, 0x2b,
  0xa2, 0xae, 0xeb, 0x05, 0x7f, 0x74, 00, 0xf8, 0xec, 0x67, 0x3f, 0x8b, 0xcb, 0x2e, 0xbb, 0x6c,
  0xe0, 0xdc, 0x02, 0xd6, 0xb7, 0x19, 0x33, 0x66, 0xe0, 0xe2, 0x8b, 0x2f, 0xc6, 0xdf, 0xfe, 0xf6,
  0x37, 00, 0x40, 0x57, 0x57, 0xe1, 0x5c, 0x43, 0xb3, 0x67, 0x0f, 0xd4, 0x5c, 0x76, 0x93, 0x89,
  0x41, 0xd9, 0x10, 0x52, 0xae, 0x8d, 0xf1, 0xde, 0x4e, 0xf4, 0x74, 0x34, 0x8f, 0x59, 0xcc, 0xe8,
  0x68, 0x21, 0xa5, 0x44, 0x47, 0xc7, 0xb0, 0x39, 0xb7, 0xf2, 0x62, 0x34, 0x2a, 0x67, 0xa1, 0x79,
  0xff, 0x60, 0x43, 0xda, 0x15, 0x57, 0x5c, 0x81, 0xaf, 0x7e, 0xf5, 0xab, 00, 0x72, 0xa3, 0x76,
  0xb2, 0x71, 0xe0, 0xc0, 0x01, 00, 0x85, 0x09, 0x5b, 0x68, 0x84, 0xad, 0xab, 0xab, 0xc3, 0xaa,
  0x55, 0xab, 0xb0, 0x74, 0xe9, 0x52, 00, 0xc0, 0x1f, 0xfe, 0xf0, 0x07, 0xd8, 0xb6, 0x8d, 0x47,
  0x1f, 0x7d, 0x74, 0xe4, 0x1b, 0xc8, 0xc2, 0x5d, 0x77, 0xdd, 0x85, 0xcb, 0x2f, 0xbf, 0x1c, 0x97,
  0x5e, 0x7a, 0x29, 0x7e, 0xff, 0xfb, 0xdf, 0xe3, 0x86, 0x1b, 0x6e, 0x40, 0x4f, 0x4f, 0x6e, 0xc9,
  0xa3, 0x1b, 0x6f, 0xbc, 0xf1, 0xa0, 0xa3, 0x65, 0x5e, 0x7c, 0xf1, 0xc5, 0x9c, 0xe8, 0xad, 0xf2,
  0xf2, 0xf2, 0xbc, 0x84, 0x1d, 0x3c, 0x67, 0x37, 0x4c, 0x3f, 0x4c, 0x5f, 0x10, 0xac, 0x58, 0x75,
  0xb8, 0x04, 0x31, 0xc7, 0x3c, 0xc5, 0xa4, 0x1d, 0x1f, 0x30, 0x83, 0x5f, 0x76, 0xd9, 0x65, 0x39,
  0x6a, 0xc2, 0x60, 0x44, 0x22, 0x11, 0x54, 0x55, 0x55, 0x65, 0x3e, 0xc3, 0xdd, 0x5c, 0x76, 0xb4,
  0x4b, 0x7b, 0x7b, 0xe1, 0xfc, 0xd3, 0xd9, 0x84, 0x8d, 0xf5, 0xb4, 0x43, 0xb8, 0x2e, 0x94, 0x94,
  0x50, 0x52, 0xc2, 0x73, 0x1c, 0x74, 0x1e, 0xd8, 0x8d, 0xce, 0x96, 0x3d, 0xe3, 0x4e, 0x56, 0x60,
  0x60, 0xd9, 0xa0, 0xd4, 0x4f, 0xb6, 0xb6, 0x51, 0x08, 0xd9, 0xea, 0xea, 0xc9, 0x27, 0x9f, 0x8c,
  0xa3, 0x8e, 0x3a, 0xaa, 0x28, 0x99, 0x2e, 0xbe, 0xf8, 0xe2, 0xcc, 0xf7, 0xea, 0xea, 0xea, 0xbc,
  0xc7, 0x34, 0x35, 0xa5, 0xa6, 0x10, 0x85, 0x08, 0x9b, 0x5e, 0x57, 0xcd, 0xc6, 0x69, 0xa7, 0x9d,
  0x86, 0x17, 0x5e, 0x78, 0x21, 0x43, 0x56, 0x20, 0x35, 0x47, 0xbe, 0xef, 0xbe, 0xfb, 0xf0, 0xa1,
  0x0f, 0x7d, 0xa8, 0x28, 0xd9, 00, 0xe0, 0x3f, 0xff, 0xf3, 0x3f, 0x33, 0xef, 0x82, 0x69, 0x9a,
  0xf8, 0xca, 0x57, 0xbe, 0x82, 0x4d, 0x9b, 0x36, 0xe5, 0x58, 0x7b, 0xe7, 0xcf, 0x9f, 0x3f, 0x6c,
  0x8c, 0xf1, 0x60, 0x24, 0x93, 0xc9, 0xbc, 0xdb, 0x6b, 0x6a, 0x6a, 0x70, 0xd6, 0x59, 0x67, 0xe1,
  0xc4, 0x13, 0x4f, 0xc4, 0xe2, 0xc5, 0x8b, 0x87, 0x4d, 0x32, 0x90, 0x86, 0xa6, 0x9b, 0x08, 0x57,
  0x4e, 0x49, 0xa5, 0x8d, 0x29, 0x56, 0x1d, 0x2e, 0x81, 0xb1, 0x63, 0x3e, 0xc2, 0x46, 0x7b, 0x46,
  0xe7, 0x8a, 0x38, 0x12, 0xce, 0x3f, 0xff, 0x7c, 0xf8, 0xfd, 0x7e, 0xc4, 0xe3, 0x71, 0xac, 0x5f,
  0xbf, 0xbe, 0x60, 0xdb, 0x4b, 0x97, 0x2e, 0xc5, 0x99, 0x67, 0x9e, 0x89, 0xb5, 0x6b, 0xd7, 0xc2,
  0x75, 0x6c, 0xb4, 0xec, 0x7b, 0x07, 0xba, 0xe1, 0x83, 0x94, 0x22, 0xb3, 0xcc, 0x94, 0x46, 0x5d,
  0x5d, 0x5d, 0xd1, 0xee, 0x88, 0x6f, 0xbe, 0xf9, 0x26, 0x7e, 0xf7, 0xbb, 0xdf, 0x8d, 0x78, 0xdc,
  0xeb, 0xaf, 0xbf, 0x5e, 0x54, 0x7b, 0xc0, 0xa1, 0x5d, 0xd6, 0xc9, 0xf6, 0x8b, 0x2e, 0xa4, 0x76,
  0x3f, 0xf8, 0xe0, 0x83, 0x43, 0xac, 0xa8, 0xb3, 0x67, 0xcf, 0xc6, 0x85, 0x17, 0x5e, 0x88, 0xc7,
  0x1e, 0x7b, 0xac, 0xa0, 0x71, 0x2f, 0xb3, 0x6c, 0x91, 0x67, 0x3d, 0x58, 0x29, 0x95, 0xf3, 0x02,
  0x03, 0xc0, 0xf5, 0xd7, 0x5f, 0x8f, 0xef, 0x7d, 0xef, 0x7b, 0x79, 0xef, 0x35, 0x12, 0x89, 0x60,
  0xd5, 0xaa, 0x55, 0xc3, 0x5a, 0xfe, 0xd3, 0xb8, 0xf2, 0xca, 0x2b, 0xf3, 0x3a, 0x45, 0x34, 0x34,
  0x34, 0xe0, 0x8f, 0x7f, 0xfc, 0x23, 0xf6, 0xef, 0xdf, 0x8f, 0xa7, 0x9e, 0x7a, 0x0a, 0x5b, 0xb7,
  0x6e, 0x85, 0xe3, 0x38, 0x30, 0x0c, 0x63, 0xc4, 0x36, 0x81, 0x54, 0xfc, 0xf2, 0x47, 0x3f, 0xfa,
  0xd1, 0x21, 0xdb, 0xcf, 0x39, 0xe7, 0x9c, 0xa2, 0xde, 0xe1, 0xec, 0xa5, 0x2f, 0xdd, 0x1c, 0xc8,
  0xc0, 0xa8, 0xfa, 0x13, 0x46, 0x8f, 0x25, 0x8a, 0x25, 0xac, 0xd2, 0x18, 0x8d, 0xe8, 0x19, 0x2f,
  0x85, 0x0b, 0xbb, 0xdf, 0x15, 0xb1, 0xba, 0xba, 0x3a, 0x33, 0xa9, 0x1f, 0x0b, 0x94, 0x97, 0x97,
  0x63, 0xc5, 0x8a, 0x15, 0xb8, 0xfb, 0xee, 0xbb, 0xf1, 0xc8, 0x23, 0x8f, 0xe0, 0xc7, 0x3f, 0xfe,
  0x71, 0xde, 0x11, 0x59, 0xd7, 0x75, 0xfc, 0xe4, 0x27, 0x3f, 0xc1, 0xb2, 0x65, 0xcb, 0x10, 0x8f,
  0xc7, 0x21, 0x3c, 0x37, 0xef, 0x68, 0x7a, 0xcb, 0x2d, 0xb7, 0xe0, 0xea, 0xab, 0xaf, 0xc6, 0xc7,
  0x3e, 0xf6, 0x31, 0x3c, 0xff, 0xfc, 0xf3, 0x23, 0x5e, 0xbf, 0xb5, 0xb5, 0x15, 0xbf, 0xfa, 0xd5,
  0xaf, 0xc6, 0xe4, 0x5e, 0xde, 0x6b, 0xe4, 0x7b, 0x19, 0xa3, 0xd1, 0x28, 0xae, 0xbd, 0xf6, 0x5a,
  0x2c, 0x5b, 0xb6, 0x6c, 0x88, 0x37, 0xd4, 0xe5, 0x97, 0x5f, 0x8e, 0xc7, 0x1e, 0x7b, 0x2c, 0x6f,
  0x94, 0x4b, 0x22, 0x91, 0xc8, 0x58, 0xf4, 0xf3, 0x11, 0x36, 0xdb, 0x2d, 0x71, 0xfe, 0xfc, 0xf9,
  0xf8, 0xd5, 0xaf, 0x7e, 0x35, 0xec, 0x08, 0xaa, 0x94, 0xc2, 0x7d, 0xf7, 0xdd, 0x97, 0x63, 0x2c,
  0xcc, 0x87, 0xeb, 0xae, 0xbb, 0x0e, 0x3f, 0xf9, 0xc9, 0x4f, 0xa0, 0x69, 0xf9, 0x5f, 0xd9, 0x5f,
  0xfc, 0xe2, 0x17, 0x39, 0x36, 0x91, 0xd6, 0xd6, 0x56, 0xd4, 0xd7, 0xd7, 0x17, 0x6c, 0xcf, 0xf3,
  0x3c, 0x68, 0x9a, 0x96, 0xf1, 0x88, 0xcb, 0xf7, 0x8c, 0x36, 0x6f, 0xde, 0x5c, 0x94, 0x3b, 0xed,
  0xbe, 0x7d, 0xfb, 0x32, 0xdf, 0x13, 0xd1, 0x6e, 0x38, 0x89, 0x28, 0x7c, 0xa1, 0x72, 0x04, 0xcb,
  0xaa, 0xa1, 0xeb, 0xa9, 0x4c, 0x14, 0x07, 0x0b, 0x96, 0xaa, 0x32, 0x51, 0x74, 0xd6, 0x75, 0x21,
  0x80, 0xe1, 0x13, 0x25, 0x61, 0xa8, 0x2b, 0xe2, 0x70, 0x59, 0x25, 0x46, 0x83, 0xf4, 0x68, 0xb0,
  0x6d, 0xdb, 0xb6, 0x4c, 0x64, 0x44, 0x3e, 0x9c, 0x76, 0xda, 0x69, 0x78, 0xfd, 0xf5, 0xd7, 0x73,
  0xe2, 0x6a, 0x81, 0xd4, 0x42, 0xf8, 0x97, 0xbe, 0xf4, 0x25, 0x6c, 0xdc, 0xb8, 0x11, 0xff, 0xf9,
  0x9f, 0xff, 0x89, 0xf2, 0xf2, 0x72, 0xfc, 0xe1, 0x0f, 0x7f, 0x18, 0x56, 0x6d, 0x3f, 0xd2, 0xf1,
  0xb1, 0x8f, 0x7d, 0x2c, 0x6f, 0xc6, 0x89, 0xa7, 0x9f, 0x7e, 0x1a, 0xfb, 0xf7, 0xef, 0xcf, 0xdb,
  0x59, 0x9d, 0x7f, 0xfe, 0xf9, 0xb0, 0x2c, 0x2b, 0xaf, 0x1a, 0xbd, 0x73, 0xe7, 0xce, 0xcc, 0x1c,
  0x7a, 0x38, 0xc2, 0x5e, 0x75, 0xd5, 0x55, 0x78, 0xf9, 0xe5, 0x97, 0x87, 0x25, 0xab, 0x6d, 0xdb,
  0xf8, 0xda, 0xd7, 0xbe, 0x36, 0xa2, 0x7b, 0xe6, 0xf5, 0xd7, 0x5f, 0x8f, 0x9f, 0xff, 0xfc, 0xe7,
  0x05, 0x3d, 0xbc, 0x1e, 0x7d, 0xf4, 0xd1, 0x21, 0x6b, 0xdf, 0xe9, 0x79, 0x76, 0x21, 0xbc, 0xf2,
  0xca, 0x2b, 0xd8, 0xb8, 0x71, 0x23, 0x5e, 0x7c, 0xf1, 0xc5, 0x82, 0xc7, 0x6e, 0xdb, 0xb6, 0xad,
  0x28, 0x8b, 0xf7, 0x60, 0x47, 0x19, 0x21, 0x3c, 0x44, 0xbb, 0xdb, 0x10, 0xeb, 0x69, 0x87, 0xe7,
  0x26, 0xc7, 0x24, 0x67, 0xb6, 0x14, 0xca, 0x76, 0x3d, 0x21, 0x8a, 0x25, 0x6c, 0x12, 0x4a, 0x75,
  0x09, 0x21, 0x86, 0xbd, 0x72, 0xb6, 0x2b, 0xe2, 0xc7, 0x3f, 0xfe, 0xf1, 0x83, 0x91, 0x2f, 0x2f,
  0xce, 0x3a, 0xeb, 0xac, 0x4c, 0xcc, 0xea, 0x48, 0xbe, 0xa5, 0xf3, 0xe7, 0xcf, 0xc7, 0xff, 0xfe,
  0xef, 0xff, 0xa2, 0xa7, 0xa7, 0x07, 0x1b, 0x37, 0x6e, 0xc4, 0x5b, 0x6f, 0xbd, 0x85, 0x03, 0x07,
  0x0e, 0xe0, 0x77, 0xbf, 0xfb, 0x1d, 0x16, 0x2d, 0x5a, 0x94, 0x39, 0xee, 0xa8, 0xa3, 0x8e, 0xc2,
  0x1f, 0xfe, 0xf0, 0x87, 0x11, 0xaf, 0x7d, 0xde, 0x79, 0xe7, 0xf5, 0x2f, 0x70, 0x8f, 0xfc, 0xb9,
  0xf5, 0xd6, 0x5b, 0x0f, 0xee, 0x46, 0xc7, 0x10, 0xf9, 0x8c, 0x24, 0x40, 0xca, 0x13, 0xc8, 0xef,
  0xf7, 0xe7, 0xb5, 0xb2, 0x56, 0x56, 0x56, 0xe2, 0xda, 0x6b, 0xaf, 0xc5, 0x82, 0x05, 0x0b, 0x86,
  0xec, 0x7b, 0xf7, 0xdd, 0x81, 0x7c, 0xc5, 0xf9, 0x54, 0xce, 0xb4, 0x01, 0x66, 0xd7, 0xae, 0x5d,
  0xc3, 0x7a, 0xa3, 0x35, 0x37, 0x37, 0xe3, 0x13, 0x9f, 0xf8, 0x44, 0xc6, 0xc9, 0x65, 0x38, 0x2c,
  0x5d, 0xba, 0xb4, 0xa0, 0x7d, 0x63, 0xed, 0xda, 0xb5, 0xf8, 0xec, 0x67, 0x3f, 0x3b, 0x64, 0x7b,
  0x36, 0x09, 0xf3, 0x05, 0x23, 0x48, 0x29, 0x71, 0xe9, 0xa5, 0x97, 0xe2, 0xe7, 0x3f, 0xff, 0x79,
  0xc1, 0xdc, 0x4d, 0x8e, 0xe3, 0x14, 0xf4, 0x0f, 0xc8, 0xc6, 0x1d, 0x77, 0xdc, 0x81, 0xcd, 0x9b,
  0x37, 0xe3, 0x8e, 0x3b, 0xee, 0xc8, 0x19, 0x91, 0x1d, 0x3b, 0x0e, 0x21, 0x3c, 0x20, 0x0f, 0x61,
  0x4b, 0x25, 0xb1, 0x82, 0xea, 0x74, 0x3c, 0x24, 0x8b, 0x25, 0xac, 0xc3, 0x89, 0xf7, 0xba, 0x8e,
  0x5b, 0xb0, 0xbb, 0xc9, 0x76, 0x45, 0x5c, 0xb0, 0x60, 0x41, 0x41, 0x57, 0x44, 0xa5, 0x14, 0xce,
  0x39, 0xe7, 0x1c, 0xcc, 0x9e, 0x3d, 0xbb, 0xe0, 0x67, 0xfb, 0xf6, 0xfc, 0x99, 0x01, 0x2d, 0xcb,
  0xca, 0x4c, 0xfc, 0x1f, 0x7e, 0xf8, 0xe1, 0x1c, 0x15, 0xa8, 0x10, 0xc2, 0xe1, 0x30, 0x16, 0x2d,
  0x5a, 0x84, 0x63, 0x8e, 0x39, 0xa6, 0xa0, 0xdf, 0xe8, 0x05, 0x17, 0x5c, 0x30, 0xc4, 0x9b, 0xea,
  0xbd, 0xc0, 0x93, 0x4f, 0x3e, 0x99, 0x63, 0x74, 0x2b, 0xf6, 0x53, 0xac, 0x6a, 0x7e, 0xf1, 0xc5,
  0x17, 0xe3, 0x23, 0x1f, 0xf9, 0x48, 0xde, 0x7d, 0x2b, 0x57, 0xae, 0x44, 0x34, 0x1a, 0xc5, 0x0f,
  0x7f, 0xf8, 0xc3, 0xbc, 0xfb, 0xbf, 0xf3, 0x9d, 0xef, 0xe4, 0x35, 0x2a, 0x65, 0xcf, 0xd1, 0xf3,
  0x11, 0x32, 0x3d, 0xfa, 0x3e, 0xfe, 0xf8, 0xe3, 0x05, 0xdb, 0x5e, 0xbb, 0x76, 0x2d, 0x96, 0x2e,
  0x5d, 0x5a, 0x72, 0x9c, 0x6e, 0xbe, 0x76, 0x2e, 0xbc, 0xf0, 0xc2, 0x8c, 0x85, 0x58, 0xd3, 0x07,
  0x88, 0xd7, 0xd2, 0x92, 0xf2, 0x66, 0xeb, 0xee, 0xee, 0xce, 0xeb, 0x1c, 0x41, 0x44, 0xd8, 0xb6,
  0x6d, 0x1b, 0xfe, 0xe7, 0x7f, 0xfe, 0x67, 0xd8, 0x8e, 0x25, 0x3b, 0xe1, 0x5a, 0x1a, 0x4a, 0xa9,
  0x9c, 0x95, 0x0a, 0x22, 0xc2, 0xc2, 0x85, 0x0b, 0x71, 0xf5, 0xd5, 0x57, 0xe3, 0xbb, 0xdf, 0xfd,
  0x6e, 0xd6, 0xf6, 0x7e, 0x7a, 0x0d, 0x33, 0x8d, 0x2d, 0x3a, 0x75, 0xae, 0x40, 0x87, 0xc5, 0x55,
  0xb2, 0xe8, 0x39, 0x6c, 0x42, 0x50, 0x6f, 0x80, 0xcb, 0x26, 00, 0xb3, 0xf3, 0x1d, 0x30, 0xd8,
  0x15, 0xb1, 0xd0, 0x5c, 0x63, 0xd3, 0xa6, 0x4d, 0x78, 0xf6, 0xd9, 0x67, 0x87, 0xbd, 0xd8, 0x93,
  0x4f, 0x3e, 0x89, 0x39, 0x73, 0xe6, 0xe4, 0xdd, 0xf7, 0xd1, 0x8f, 0x7e, 0x34, 0x33, 0x82, 0x7d,
  0xf1, 0x8b, 0x5f, 0xc4, 0xda, 0xb5, 0x6b, 0x0b, 0x46, 0x82, 0x94, 0x82, 0x6f, 0x7f, 0xfb, 0xdb,
  0xf8, 0xfe, 0xf7, 0xbf, 0x7f, 0xd0, 0xed, 0x94, 0x82, 0x43, 0xb9, 0xac, 0x53, 0x5f, 0x5f, 0x8f,
  0xbb, 0xef, 0xbe, 0xbb, 0xa0, 0x25, 0x77, 0xa4, 0xe9, 0x4a, 0x3e, 0xa7, 0x09, 0xa5, 0x14, 0x1e,
  0x7c, 0xf0, 0xc1, 0x61, 0xdb, 0xc8, 0x5e, 0xe2, 0xb8, 0xf9, 0xe6, 0x9b, 0x71, 0xe6, 0x99, 0x67,
  0x66, 0xd6, 0x43, 0x1d, 0xc7, 0xc1, 0xed, 0xb7, 0xdf, 0x8e, 0x6f, 0x7e, 0xf3, 0x9b, 0x43, 0xce,
  0x6b, 0x68, 0x68, 0xc0, 0x9a, 0x35, 0x6b, 0x50, 0x59, 0x59, 0x59, 0x94, 0x45, 0xfb, 0xa9, 0xa7,
  0x9e, 0xc2, 0xa7, 0x3e, 0xf5, 0xa9, 0x0c, 0x59, 0x0d, 0xd3, 0x0f, 0xd3, 0x1f, 0xca, 0xc4, 0x4b,
  0xa7, 0x47, 0xd8, 0xbb, 0xee, 0xba, 0x2b, 0xc7, 0x32, 0x9d, 0x46, 0xf6, 0x73, 0x29, 0x44, 0x58,
  0x22, 0xc2, 0x4f, 0x7f, 0xfa, 0x53, 0x3c, 0xf2, 0xc8, 0x23, 0x48, 0x26, 0x93, 0x88, 0x46, 0xa3,
  0x68, 0x6f, 0x6f, 0xc7, 0xce, 0x9d, 0x3b, 0xf1, 0xe3, 0x1f, 0xff, 0x38, 0xef, 0xc8, 0x9e, 0x3d,
  0x17, 0xe7, 0x9a, 0xd1, 0x5f, 0x56, 0x24, 0x97, 0x94, 0xa5, 0x2e, 0xe7, 0x08, 0x21, 0x94, 0x92,
  0x72, 0xaf, 0xdd, 0xed, 0x44, 0x8b, 0xb6, 0x12, 0xcb, 0x44, 0xb2, 0x03, 0xba, 0xb5, 0x1e, 0x05,
  0x08, 0x9b, 0xed, 0x8a, 0x98, 0xbd, 0x34, 0x30, 0x18, 0xe9, 0xb0, 0xa3, 0xe1, 0x70, 0xff, 0xfd,
  0xf7, 0x17, 0x8c, 0xfe, 0x3f, 0xf1, 0xc4, 0x13, 0x71, 0xfc, 0xf1, 0xc7, 0xe3, 0x8d, 0x37, 0xde,
  0x40, 0x63, 0x63, 0x23, 0x56, 0xac, 0x58, 0x81, 0x55, 0xab, 0x56, 0x15, 0x15, 0x19, 0x32, 0x1c,
  0xd6, 0xaf, 0x5f, 0x8f, 0x3d, 0x7b, 0xf6, 0x1c, 0x54, 0x1b, 0xa5, 0xe2, 0x50, 0x46, 0xeb, 0xb4,
  0xb4, 0xb4, 0x8c, 0xb9, 0x4f, 0x6f, 0x53, 0x53, 0x13, 0x16, 0x2d, 0x5a, 0x84, 0x05, 0x0b, 0x16,
  0x60, 0xc9, 0x92, 0x25, 0x88, 0x44, 0x22, 0x43, 0x8e, 0x19, 0xdc, 0x99, 0x5c, 0x75, 0xd5, 0x55,
  0x78, 0xe9, 0xa5, 0x97, 0xd0, 0xde, 0xde, 0x8e, 0x6b, 0xae, 0xb9, 0x06, 0xab, 0x57, 0xaf, 0x46,
  0x79, 0x79, 0x39, 0x4e, 0x39, 0xe5, 0x14, 0x1c, 0x7f, 0xfc, 0xf1, 0x58, 0xbc, 0x78, 0x31, 0x16,
  0x2d, 0x5a, 0x84, 0xf9, 0xf3, 0xe7, 0x17, 0xe5, 0x10, 0xe3, 0x79, 0x1e, 0x7e, 0xf9, 0xcb, 0x5f,
  0xe6, 0xcc, 0x59, 0x0d, 0x33, 0x95, 0x8b, 0x98, 0x88, 0x65, 0x08, 0xdb, 0xdc, 0xdc, 0x8c, 0x3d,
  0x7b, 0xf6, 0xe0, 0xd6, 0x5b, 0x6f, 0xc5, 0xb9, 0xe7, 0x9e, 0x3b, 0xa4, 0x9d, 0xec, 0x91, 0xad,
  0x90, 0x35, 0xb9, 0xa1, 0xa1, 0x01, 0x6b, 0xd7, 0xae, 0xc5, 0xda, 0xb5, 0x6b, 0x73, 0xb6, 0x0f,
  0x17, 0xdb, 0x9d, 0x76, 0x3a, 0x01, 0x90, 0xca, 0xeb, 0xc4, 0x79, 0x41, 0x5e, 0x16, 0x6b, 0x41,
  0xf6, 0x5c, 0x37, 0x6a, 0x8b, 0xc4, 0x66, 0xa0, 0xa9, 0xa7, 0x68, 0xc2, 0x26, 0xfb, 0xdc, 0x36,
  0x5f, 0x50, 0x5f, 0x27, 0x3c, 0xef, 0x93, 0x83, 0x6b, 0xe8, 0x64, 0x67, 0x45, 0x3c, 0xe7, 0x9c,
  0x73, 0x70, 0xf4, 0xd1, 0x47, 0xe7, 0x6d, 0x43, 0x29, 0x95, 0xe3, 0x6b, 0x59, 0x56, 0x3d, 0x1d,
  0xfe, 0x50, 0x19, 0x18, 0x4f, 0x89, 0xb1, 0x7f, 0xf7, 0x66, 0x08, 0xd7, 0xc1, 0x0b, 0x2f, 0xbc,
  0x80, 0x6d, 0xdb, 0xb6, 0xe5, 0x75, 0x69, 0x64, 0x8c, 0xe1, 0x73, 0x9f, 0xfb, 0x5c, 0xc6, 0x03,
  0xe5, 0xc5, 0x17, 0x5f, 0xc4, 0x39, 0xe7, 0x9c, 0x83, 0x55, 0xab, 0x56, 0x8d, 0x2a, 0x97, 0x90,
  0x10, 0x02, 0x2b, 0x57, 0xae, 0xc4, 0x95, 0x57, 0x5e, 0x99, 0xb7, 0x27, 0x3e, 0x94, 0x38, 0x94,
  0xcb, 0x3a, 0xae, 0xeb, 0xe2, 0xe1, 0x87, 0x1f, 0x2e, 0x6a, 0xcd, 0xb6, 0x58, 0xd4, 0xd7, 0xd7,
  0xe3, 0xcf, 0x7f, 0xfe, 0xf3, 0xb0, 0xc7, 0xd8, 0xb6, 0x8d, 0xf2, 0xf2, 0x72, 0x2c, 0x5d, 0xba,
  0x14, 0x75, 0x75, 0x75, 0xa8, 0xad, 0xad, 0xc5, 0xeb, 0xaf, 0xbf, 0x0e, 0xd7, 0x75, 0x71, 0xeb,
  0xad, 0xb7, 0xe2, 0x9e, 0x7b, 0xee, 0x41, 0x6d, 0x6d, 0xed, 0xa8, 0xf2, 0x6f, 0xed, 0xdb, 0xb7,
  0x0f, 0xdf, 0xf8, 0xc6, 0x37, 0x72, 0x64, 0x48, 0x93, 0xd5, 0xf0, 0x05, 0x73, 0xb2, 0xfd, 0x37,
  0x36, 0x36, 0xe2, 0x96, 0x5b, 0x6e, 0x41, 0x5f, 0x5f, 0x5f, 0xde, 0x6b, 0x65, 0x6f, 0x2b, 0x94,
  0xf7, 0xf9, 0xa2, 0x8b, 0x2e, 0x82, 0x6d, 0xdb, 0x43, 0x3a, 0xa1, 0x42, 0x89, 0x10, 0xa4, 0x94,
  0x99, 0x0c, 0x9c, 00, 0xa0, 0xe9, 0x7a, 0x6a, 0x84, 0x1d, 0x94, 0x9e, 0xb7, 0x54, 0x48, 0x4f,
  0x6d, 0x22, 0xc6, 0x1b, 0x01, 0x78, 0x25, 0xac, 0xc3, 0x36, 0x76, 0x0b, 0x6f, 0xd6, 0x7a, 0xd7,
  0x73, 0x0f, 0x70, 0x4d, 0xcb, 0x49, 0x22, 0x9e, 0x9d, 0xb7, 0x29, 0x9f, 0x9a, 0x90, 0xc6, 0xa6,
  0x4d, 0x9b, 0x32, 0x44, 0xd3, 0x74, 0x13, 0xba, 0x61, 0xe6, 0x54, 0x23, 0x0b, 0x84, 0x2a, 0x33,
  0x99, 0xe2, 0x57, 0xaf, 0x5e, 0x5d, 0xd0, 0x07, 0xf9, 0xa2, 0x8b, 0x2e, 0xc2, 0xd7, 0xbe, 0xf6,
  0xb5, 0xcc, 0xff, 0x3b, 0x76, 0xec, 0xc0, 0x92, 0x25, 0x4b, 0x70, 0xf5, 0xd5, 0x57, 0xe3, 0x6b,
  0x5f, 0xfb, 0x5a, 0x26, 0x9d, 0xe9, 0x70, 0x50, 0x4a, 0xe1, 0xe9, 0xa7, 0x9f, 0xc6, 0x0f, 0x7e,
  0xf0, 0x83, 0xa2, 0x96, 0x75, 0x8e, 0x44, 0xdc, 0x79, 0xe7, 0x9d, 0xb8, 0xf2, 0xca, 0x2b, 0x0b,
  0x4e, 0x4f, 0x0e, 0x05, 0x1a, 0x1b, 0x1b, 0xc1, 0x18, 0xc3, 0x7d, 0xf7, 0xdd, 0x37, 0x66, 0x9d,
  0x51, 0x2c, 0x16, 0xc3, 0xdd, 0x77, 0xdf, 0x8d, 0x9b, 0x6e, 0xba, 0x29, 0xc7, 0xa3, 0x29, 0x10,
  0xae, 0x44, 0xa8, 0xbc, 0x06, 0x9a, 0x61, 0x81, 0x31, 0x06, 0xee, 0x1b, 0x50, 0xd1, 0x57, 0xaf,
  0x5e, 0x9d, 0x59, 0x0f, 0x1e, 0x89, 0xb0, 0x1b, 0x36, 0x6c, 0x28, 0xe8, 0x65, 0x67, 0x9a, 0x66,
  0x41, 0xa3, 0xd4, 0x60, 0x6c, 0xdd, 0xba, 0x35, 0x27, 0xb4, 0x8e, 0xf1, 0xa1, 0xe9, 0x4e, 0x33,
  0x55, 0x63, 0x8a, 0x9c, 0xbb, 0x0a, 0x4f, 0x78, 0x02, 0xde, 0x3f, 0x62, 0x51, 0xd9, 0x06, 0x94,
  0xe6, 0x38, 0x21, 0xfb, 0x62, 0xc6, 0x0e, 0x6e, 0xa8, 0x55, 0xba, 0x27, 0xae, 0xe3, 0xda, 0x80,
  0xfe, 0x92, 0x9d, 0xc8, 0xbb, 0xb3, 0xb3, 0x33, 0x93, 0x1f, 0x76, 0x30, 0x9e, 0x79, 0xe6, 0x99,
  0xcc, 0x77, 0xc3, 0x0a, 0x64, 0x46, 0xd6, 0x74, 0x5a, 0x1b, 0x2b, 0x10, 0xce, 0x10, 0xf6, 0xde,
  0x7b, 0xef, 0x1d, 0xd6, 0xc9, 0xbf, 0xbe, 0xbe, 0x1e, 0x8d, 0x8d, 0x8d, 0x39, 0xdb, 0x7e, 0xfd,
  0xeb, 0x5f, 0xe3, 0xd7, 0xbf, 0xfe, 0x35, 0x2e, 0xb8, 0xe0, 0x02, 0x5c, 0x78, 0xe1, 0x85, 0x38,
  0xe1, 0x84, 0x13, 0x50, 0x59, 0x59, 0x89, 0x8a, 0x8a, 0x0a, 0x28, 0xa5, 0xd0, 0xd1, 0xd1, 0x81,
  0xa6, 0xa6, 0x26, 0x3c, 0xff, 0xfc, 0xf3, 0x78, 0xf8, 0xe1, 0x87, 0x73, 0x22, 0x7b, 0x80, 0xd4,
  0xbc, 0xa7, 0x90, 0xec, 0xa5, 0x20, 0x5b, 0x2d, 0x1a, 0x4f, 0x6c, 0xd9, 0xb2, 0x05, 0xcf, 0x3d,
  0xf7, 0x5c, 0x4e, 0x02, 0x6f, 0xcf, 0xf3, 0xd0, 0xda, 0xda, 0x8a, 0xfd, 0xfb, 0xf7, 0xa3, 0xb9,
  0xb9, 0x19, 0xcd, 0xcd, 0xcd, 0xd8, 0xb7, 0x6f, 0x1f, 0xf6, 0xee, 0xdd, 0x8b, 0xaf, 0x7e, 0xf5,
  0xab, 0x05, 0xb3, 0x3e, 0x6c, 0xdf, 0xbe, 0xbd, 0xa0, 0x5d, 0x21, 0x1b, 0xef, 0xbc, 0xf3, 0x0e,
  0x3a, 0x3a, 0x3a, 0xf0, 0xd4, 0x53, 0x4f, 0x1d, 0xf4, 0x4a, 0x41, 0x7b, 0x7b, 0x3b, 0x1e, 0x7e,
  0xf8, 0x61, 0xdc, 0x7e, 0xfb, 0xed, 0x39, 0x49, 0x06, 0x18, 0xd7, 0x52, 0xe9, 0x44, 0x43, 0x15,
  0xfd, 0x09, 0xbc, 0x07, 0x48, 0xe1, 0x0b, 0x44, 0x90, 0x88, 0xf5, 0xe4, 0x38, 0x6f, 0xe4, 0x53,
  0xb5, 0xb3, 0x09, 0xbb, 0x7f, 0xff, 0x7e, 0xec, 0xd8, 0xb1, 0xa3, 0xa8, 0xfb, 0x1b, 0x0e, 0xd9,
  0xb9, 0xa8, 0x75, 0xc3, 0xea, 0xf7, 0x25, 0x1e, 0xd8, 0x3f, 0x1a, 0x57, 0xc4, 0x64, 0x32, 0xb9,
  0xd7, 0x4e, 0xba, 0x7f, 0x43, 0x6c, 0x77, 0x2b, 0x50, 0xaa, 0xa7, 0x53, 0x7c, 0xeb, 0x81, 0x98,
  0x36, 0xfb, 0x7e, 0x9d, 0xb1, 0x4b, 0x7d, 0x1a, 0xcf, 0x4c, 0x1a, 0x39, 0x1f, 0x68, 0xa6, 0xd8,
  0x58, 0xd0, 0x54, 0xc2, 0xe5, 0x74, 0x62, 0xaa, 0x54, 0x3c, 0xa0, 0xe5, 0x0f, 0xc1, 0xb0, 0x02,
  0x70, 0xec, 0x18, 0xd6, 0xaf, 0x5f, 0x5f, 0xb4, 0x63, 0xbc, 0xe9, 0x0f, 0x21, 0x99, 0xe5, 0x12,
  0xf9, 0xf8, 0xe3, 0x8f, 0xe3, 0xf1, 0xc7, 0x1f, 0x2f, 0xf2, 0xa6, 0x06, 0xb0, 0x71, 0xe3, 0xc6,
  0x51, 0x39, 0xe3, 0x1f, 0xce, 0xb8, 0xe7, 0x9e, 0x7b, 0x10, 0x0a, 0x85, 0xf0, 0xdc, 0x73, 0xcf,
  0xe1, 0xf9, 0xe7, 0x9f, 0xc7, 0x8b, 0x2f, 0xbe, 0x98, 0xd7, 0x17, 0xfb, 0xfa, 0xeb, 0xaf, 0xc7,
  0xf1, 0xc7, 0x1f, 0x9f, 0xb7, 0x8d, 0xae, 0xae, 0x2e, 0x5c, 0x73, 0xcd, 0x35, 0x23, 0x5a, 0x75,
  0x93, 0xc9, 0x64, 0xc6, 0x82, 0xbd, 0x6a, 0xd5, 0xaa, 0x51, 0x11, 0xd6, 0x71, 0x1c, 0xbc, 0xfe,
  0xfa, 0xeb, 0x78, 0xf0, 0xc1, 0x07, 0x33, 0xa9, 0x4a, 0xb3, 0xe1, 0x0b, 0x44, 0x10, 0x8c, 0x54,
  0xc1, 0xf0, 0x05, 0xf3, 0xd6, 0x65, 0x2d, 0xaf, 0x99, 0x0e, 0xb1, 0xdf, 0xcd, 0xc9, 0x89, 0x3c,
  0xd2, 0x08, 0x0b, 0xa4, 0x0c, 0x64, 0xe9, 0xfa, 0x3d, 0xa3, 0x41, 0x67, 0x67, 0x67, 0x8e, 0xf5,
  0xde, 0x0a, 0x64, 0xbf, 0xdf, 0xb9, 0x9a, 0x70, 0xb1, 0x73, 0x57, 0xe9, 0x79, 0xae, 0x27, 0xdc,
  0x3f, 0xc6, 0xdb, 0x93, 0xbb, 0xd0, 0x5f, 0x34, 0xbc, 0x54, 0x5d, 0x49, 0xba, 0xbd, 0x1d, 0xdb,
  0x5d, 0xbf, 0xf6, 0x4b, 0x43, 0xea, 0xb7, 0x72, 0xc6, 0x4d, 00, 0x88, 0x54, 0x4d, 0x85, 0x93,
  0x4c, 0xa4, 0x2a, 0xc5, 0x15, 0x81, 0x60, 0x59, 0x35, 0x4c, 0x2b, 00, 0xae, 0x69, 0x20, 0x62,
  0x39, 0x6b, 0x52, 0x15, 0xb5, 0x0d, 0x38, 0xb0, 0x67, 0xe4, 0x94, 0x2d, 0x69, 0x04, 0xc2, 0x95,
  0x08, 0x44, 0xaa, 0x40, 0x55, 0x94, 0x5a, 0xac, 0xee, 0x2d, 0xde, 0xea, 0xaa, 0x19, 0x16, 0xfc,
  0xa1, 0x72, 0x40, 0x29, 0xf4, 0x76, 0x0e, 0xbf, 0xd0, 0x7e, 0x28, 0xb0, 0x79, 0xf3, 0x66, 0x3c,
  0xf4, 0xd0, 0x43, 0x25, 0x9f, 0x77, 0xe6, 0x99, 0x67, 0xe6, 0x35, 0xa4, 0xe4, 0x43, 0x3a, 0x25,
  0xce, 0x48, 0xb8, 0xed, 0xb6, 0xdb, 0xb0, 0x73, 0xe7, 0x4e, 0xdc, 0x7a, 0xeb, 0xad, 0x43, 0x6c,
  0x10, 0xb7, 0xde, 0x7a, 0x2b, 0x9e, 0x78, 0xe2, 0x09, 0x24, 0x12, 0x89, 0x82, 0x79, 0xb9, 0x62,
  0xb1, 0x18, 0xbe, 0xf9, 0xcd, 0x6f, 0x66, 0x0a, 0x65, 0x3d, 0xf0, 0xc0, 0x03, 0x68, 0x6a, 0x6a,
  0x2a, 0x2a, 0xd7, 0x73, 0x4b, 0x4b, 0x0b, 0x5e, 0x7d, 0xf5, 0x55, 0x3c, 0xf5, 0xd4, 0x53, 0x78,
  0xe0, 0x81, 0x07, 0xf2, 0xba, 0x8b, 0x6a, 0xba, 0x89, 0x50, 0x45, 0x2d, 0x7c, 0xfe, 0x48, 0x2a,
  0xc6, 0x34, 0x4f, 0x9e, 0x24, 0x20, 0xf5, 0x9b, 0xd6, 0x36, 0x2c, 0x40, 0xc7, 0xfe, 0x5d, 0x88,
  0xf7, 0x97, 0x9c, 0xcc, 0x47, 0xd8, 0xc1, 0x2a, 0xe9, 0xca, 0x95, 0x2b, 0x31, 0x73, 0xe6, 0x4c,
  0x7c, 0xfd, 0xeb, 0x5f, 0x2f, 0x39, 0x0f, 0x56, 0x5b, 0x5b, 0x1b, 0x56, 0xac, 0x58, 0x91, 0x91,
  0xdb, 0x17, 0x2c, 0x4b, 0x15, 0x7a, 0x4e, 0x5b, 0x88, 0xb3, 0x8a, 0x94, 0x17, 0x1b, 0x8f, 0x20,
  0x85, 0x90, 0x8e, 0xe3, 0xbe, 0xde, 0x1d, 0x13, 0xf7, 0x03, 0x03, 0x55, 0xd9, 0x47, 0x31, 0xb9,
  0xe9, 0xe9, 0xea, 0x3e, 0x50, 0x75, 0x1f, 0x63, 0xf6, 0x02, 0xbf, 0xdf, 0xfa, 0x02, 0xe3, 0x9c,
  0x19, 0x56, 00, 0x75, 0x33, 0x8f, 0x41, 0x3c, 0xda, 0x05, 0xe1, 0x3a, 0xc3, 0xe6, 0xa9, 0x31,
  0xad, 0x40, 0xa6, 0x16, 0x67, 0xba, 0x77, 0xcc, 0xdc, 0x83, 0x52, 0x30, 0xac, 00, 0xa6, 0x1e,
  0xb5, 0x08, 0xc9, 0x78, 0xb4, 0xdf, 0x4b, 0xa4, 0x80, 0x47, 0xa4, 0x4a, 0x05, 0x08, 0x1b, 0x56,
  0xb0, 0x9f, 0xf8, 0x84, 0xf2, 0xda, 0x06, 0x94, 0xd5, 0x4c, 0x47, 0x32, 0xd6, 0x8b, 0xa4, 0x1d,
  0x83, 0xeb, 0x24, 00, 0x85, 0x54, 0x8d, 0x54, 0xa0, 0xdf, 00, 0x90, 0x52, 0xc7, 0x7d, 0x81,
  0x48, 0x4e, 0xb9, 0xc9, 0x40, 0xb8, 0x12, 0x89, 0x58, 0x4f, 0xe6, 0xd8, 0x83, 0x82, 0x02, 0x5c,
  0x27, 0x31, 0x6c, 0x95, 0x35, 00, 0xd8, 0xbb, 0x77, 0xef, 0xb0, 0x09, 0xbd, 0x0a, 0xe1, 0xb6,
  0xdb, 0x6e, 0x1b, 0x91, 0xb0, 0x9a, 0x6e, 0x66, 0x0c, 0x81, 0x83, 0x61, 0x58, 0x01, 0x30, 0xc6,
  0xa0, 0x1b, 0x3e, 0x24, 0xed, 0x58, 0x66, 0xfd, 0xfc, 0xe1, 0x87, 0x1f, 0xc6, 0xe3, 0x8f, 0x3f,
  0x8e, 0x9b, 0x6e, 0xba, 0x09, 0xd7, 0x5e, 0x7b, 0x2d, 0x7c, 0x3e, 0x1f, 0x5e, 0x78, 0xe1, 0x05,
  0xfc, 0xec, 0x67, 0x3f, 0x03, 0x90, 0x2a, 0xfb, 0x58, 0x5f, 0x5f, 0x0f, 0x21, 0x04, 0x3c, 0xcf,
  0x43, 0x32, 0x99, 0x44, 0x57, 0x57, 0x17, 0xd6, 0xaf, 0x5f, 0x8f, 0xbf, 0xfe, 0xf5, 0xaf, 0x43,
  0x32, 0x78, 0x3c, 0xf1, 0xc4, 0x13, 0x39, 0x99, 0x2d, 0xd3, 0xf5, 0x8d, 0x76, 0xed, 0xda, 0x85,
  0xb7, 0xde, 0x7a, 0x0b, 0xaf, 0xbd, 0xf6, 0x1a, 0x9e, 0x7d, 0xf6, 0xd9, 0x61, 0xdd, 0x12, 0x7d,
  0x81, 0x08, 0x7c, 0xa1, 0xf2, 0x4c, 0xf5, 0xf5, 0xf4, 0xef, 0x35, 0x1c, 0x88, 0x72, 0xc7, 0xb0,
  0x62, 0x46, 0x58, 0x20, 0x55, 0x42, 0x72, 0xe5, 0xca, 0x95, 0xb8, 0xec, 0xb2, 0xcb, 0x30, 0x73,
  0xe6, 0x4c, 0x4c, 0x9b, 0x36, 0xad, 0xa0, 0x05, 0x39, 0x1a, 0x8d, 0xa2, 0xb3, 0xb3, 0x13, 0x1b,
  0x36, 0x6c, 0xc0, 0x3d, 0xf7, 0xdc, 0x33, 0x10, 0x23, 0xcc, 0x35, 0xf8, 0x02, 0x91, 0xfe, 0x5c,
  0xc4, 0x03, 0x64, 0xcd, 0x53, 0x8e, 0xb8, 0x20, 0xa4, 0x94, 0x2a, 0xe1, 0x24, 0x0f, 0x74, 0x1c,
  0x68, 0xb9, 0x06, 0x6e, 0x47, 0x8e, 0xe7, 0xc6, 0x28, 0xad, 0x11, 0x3b, 0x5a, 0x3b, 0xbb, 0xe6,
  0x7d, 0x8f, 0x73, 0xe7, 0x28, 0x9f, 0xdf, 0x77, 0x76, 0x4a, 0x50, 0x8e, 0x60, 0xa4, 0xaa, 0x28,
  0x0f, 0x8e, 0x7c, 0xc5, 0x94, 0x73, 0x84, 0xd2, 0x0c, 0x68, 0xe1, 0xf2, 0x61, 0x0d, 0x6a, 0x39,
  0xd5, 0xd2, 0x69, 0x20, 0x7d, 0x24, 0x11, 0xe0, 0x0b, 0x95, 0xc3, 0x17, 0x2a, 0x2b, 0x9c, 0x91,
  0x2e, 0xfd, 0x83, 0x66, 0xfd, 0xf0, 0xba, 0xe9, 0x83, 0x6e, 0x5a, 0xa3, 0x31, 0xe2, 0xe5, 0x95,
  0xad, 0xb7, 0x73, 0x7f, 0x86, 0xb0, 0x8f, 0x3d, 0xf6, 0xd8, 0x90, 0xf9, 0x36, 0x30, 0xd4, 0xa5,
  0xad, 0x58, 0xac, 0x59, 0xb3, 0x26, 0x6f, 0x84, 0x49, 0xf6, 0x35, 0x74, 0xd3, 0x07, 0x5f, 0x20,
  0x02, 0x3b, 0xde, 0x9b, 0xaa, 0x89, 0x6b, 0x05, 0x60, 0xf8, 0x82, 0x30, 0x7d, 0x81, 0x94, 0x4a,
  0x46, 0x03, 0xf9, 0xb8, 0x7a, 0x3b, 0x0f, 0x20, 0xd6, 0xdd, 0x9e, 0x2a, 0x6e, 0x6c, 0xdb, 0xf8,
  0xd6, 0xb7, 0xbe, 0x85, 0x87, 0x1e, 0x7a, 0x08, 0xb7, 0xde, 0x7a, 0x6b, 0x8e, 0x71, 0xaf, 0xd4,
  0x34, 0xb0, 0xf7, 0xdc, 0x73, 0x0f, 0xa4, 0x94, 0xd8, 0xb1, 0x63, 0x07, 0xde, 0x7e, 0xfb, 0x6d,
  0xbc, 0xf6, 0xda, 0x6b, 0x99, 0x48, 0x9f, 0xe1, 0x60, 0x58, 0x7e, 0x58, 0xfe, 0x30, 0xac, 0x40,
  0x38, 0x33, 0x52, 0x11, 0xd1, 0xa8, 0x63, 0x4b, 0xef, 0xbd, 0xf7, 0xde, 0x21, 0x31, 0xaf, 0xad,
  0xad, 0x03, 0x45, 0xa4, 0x19, 0xd7, 0x32, 0xb5, 0x75, 0x76, 0xef, 0xde, 0x8d, 0x1f, 0xfd, 0xe8,
  0x47, 0xa3, 0xba, 0x0e, 0xe3, 0x1a, 0xca, 0xaa, 0xa6, 0xc1, 0x0a, 0x84, 0xc1, 0xfa, 0xab, 0xb9,
  0x8f, 0xe6, 0x85, 0x4a, 0x26, 0xed, 0x44, 0x77, 0x57, 0xf7, 0xff, 0x81, 0xdb, 0xb1, 0x09, 0x59,
  0xb5, 0x61, 0x81, 0x83, 0x2b, 0x6a, 0x49, 0xf0, 0x4f, 0xaf, 0x8b, 0x94, 0x05, 0x7e, 0x1a, 0x09,
  0x05, 0xff, 0xbf, 0x83, 0x68, 0x27, 0x85, 0x74, 0xd5, 0x3b, 0x2a, 0xac, 0xe1, 0xe7, 0xde, 0xfb,
  0xe8, 0x8a, 0x2d, 0xbf, 0x17, 0x50, 0x4a, 0x21, 0x11, 0xed, 0x42, 0x7b, 0xf3, 0xc8, 0x6e, 0x6d,
  0x69, 0x84, 0xca, 0x6a, 0xfa, 0x33, 0x64, 0xe4, 0xdf, 0xef, 0xb9, 0x49, 0x74, 0xb5, 0xec, 0x2d,
  0xba, 0xbd, 0x70, 0x65, 0x1d, 0xc2, 0xe5, 0xfd, 0xd1, 0x36, 0xfd, 0x1d, 0x64, 0xbe, 0x8a, 0xf0,
  0x29, 0xd2, 0x4a, 0x78, 0x4e, 0x12, 0x3d, 0x1d, 0xcd, 0x99, 0xaa, 0x0a, 0xa3, 0x41, 0x3a, 0x87,
  0x56, 0x77, 0x7b, 0x23, 0x44, 0x61, 0xa7, 0xb8, 0x21, 0xd0, 0x0c, 0x13, 0x86, 0x19, 0x80, 0x61,
  0x05, 0x60, 0xf9, 0x43, 0x03, 0x99, 0xf2, 0x89, 0x46, 0xec, 0xdc, 0x0b, 0xa1, 0xbb, 0xbd, 0x09,
  0xbd, 0x1d, 0xc5, 0x45, 0x62, 0xf9, 0xc3, 0x15, 0xf0, 0x07, 0xcb, 0x10, 0xeb, 0xed, 0x1c, 0x51,
  0x2b, 0xca, 0x87, 0xf4, 0xa8, 0xea, 0x0f, 0x55, 0xe4, 0x44, 0xeb, 0xa4, 0x91, 0xef, 0xb9, 0xe7,
  0x83, 0x94, 0x52, 0x39, 0x49, 0xbb, 0xb9, 0xb3, 0xa3, 0xe3, 0x0a, 0x2f, 0xd6, 0xf2, 0x02, 0x80,
  0x21, 0xbd, 0xf2, 0xc1, 0xbe, 0xe5, 0x04, 0xd4, 0x97, 0x47, 0xaa, 0xfd, 0x57, 0xea, 0x3e, 0xfd,
  0x06, 0xcb, 0x34, 0xfd, 0x8c, 0xb1, 0x51, 0xb7, 0x99, 0x4e, 0xaa, 0x5c, 0xd4, 0x65, 0x31, 0xe6,
  0xc1, 0xfc, 0x63, 0x0a, 0x29, 0x05, 0xda, 0x9b, 0x8b, 0x2b, 0x60, 0x6d, 0x5a, 0x01, 0x54, 0x4d,
  0x3d, 0x2a, 0x15, 0xf0, 0x9c, 0x67, 0xbf, 0x42, 0xaa, 0x68, 0x75, 0xe7, 0x81, 0xdd, 0x45, 0x11,
  0x4a, 0x37, 0xac, 0x54, 0xde, 0x2a, 0x7d, 0x40, 0x9d, 0x1b, 0xdc, 0xa1, 0x0d, 0x2d, 0x15, 0x91,
  0x0a, 0xee, 0x4f, 0x44, 0x7b, 0xd0, 0xdb, 0xd1, 0x3c, 0xa4, 0x28, 0xb6, 0x3f, 0x5c, 0x09, 0x99,
  0xc7, 0x46, 0xa1, 0x1b, 0x3e, 0x70, 0xdd, 0x80, 0x99, 0x55, 0xd1, 0x3e, 0x99, 0x88, 0xa2, 0x75,
  0x5f, 0x7e, 0xed, 0x41, 0x33, 0x4c, 0x68, 0x9a, 0x91, 0xc9, 0x28, 0x68, 0x9a, 0x81, 0xfe, 0xac,
  0xf8, 0x6c, 0xa0, 0x63, 0x19, 0x83, 0x1f, 0x56, 0x78, 0x0e, 0x0e, 0xec, 0x7d, 0x67, 0xc4, 0x8e,
  0x83, 0x71, 0x0d, 0xe5, 0x35, 0xd3, 0x61, 0xf9, 0xc3, 0x60, 0x5c, 0x83, 0xf0, 0x9c, 0x54, 0xc2,
  0xfa, 0x64, 0x02, 0x52, 0x78, 0xc3, 0x4e, 0xef, 0x18, 0x71, 0x68, 0x86, 0x99, 0xb2, 0x08, 0xf7,
  0x17, 0x1d, 0x4f, 0xc9, 0x3e, 0xb4, 0x53, 0x1c, 0x09, 0x52, 0x78, 0x9e, 0x9d, 0x74, 0xfe, 0xd9,
  0xde, 0xb2, 0xff, 0x2a, 0x38, 0x5d, 0xdb, 00, 0xe4, 0x15, 0x7c, 0x8c, 0x5e, 0xf9, 0xf9, 0x21,
  0xdd, 0xd7, 0xb3, 0x20, 0x50, 0x56, 0x7e, 0x95, 0xc1, 0xd9, 0xc7, 0x0d, 0xcb, 0x08, 0xb2, 0x11,
  0x92, 0x8e, 0x17, 0x42, 0x71, 0x2a, 0xf5, 0x61, 0xcc, 0xd4, 0x2c, 0x28, 0x29, 0x91, 0x4c, 0xf4,
  0x8d, 0x98, 0x79, 0xd6, 0xf4, 0x05, 0xfb, 0xe7, 0x54, 0xc3, 0xdf, 0x97, 0x92, 0x12, 0xc9, 0x64,
  0x1c, 0x72, 0x90, 0x33, 0x3b, 0x51, 0xba, 0xb3, 0x4b, 0x7d, 0x37, 0xad, 0x40, 0xff, 0x52, 0x47,
  0xe1, 0x97, 0x3f, 0xfb, 0x39, 0x67, 0x1f, 0xa3, 0x94, 0x82, 0xf4, 0x5c, 0xf4, 0xf5, 0xb4, 0x21,
  0xd6, 0xdd, 0x0e, 0x4d, 0x37, 0x10, 0x28, 0xab, 0x4a, 0x55, 0xaa, 0x2f, 0x98, 0x47, 0x77, 0xe8,
  0x48, 0xe8, 0x3a, 0x09, 0xd8, 0xb1, 0x1e, 0x48, 0x29, 0xa1, 0xe9, 0x06, 0x34, 0xcd, 0xcc, 0xa4,
  0xfc, 0xcc, 0xe8, 0x50, 0x59, 0x53, 0x99, 0xb1, 0x42, 0xf6, 0x7d, 0x29, 0x21, 0xe0, 0x3a, 0x09,
  0x24, 0xed, 0x68, 0xde, 0xba, 0x49, 0xba, 0xe9, 0x4b, 0xe5, 0x0d, 0xd6, 0xd5, 0x38, 0xcc, 0x84,
  00, 00, 0x03, 0x62, 0x49, 0x44, 0x41, 0x54, 0x06, 0x3b, 0x38, 0x28, 0x94, 0x90, 0xe3, 0x3b,
  0x2b, 0x9f, 0x49, 0xff, 0xff, 0x25, 0xdc, 0x8f, 0xf0, 0xa4, 0xe3, 0x88, 0xe4, 0x16, 0x3b, 0x96,
  0xf8, 0x55, 0x5f, 0xdc, 0xff, 0x38, 0x62, 0x6f, 0xb5, 0x63, 0x90, 0x1a, 0x9c, 0xef, 0x5a, 0x63,
  0x01, 0x0d, 0x81, 0x59, 0x95, 0x16, 0xc5, 0x8f, 0xf1, 0x85, 0x22, 0xe7, 0x69, 0x8c, 0x9f, 0x6d,
  0x18, 0xd6, 0x62, 0x6e, 0xf0, 0xb1, 0x8d, 0xb1, 0x3b, 0xd2, 0x50, 0x8c, 0xc6, 0x50, 0xc2, 0x0f,
  0xac, 0x94, 0xcc, 0xbc, 0x19, 0x43, 0x5e, 0x8c, 0x74, 0x7e, 0xe8, 0x22, 0x89, 0x30, 0x5c, 0x41,
  0x26, 0xa5, 0xd4, 0x80, 0xec, 0x54, 0x1c, 0xf1, 0xf3, 0xec, 0xcd, 0x5d, 0xce, 0xc8, 0xa7, 0xde,
  0x0e, 0x7e, 0xdb, 0x8b, 0x90, 0x7b, 0x38, 0xe4, 0x2d, 0x7d, 0xaa, 0x14, 0x64, 0xee, 0xba, 0x4a,
  0xff, 0xf5, 0xd2, 0xd3, 0x84, 0x7c, 0x2d, 0x15, 0x6f, 0xd1, 0xcd, 0x73, 0x93, 0xc3, 0xc2, 0x73,
  0x85, 0xe3, 0x49, 0xa7, 0x59, 0x24, 0xf1, 0x3c, 0x34, 0xf6, 0x4c, 0xcc, 0x71, 0x9e, 0xb3, 0x5b,
  0x3a, 0xdb, 0x80, 0xb6, 0xe8, 0x48, 0xe7, 0x1e, 0x8a, 0xa1, 0xca, 0x40, 0xf0, 0xa8, 0x32, 0xd3,
  0x67, 0x44, 0x0c, 0x72, 0x6a, 0x88, 0x30, 0x9d, 0x81, 0xd5, 0x30, 0xe2, 0x15, 0xa6, 0x61, 0x94,
  0x33, 0x9d, 0x17, 0xe7, 0x36, 0x32, 0x89, 0x14, 0x3c, 0x0a, 0x84, 0x74, 0xf3, 0x54, 0x06, 0xca,
  0x38, 0x10, 0x3b, 0x4a, 0x58, 0x49, 0x38, 0x11, 0xd2, 0xf8, 0x10, 0xaf, 0xf5, 0x74, 0x49, 0x4e,
  0xc6, 0x46, 0xb6, 0xa6, 0xc2, 0x55, 0x71, 0x1d, 0xac, 0x4b, 0x07, 0x73, 0x1c, 0x88, 0x77, 0x92,
  0x24, 0x8a, 0x9f, 0x24, 0xbf, 0x0f, 0x20, 0x01, 0x08, 0xe1, 0x99, 0xa4, 0xd4, 0x5c, 00, 0x33,
  0x09, 0x2c, 0x0c, 0x90, 0x09, 0x52, 0x44, 0x44, 0x51, 0x05, 0xd5, 0xa2, 0xa4, 0xdc, 0x41, 0x9c,
  0xb7, 0x70, 0x62, 0x05, 0x23, 0x32, 0x84, 0x72, 0x85, 0x54, 0x32, 0x06, 0x45, 0xed, 0x89, 0x98,
  0xdd, 0x2a, 0xe0, 0xb5, 0x30, 0x1e, 0xd8, 0x1b, 0xed, 0x71, 0x7a, 0x90, 0xe0, 0x3d, 0xc0, 0xd6,
  0xa2, 0x1d, 0xca, 0x0f, 0xb5, 0x6e, 0xc9, 0x01, 0x58, 0x40, 0x83, 0x01, 0x70, 0xc3, 0x57, 0x11,
  0xd2, 0x2d, 0x4b, 0x1f, 0xf3, 0x3c, 0x52, 0x13, 0x1d, 0xb5, 0xd2, 0x98, 0x55, 0x1d, 0x08, 0xad,
  0xd0, 0x98, 0x9c, 0x0d, 00, 0x92, 0xc0, 0x5a, 0xbc, 0xbe, 0x99, 0x7d, 0xe4, 0xcc, 0xe4, 0x5a,
  0xee, 0xd4, 0x63, 0xa4, 0x32, 0x86, 0x42, 0x48, 0xf8, 0x24, 0x3f, 0x10, 0x84, 0x71, 0xc0, 0x0f,
  0x3d, 0xca, 0x18, 0xed, 0xb7, 0x3d, 0xf7, 0xaf, 0xdb, 0x93, 0xb1, 0x7f, 0x12, 0xb1, 0x31, 0xb0,
  0x91, 0x4f, 0x24, 0x24, 0x90, 0x88, 0x4b, 0xa6, 0x59, 0x2c, 0xc0, 0x49, 0xf8, 0x38, 0x33, 0x74,
  0xa5, 0x24, 0x03, 00, 0xc3, 0x50, 0x5e, 0xd2, 0x71, 0x1c, 0xe1, 0x68, 0xb1, 0x60, 0xc8, 0x97,
  0xb4, 0x93, 0x85, 0x9f, 0x9d, 0x8d, 0xa4, 0x4a, 0x38, 0xae, 0x40, 0x52, 0x39, 0xe8, 0xeb, 0x4c,
  0x02, 0xed, 0x0e, 0xf2, 0x18, 0x94, 0x8a, 0xc1, 0x91, 0x31, 0x19, 0x9c, 0x04, 0x8e, 0xc1, 0x69,
  0x15, 0xd3, 0x66, 0x47, 0x2e, 0xd3, 0x35, 0xbe, 0x8c, 0x94, 0xd4, 0x5b, 0xbc, 0xf8, 0x94, 0x56,
  0xea, 0x9b, 0xa7, 0x74, 0x96, 0x3f, 0x79, 0xf0, 0x20, 0x28, 0xa5, 0x20, 0x85, 0x54, 0x53, 0x29,
  0xfc, 0x9a, 0xa9, 0xb4, 0xa8, 0x1f, 0x5a, 0x82, 0x03, 0x5b, 0xfa, 0xa2, 0xb1, 0xff, 0xbb, 0xb6,
  0x65, 0x6d, 0xf1, 0xe6, 0xec, 0x49, 0x8c, 0x2b, 0xc6, 0xae, 0x46, 0xc1, 0x24, 0x0e, 0x29, 0xda,
  0xd0, 0x98, 0xd8, 0xd1, 0xb5, 0xfd, 0xb5, 0xfa, 0xc0, 0xcc, 0x36, 0x4d, 0xd7, 0x67, 0x6a, 0x20,
  0xcd, 0x61, 0xd2, 0x4c, 0x48, 0xa7, 0xbc, 0x58, 0xcb, 0xbc, 0x29, 0xd9, 0x81, 0x3a, 0x16, 0xd9,
  0xe1, 0x67, 0x7a, 0x27, 0x24, 0x5e, 0x79, 0x65, 0xe7, 0x8e, 0xdb, 0xb6, 0xc6, 0xde, 0x78, 0xef,
  0x5d, 0xbc, 0x26, 0x31, 0x6a, 0x4c, 0x12, 0xf6, 0xc8, 0x82, 0xda, 0xdd, 0xb3, 0x73, 0x57, 0x90,
  0xaa, 0x5f, 0x0b, 0x59, 0x3e, 0xe1, 0x49, 0x6f, 0x4e, 0x82, 0x89, 0x08, 0x18, 0x0a, 0xa7, 0x4c,
  0x40, 0xda, 0xf2, 0x2b, 0xe4, 0x74, 0x2a, 0xdb, 0x68, 0x09, 0xbe, 0xc5, 0x4e, 0x78, 0x7f, 0x7c,
  0x7a, 0xef, 0xea, 0x3f, 0x27, 0xd0, 0x39, 0x62, 0x9e, 0xae, 0x49, 0x1c, 0x5e, 0x98, 0x54, 0x89,
  0x8f, 0x60, 0x34, 0x18, 0x8b, 0x8f, 0x31, 0xa7, 0xf9, 0x7e, 0x93, 0xd0, 0xdc, 0xa5, 0xc3, 0x0d,
  0xb2, 0x4a, 0x2a, 0x45, 0xae, 0x6a, 0x69, 0x70, 0xca, 0x3f, 0xbb, 0xb6, 0x79, 0xcd, 0xd3, 0xef,
  0xa1, 0x88, 0x93, 0x18, 0x63, 0x4c, 0x8e, 0xb0, 0x47, 0x30, 0x7a, 0x44, 0x4b, 0x9b, 0x16, 0x29,
  0xeb, 0x25, 0xc5, 0x3e, 0xc8, 0x38, 0xcb, 0x9b, 0xb0, 0x4a, 0x49, 0xa5, 0x84, 0xf8, 0xff, 0xdb,
  0xb9, 0x7b, 0x15, 0x84, 0x81, 0x18, 0x0e, 0xe0, 0x77, 0x57, 0xf0, 0x0b, 0x3a, 0x29, 0x15, 0x7c,
  0x82, 0xbe, 0x93, 0xcf, 0xe6, 0x13, 0x08, 0xae, 0x6e, 0x3e, 0x81, 0xe0, 0x20, 0x08, 0x2a, 0xe8,
  0x50, 0x44, 0xad, 0x20, 0xd8, 0xa1, 0x5e, 0x6d, 0xff, 0x89, 0xb3, 0x50, 0xd1, 0x45, 0xe9, 0x95,
  0xfc, 0xd6, 0x2c, 0xb7, 0x84, 0x90, 0x23, 0x49, 0x61, 0x93, 0x7b, 0x3a, 0xdc, 0x1e, 0xe7, 0x9f,
  0x8f, 0x60, 0x89, 0x4a, 0x93, 0x1f, 0x5b, 0xc7, 0x65, 0x36, 0x5f, 00, 0x18, 0xbf, 0xbb, 0x68,
  0xc9, 0x44, 0x04, 0xa8, 0x5d, 0x72, 0xda, 0x4c, 0xd5, 0xf7, 0xb3, 00, 0xa2, 0xa2, 0x24, 0x61,
  0x1d, 0x77, 0x3b, 0xaf, 0xf7, 0x60, 0xcc, 0x98, 0x29, 0x2e, 0x8b, 0x6b, 0x6d, 0x60, 0x48, 0x8d,
  0xfe, 0xfd, 0x2e, 0xf1, 0x1b, 0x92, 0xb0, 0x35, 0xf0, 0xb0, 0x6a, 0x45, 0xd0, 0x13, 0x14, 0x78,
  0x99, 0xbf, 0x63, 0x62, 0xd6, 0x50, 0x79, 0x68, 0x82, 0xf2, 0x25, 0x56, 0xe1, 0x1c, 0xe9, 0x61,
  0x6b, 0x20, 0x4b, 0x2f, 0xd7, 0xa6, 0xdf, 0x8d, 0x8d, 0x56, 0xa1, 0x22, 0x1e, 0x18, 0xcf, 0x78,
  0x04, 0x40, 0x93, 0xb6, 0x3e, 0xb7, 0x0e, 0xfd, 0x46, 0xbb, 0xd3, 0xe3, 0x60, 0x19, 0xd9, 0xa8,
  0xb4, 0x0a, 0x0b, 0x77, 0x3c, 0x01, 0x62, 0x61, 0x18, 0x35, 0x25, 0x3c, 0x63, 0x76, 00, 00,
  00, 00, 0x49, 0x45, 0x4e, 0x44, 0xae, 0x42, 0x60, 0x82
};


