unsigned char 爆炸猎弓[] = {
  0x89, 0x50, 0x4e, 0x47, 0x0d, 0x0a, 0x1a, 0x0a, 00, 00, 00, 0x0d, 0x49, 0x48, 0x44, 0x52,
  00, 00, 0x01, 0x2c, 00, 00, 00, 0x65, 0x08, 0x06, 00, 00, 00, 0xf7, 0x5d, 0xde,
  0x65, 00, 00, 0x20, 00, 0x49, 0x44, 0x41, 0x54, 0x78, 0x9c, 0xed, 0xbd, 0x07, 0x78, 0x1c,
  0xf7, 0x79, 0x26, 0xfe, 0x4d, 0xdf, 0xde, 0x0b, 0x16, 0xbb, 0x58, 0xf4, 0x42, 0x80, 0x4d, 0x24,
  0xc1, 0x22, 0x52, 0xd5, 0x72, 0x95, 0xe4, 0x38, 0x71, 0x64, 0xc5, 0xb6, 0x5c, 0xe2, 0xf2, 0x38,
  0xbe, 0x24, 0xce, 0xe5, 0x2e, 0xc5, 0x8e, 0x93, 0x9c, 0xfd, 0x4f, 0xee, 0xd2, 0xfe, 0x49, 0xce,
  0x97, 0x38, 0x89, 0xef, 0x2e, 0xb6, 0x13, 0x77, 0xd9, 0x71, 0x93, 0x6c, 0xd9, 0x92, 0x2c, 0xc9,
  0x92, 0x28, 0x89, 0x62, 0x13, 0x2b, 0x58, 0xd0, 0xdb, 0x62, 0x01, 0x6c, 0x9b, 0x2d, 0xd3, 0x67,
  0xee, 0xf9, 0x7e, 0xbb, 0x4b, 0x41, 0xb2, 0xba, 0x48, 00, 0x24, 0xe7, 0x7d, 0x84, 0x87, 0x10,
  0xb1, 0xd8, 0x5d, 0xce, 0xce, 0xbc, 0xf3, 0x95, 0xf7, 0x7b, 0x3f, 0xb0, 0x61, 0xc3, 0x86, 0x8d,
  0xcb, 0x05, 0xd4, 0x6a, 0xbd, 0xcf, 0x8e, 0x74, 0x07, 0x44, 0xa3, 0x51, 0xb8, 0xe3, 0xce, 0x77,
  0x82, 0x2a, 0x2b, 0xf0, 0x6f, 0x5f, 0xfe, 0x2a, 0x2c, 0x2e, 0x2e, 0x81, 0x20, 0xf0, 0x97, 0xed,
  0xc9, 0xa2, 0xc8, 0x0a, 0x24, 0x3b, 0x53, 0xb0, 0x6d, 0xcb, 0x26, 0xb0, 0x64, 0x15, 0x44, 0x43,
  0x83, 0xf6, 0x64, 0x0a, 0xbc, 0x7e, 0x3f, 0x18, 0xaa, 0x0e, 0x16, 0x65, 0x81, 0xd3, 0xe9, 0x04,
  0xb7, 0xc3, 0x01, 0xa3, 0xe3, 0x13, 0xb0, 0x69, 0xf3, 0x66, 0x60, 0x19, 0x06, 0x6a, 0xb5, 0x2a,
  0x39, 0xf2, 0xdf, 0xfa, 0xe6, 0x77, 0xe0, 0xd4, 0x89, 0x53, 0xe4, 0x31, 0x86, 0xa9, 0xc3, 0x87,
  0x3e, 0xfa, 0x41, 0x18, 0x3d, 0x33, 0x0e, 0xbc, 0x93, 0x87, 0x3d, 0x3b, 0x87, 0x61, 0x66, 0x62,
  0x0a, 0x12, 0x9d, 0xed, 0x60, 0x99, 0x26, 0x28, 0x92, 0x0c, 0xf3, 0xd3, 0xd3, 0xd0, 0xd6, 0xdd,
  0x05, 0x14, 0x45, 0x01, 0x43, 0xd1, 0x20, 0x96, 0x45, 0x28, 0x8b, 0x65, 0x88, 0xc4, 0x22, 0xc0,
  0x32, 0x2c, 0xc8, 0xb2, 0x0c, 0xa5, 0x62, 0x09, 0xba, 0xbb, 0xba, 0xc0, 0xed, 0xf1, 0x40, 0x38,
  0x1a, 0x85, 0x91, 0xd3, 0xa7, 0xc1, 0xe5, 0x74, 0xc2, 0xc8, 0xf9, 0xb3, 0x60, 0x82, 0x05, 0x5d,
  0xc9, 0x76, 0xa0, 0x69, 0x0a, 0x74, 0xd3, 0x04, 0xaf, 0xc7, 0x03, 0x67, 0xcf, 0x9f, 0x83, 0x68,
  0x24, 0x06, 0xe9, 0x74, 0x1b, 0x38, 0x1c, 0x02, 0x7c, 0xed, 0xab, 0x5f, 0x87, 0x6a, 0xa5, 0x0a,
  0x1f, 0xfc, 0xf0, 0x07, 0x20, 0xb7, 0xbc, 0x0c, 0xf3, 0x0b, 0x8b, 0xc0, 0x73, 0x1c, 0x30, 0x0c,
  0x03, 0x40, 0x51, 0x50, 0xab, 0x54, 0x60, 0x29, 0x9b, 0x4d, 0xf4, 0x0d, 0xf4, 0x97, 0x1e, 0xf8,
  0xc9, 0x03, 0xb5, 0xd3, 0xa7, 0xcf, 0xc2, 0x7f, 0xfd, 0x83, 0xdf, 0x85, 0x1f, 0xdf, 0xfb, 0x43,
  0xd8, 0xb2, 0x69, 0x2b, 0x44, 0x12, 0x2d, 0x20, 0xf0, 0x3c, 0x04, 0x02, 0x01, 0x60, 0x68, 0x1a,
  0x0c, 0xd3, 0x04, 0x87, 0xc3, 0x01, 0x60, 0x59, 0xe4, 0x98, 0xe1, 0x09, 0x67, 0x58, 0x16, 0xf9,
  0x7b, 0x7c, 0x4e, 0x87, 0x20, 0x90, 0xe7, 0x2c, 0xe1, 0xbf, 0xa5, 0x5c, 0x01, 0x45, 0x51, 0x40,
  0xd7, 0x74, 0x70, 0xbb, 0x5d, 0x90, 0x4c, 0xb6, 0xc2, 0x0f, 0xef, 0xb9, 0x07, 0x76, 0xec, 0xd8,
  0x01, 0x6e, 0xb7, 0x1b, 0x38, 0x9e, 0x87, 0xf3, 0xa7, 0x47, 0x20, 0x91, 0x4c, 0x92, 0x7f, 0x0b,
  0xbe, 0xcf, 0x81, 0x81, 0x01, 0x28, 0x89, 0x25, 0x10, 0xc5, 0x32, 0xd4, 0x6a, 0x35, 0x68, 0x49,
  0xc4, 0xe1, 0x5b, 0xdf, 0xf8, 0x36, 0xf4, 0xf6, 0xf6, 0x42, 0x77, 0x5f, 0x37, 0x80, 0x65, 0x02,
  0x58, 0x14, 0x84, 0x42, 0x21, 0x88, 0x84, 0x23, 0x50, 0x28, 0xe4, 0x61, 0x6a, 0x7a, 0x1a, 0xbc,
  0x1e, 0x2f, 0xb4, 0xb7, 0xa7, 0xe1, 0xcc, 0xb9, 0x33, 0x70, 0xe4, 0xc8, 0x51, 0xb8, 0xe3, 0x57,
  0xde, 0x09, 0xf3, 0x73, 0x19, 0xe0, 0x04, 0x01, 0x78, 0x01, 0x8f, 0xa5, 0x02, 0xc9, 0xd6, 0x56,
  0x18, 0x1b, 0x1d, 0x03, 0xb7, 0xd7, 0x03, 0x72, 0xb5, 0x0a, 0xd9, 0x4c, 0x06, 0x86, 0xf7, 0xee,
  0x85, 0xbb, 0xef, 0xfe, 0x26, 0xf4, 0xf6, 0xf4, 0x42, 0x2a, 0x95, 0x82, 0x8e, 0xf6, 0x0e, 0xf8,
  0xd2, 0xbf, 0x7e, 0x19, 0x80, 0xa6, 0xe0, 0x86, 0x9b, 0xae, 0x83, 0x80, 0x3f, 0x08, 0x82, 0x20,
  0x80, 0xa6, 0x69, 0x70, 0xf8, 0xa9, 0xa7, 0x20, 0x18, 0x0e, 0x83, 0x2a, 0xcb, 0xe0, 0x0f, 0x87,
  0x41, 0x56, 0x14, 0xa0, 0x68, 0x1a, 0x34, 0x4d, 0x85, 0xe5, 0x42, 0x0e, 0xba, 0x52, 0x1d, 0x20,
  0x29, 0x32, 0xf9, 0x3c, 0x75, 0xc3, 0x80, 0xc9, 0xd9, 0x69, 0xb8, 0x71, 0xef, 0x75, 0xb0, 0xb4,
  0xb4, 0x08, 0x2c, 0x8b, 0xef, 0x41, 0x85, 0xf9, 0xf9, 0x59, 0x58, 0x5c, 0x5c, 0x84, 0xdb, 0x6e,
  0xbb, 0x0d, 0x96, 0x16, 0x97, 0xc0, 0xed, 0x72, 0x03, 0xc3, 0xb1, 0xe4, 0x3c, 0x7a, 0x64, 0xff,
  0xa3, 0xd0, 0xdd, 0xd1, 0x05, 0x4e, 0x87, 0x13, 0x82, 0x81, 00, 0x9c, 0x1f, 0x1d, 0x85, 0x58,
  0x2c, 0x46, 0xbe, 0x9f, 0x98, 0x9c, 0x04, 0x9e, 0xe7, 0x61, 0x70, 0x70, 0x10, 0x72, 0xb9, 0x1c,
  0x39, 0x37, 0xaa, 0xb5, 0x1a, 0x50, 0x94, 0x45, 0x5e, 0xcf, 0xe7, 0xf5, 0x81, 0xaa, 0x6a, 0x30,
  0x3e, 0x3e, 0x0e, 0xc9, 0x64, 0x92, 0x9c, 0x83, 0x78, 0x9e, 0x2d, 0x2e, 0x2d, 0x41, 0x4f, 0x77,
  0x37, 0xd4, 0x64, 0x19, 0x34, 0x55, 0x01, 0x1a, 0x28, 0x98, 0x5b, 0xc8, 0xc0, 0xcf, 0x1e, 0x7e,
  0x04, 0xce, 0x1c, 0x1f, 0x81, 0x0f, 0x7e, 0xf8, 0xfd, 0xd0, 0x9a, 0x48, 0x90, 0xcf, 0x12, 0xcf,
  0xb1, 0x6f, 0xdf, 0xfd, 0x1d, 0xf2, 0xbe, 0x26, 0xa6, 0x27, 0x57, 0xe5, 0x9a, 0xa3, 0x57, 0xe5,
  0x55, 0x6c, 0x5c, 0xbe, 0x68, 0x12, 0x0d, 0x55, 0xbf, 0xb7, 0xd1, 0x0c, 0x13, 0xf0, 0x07, 0x83,
  0x6f, 0xe5, 0x38, 0x6e, 0xab, 0xd9, 0xf8, 0x99, 0x0d, 0x1b, 0xab, 0x05, 0xd6, 0x3e, 0xd2, 0x36,
  0x5e, 0x08, 0x96, 0x65, 0x91, 0x3b, 0x74, 0x5b, 0x32, 0x09, 0x67, 0xce, 0x9d, 0x83, 0x85, 0xe5,
  0x2c, 0xb0, 0x2c, 0x07, 0x1b, 0x7a, 0xfa, 0xee, 0x6c, 0x4f, 0xb7, 0xff, 0x0b, 0x4d, 0xc3, 0x61,
  0x45, 0x55, 0x6f, 0x54, 0x35, 0xb5, 0x82, 0x8f, 0xd5, 0x75, 0x1d, 0x4c, 0xc3, 00, 0xd3, 0x34,
  0xc9, 0x17, 0xfe, 0xdd, 0xca, 0x2f, 0x58, 0x41, 0x6e, 0xcf, 0xff, 0x59, 0xf3, 0xab, 0xf9, 0xbb,
  0x2b, 0x9f, 0x03, 0x9f, 0xd7, 0x30, 0x8c, 0xbd, 0x86, 0x61, 0x74, 0xb0, 0x96, 0xf5, 0x7d, 0xd3,
  0x34, 0xab, 0xe4, 0xf9, 0x56, 0x2d, 0x37, 0xb0, 0xb1, 0x9e, 0x60, 0x13, 0x96, 0x8d, 0x17, 0x86,
  0x05, 0x24, 0x65, 0x73, 0x39, 0xdd, 0xa0, 0x1b, 0x3a, 0x14, 0x45, 0x11, 0x38, 0x96, 0x85, 0x80,
  0xdf, 0x77, 0x7d, 0x24, 0x1c, 0x82, 0x6a, 0x4d, 0xda, 0xf6, 0xe6, 0xb7, 0xbc, 0xf1, 0xdd, 0xa6,
  0x69, 0x7e, 0x4d, 0x51, 0x14, 0xdd, 0xe5, 0x72, 0xf1, 0x0c, 0xc7, 0x79, 0x68, 0x8a, 0xf6, 0x52,
  0x14, 0x15, 0xb0, 0x2c, 0x2b, 0x66, 0x59, 0x56, 00, 00, 0x1c, 0x8d, 0xaf, 0x95, 0xd1, 0xbc,
  0xde, 0xf8, 0x42, 0x52, 0x52, 0x01, 0x40, 0x04, 0x80, 0x2c, 0xc3, 0x30, 0x79, 0x86, 0x61, 0x6a,
  0x96, 0x69, 0xe1, 0x6b, 0xb3, 0x9a, 0xa6, 0x47, 0xde, 0xf4, 0xa6, 0x37, 0xdf, 0x12, 0x8f, 0xb7,
  0xfc, 0x26, 0xcf, 0x73, 0x2d, 0xb9, 0x7c, 0xee, 0x5b, 0x96, 0x65, 0x7d, 0xca, 0xb2, 0xac, 0x29,
  0x4c, 0xa1, 0x0c, 0xc3, 0xb8, 0x10, 0xf9, 0x35, 0x81, 0xff, 0xaf, 0x28, 0x2a, 0x21, 0x3a, 0xfc,
  0xde, 0x0e, 0x02, 0xaf, 0x2c, 0xd8, 0x84, 0x65, 0xe3, 0x45, 0x81, 0x91, 0x4c, 0x49, 0x14, 0x61,
  0x43, 0x5f, 0x3f, 0xa9, 0xff, 0x58, 0x96, 0xd9, 0xd2, 0xd5, 0xd5, 0xbd, 0xb5, 0x25, 0x91, 0x80,
  0x5a, 0xb5, 0x46, 0x25, 0x5b, 0x5b, 0xff, 0x76, 0x68, 0x70, 0xe3, 0x87, 0x38, 0x9e, 0x2b, 0x6c,
  0xdf, 0xbe, 0xc3, 0xc9, 0x30, 0x4c, 0x88, 0x61, 0x59, 0x3f, 0xc3, 0x32, 0x0e, 0x8e, 0xe5, 0xdc,
  0x34, 0x45, 0xb9, 0x29, 0x0a, 0x28, 0x8c, 0xcc, 0x18, 0x9a, 0x21, 0x75, 0x9e, 0x26, 0xbd, 0x98,
  0x86, 0x09, 0xba, 0xa9, 0x93, 0x3f, 0x4d, 0xd3, 0x52, 0x55, 0x4d, 0x11, 0x69, 0x8a, 0x2e, 0x59,
  0x96, 0xa5, 0xe1, 0xeb, 0x32, 0x0c, 0x63, 0x19, 0xa6, 0x11, 0x74, 0xb9, 0x5c, 0x2d, 0xa1, 0x40,
  0x08, 0x2c, 0xb0, 0x60, 0x7e, 0x6e, 0xfe, 0xdd, 0x4e, 0xc1, 0xb9, 0xb1, 0x52, 0x29, 0x7f, 0x63,
  0x69, 0x79, 0xe9, 00, 0xcb, 0x71, 0xe3, 0xb2, 0x2c, 0xe5, 0x74, 0x5d, 0x2f, 0x63, 0xcd, 0x48,
  0x55, 0x55, 0x90, 0x24, 0x09, 0x42, 0xa1, 0xa0, 0xcf, 0xe9, 0x74, 0xc8, 0xaa, 0xaa, 0xaa, 0x1c,
  0xcb, 0xd8, 0x1f, 0xf0, 0x15, 0x04, 0x9b, 0xb0, 0x6c, 0xbc, 0x28, 0x30, 0x42, 0xc1, 0xd4, 0xac,
  0x56, 0xad, 0x42, 0x28, 0x10, 0xd8, 0x1a, 0x89, 0xc6, 0x3e, 0xd9, 0xd3, 0xdb, 0x37, 0x98, 0x68,
  0x6d, 0x25, 0x7f, 0xaf, 0x28, 0x8a, 0x57, 0xd7, 0xf5, 0xdd, 0x18, 0x8d, 0xf1, 0x3c, 0x47, 0x8a,
  0xe2, 0x2c, 0x16, 0xe8, 0x9b, 0x91, 0x0d, 0x36, 0x07, 0x68, 0x0a, 0x68, 0x86, 0x25, 0x84, 0x45,
  0x33, 0x75, 0xba, 0xc2, 0xdf, 0xc5, 0xdf, 0xc1, 0xc2, 0x3b, 0x12, 0x96, 0x05, 0x16, 0x76, 0x5e,
  0x22, 0x86, 0x61, 0x44, 0xf0, 0xe7, 0xd8, 0x14, 0xc0, 0x28, 0x0b, 0x7f, 0x82, 0xff, 0x61, 0x61,
  0xde, 0x30, 0x0d, 0xf0, 0x78, 0xbd, 0x90, 0x48, 0xb4, 0x6e, 0xca, 0xe5, 0x97, 0x37, 0x55, 0xca,
  0x15, 0x4b, 0x92, 0x6b, 0x13, 0x95, 0x72, 0x79, 0x46, 0x37, 0xcc, 0x19, 0x5d, 0x37, 0x4e, 0x31,
  0x2c, 0x53, 0xd6, 0x54, 0x6d, 0xe3, 0x6d, 0xb7, 0xbf, 0x6d, 0x03, 00, 0x25, 0x66, 0x17, 0x17,
  0xff, 0x1e, 0x2c, 0xeb, 0x61, 0x9e, 0xbd, 0x7c, 0x1b, 0x3b, 0x36, 0x9e, 0x0b, 0x9b, 0xb0, 0x6c,
  0xfc, 0x02, 0xac, 0x46, 0x1e, 0xa5, 0xaa, 0x0a, 0xa6, 0x81, 0xb7, 0x27, 0x12, 0xad, 0x1f, 0xd9,
  0xb2, 0x75, 0xeb, 0xf5, 0xe1, 0x70, 0x38, 0x10, 0x0c, 0x06, 0xc1, 0xe3, 0xf3, 0x11, 0x32, 0x33,
  0xb0, 0xbe, 0xa4, 0x1b, 0xa4, 0xf3, 0xc5, 0x10, 0x32, 0xa2, 0x49, 0xa7, 0x49, 0x96, 0x6a, 0x50,
  0x28, 0x16, 0x41, 0xd3, 0x75, 0x70, 0xb9, 0xdd, 0xa4, 0x63, 0x28, 0x38, 0xea, 0xa4, 0x81, 0x85,
  0x7a, 0x53, 0x55, 0x91, 0x87, 0x48, 0x8d, 0x8c, 0x25, 0x11, 0x90, 0x05, 0xf5, 0x32, 0x57, 0x33,
  0x7f, 0xb3, 0x9e, 0xd3, 0xc0, 0x6e, 0xa6, 0x7d, 0x98, 0xa2, 0xfa, 0xbd, 0x3e, 0x88, 0xb7, 0xc4,
  0x90, 0xec, 0x28, 0x5d, 0xd3, 0xba, 0x6a, 0xb5, 0x5a, 0x17, 0x76, 0x46, 0xb1, 0x03, 0x67, 0x9a,
  0x98, 0x26, 0xd6, 0xbb, 0x8f, 0xba, 0xae, 0xc1, 0x7c, 0x66, 0x7e, 0xeb, 0x42, 0x26, 0xf3, 0x27,
  0xb9, 0xe5, 0xe5, 0x6f, 0xf8, 0x0c, 0x9f, 0x6a, 0x7f, 0xd2, 0x97, 0x3f, 0x6c, 0xc2, 0xb2, 0xf1,
  0x1c, 0x18, 0xf5, 0xc2, 0xb9, 0xcb, 0x30, 0x8c, 0x5f, 0xf2, 0x78, 0xfd, 0xef, 0x6a, 0x4f, 0x77,
  0xdc, 0xde, 0xdd, 0xdd, 0xc3, 0x84, 0xc3, 0x61, 0x70, 0xba, 0x9c, 0x40, 0xd3, 0x34, 0x50, 0x18,
  0x35, 0x01, 0x0d, 0xac, 0xc0, 00, 0x08, 0xf5, 0xdf, 0xb6, 0x2c, 0x13, 0x54, 0x45, 0x03, 0x45,
  0x91, 0xa1, 0x5c, 0xa9, 0xc0, 0x42, 0x36, 0x6b, 0x55, 0xca, 0x65, 0xc3, 0xe9, 0x74, 0x32, 0xf1,
  0x96, 0x16, 0x0a, 0x7f, 0xdf, 0xe3, 0x76, 0x93, 0xe8, 0xaa, 0x2a, 0x49, 0x50, 0x16, 0x45, 0xf2,
  0x5c, 0x3e, 0x9f, 0x0f, 0x5c, 0x2e, 0x17, 0x21, 0x19, 0xfc, 0xff, 0x97, 0x02, 0xb6, 0xde, 0x9d,
  0x0e, 0x47, 0xbd, 0x18, 0x6f, 0x98, 0x75, 0x89, 0x84, 0x69, 0x42, 0x6b, 0x52, 0x03, 0x5d, 0x33,
  0x40, 0xd7, 0x0d, 0x92, 0x3a, 0x32, 0x0c, 0x0d, 0xba, 0xa6, 0x61, 0x8b, 0xbf, 0x2d, 0x13, 0x8d,
  0x7f, 0x79, 0x76, 0x6e, 0xf6, 0x23, 0x0c, 0x43, 0x3f, 0xa1, 0x28, 0xca, 0x9c, 0x69, 0x9a, 0xa7,
  0x0c, 0xc3, 0x38, 0x6d, 0x9a, 0x66, 0xa6, 0x59, 0xe8, 0xc7, 0x7a, 0x97, 0x8d, 0xcb, 0x03, 0x36,
  0x61, 0xd9, 0x20, 0xc0, 0x8b, 0x37, 0x9f, 0x2f, 0xf0, 0xbb, 0x76, 0xef, 0x7c, 0x67, 0x3c, 0xd6,
  0xf2, 0xd1, 0x54, 0xaa, 0xed, 0xba, 0x64, 0xb2, 0x8d, 0x6d, 0x49, 0xb4, 0x10, 0x52, 0x21, 0x84,
  0xc2, 0xd0, 0x17, 0xe2, 0x1e, 0x7c, 0x7c, 0xb3, 0x22, 0x65, 0x5a, 0x26, 0x48, 0x55, 0x09, 0x8a,
  0xa5, 0x22, 0xa9, 0x23, 0x55, 0xab, 0x55, 0x90, 0x6a, 0x35, 0xaa, 0x5c, 0x2e, 0x5b, 0xcb, 0xb9,
  0x65, 0x25, 0x5f, 0xc8, 0x73, 0xad, 0xc9, 0x14, 0xd3, 0x9e, 0x4e, 0x13, 0x4d, 0x96, 0x54, 0xab,
  0xc1, 0xdc, 0xec, 0xac, 0x52, 0xad, 0x56, 0xe7, 0x83, 0x81, 0x80, 0x33, 0x91, 0x48, 0xb6, 0x84,
  0xa2, 0x11, 0x10, 0x78, 0x8e, 0x90, 0x16, 0x69, 0x02, 0xbe, 0x48, 0x17, 0x50, 0xd3, 0x0d, 0xd0,
  0x54, 0x95, 0x10, 0x12, 0x45, 0x33, 0xc0, 0x72, 0x0c, 0x49, 0x37, 0x59, 0x27, 0x4f, 0xde, 0x1f,
  0xa9, 0x7f, 0x51, 0x34, 0x29, 0xf1, 0x0b, 0x0e, 0x07, 0x04, 0x82, 0x21, 0xe8, 0xe9, 0xeb, 0xdd,
  0xa7, 0xaa, 0xea, 0xbe, 0x4a, 0xb9, 0x8c, 0x9a, 0xa4, 0x5a, 0x30, 0x1c, 0xca, 0x28, 0x92, 0x72,
  0x48, 0x55, 0xd5, 0x27, 0x69, 0x9a, 0x3e, 0xec, 0x70, 0x38, 0x8e, 0x61, 0x1d, 0x0c, 0xa3, 0x45,
  0x96, 0xb7, 0xab, 0xf4, 0xeb, 0x19, 0x36, 0x61, 0x5d, 0xc5, 0x20, 0x69, 0x9d, 0x61, 0x10, 0x92,
  0xd1, 0x35, 0xed, 0xcd, 0x2e, 0x97, 0xfb, 0x63, 0x7b, 0xae, 0xdd, 0xfb, 0xf6, 0x74, 0xba, 0x9d,
  0x41, 0x92, 0xf2, 0xfb, 0x7c, 0xe0, 0x44, 0xa1, 0x22, 0xf3, 0x42, 0x91, 0xcf, 0xb3, 0xe9, 0x1b,
  0xa9, 0x73, 0x49, 0x35, 0xc8, 0x66, 0xb3, 0x20, 0x96, 0x4a, 0x26, 0x90, 0x3a, 0x14, 0x4d, 0x7b,
  0x3c, 0x1e, 0x8e, 0x96, 0x68, 0xab, 0x2c, 0x96, 0x8b, 0xd3, 0xfa, 0x14, 0x0a, 0x28, 0x83, 0x91,
  0x68, 0x94, 0x46, 0xf2, 0x63, 0x18, 0x86, 0x57, 0x14, 0xa5, 0xbc, 0x90, 0xcd, 0x3e, 0xad, 0xaa,
  0xea, 0x8d, 0x8a, 0x2a, 0xc7, 0xa3, 0xb1, 0x18, 0x11, 0x88, 0x36, 0x23, 0x2d, 0x42, 0x8a, 0x2b,
  0x98, 0x0b, 0xa3, 0x29, 0x59, 0x41, 0x71, 0x6c, 0x11, 0xf2, 0xf9, 0x3c, 0xa8, 0x8a, 0x62, 0xa1,
  0x48, 0xd3, 0xe1, 0x70, 0x50, 0x6e, 0xb7, 0x17, 0x02, 0x41, 0x3f, 0x89, 0xc2, 0x9a, 0xbf, 0xe3,
  0xf5, 0x7a, 0x89, 0x88, 0xd5, 0x20, 0x35, 0x33, 0x8b, 0xbc, 0x63, 0x45, 0x51, 0x5c, 0x95, 0x4a,
  0xb5, 0xbb, 0x54, 0x2a, 0x76, 0xe7, 0x97, 0x97, 0xef, 0x8c, 0x44, 0x63, 0xe2, 0xe6, 0x4d, 0x5b,
  0x8e, 0x8b, 0xa5, 0xd2, 0x93, 0x1c, 0xcf, 0x3d, 0x6a, 0x9a, 0xe6, 0x61, 0x55, 0x51, 0x32, 0xa4,
  0xcb, 0x78, 0xb5, 0x9f, 0x20, 0xeb, 0x10, 0x36, 0x61, 0x5d, 0xa5, 0xc0, 0x8b, 0x1a, 0x3b, 0x6b,
  0x3c, 0xc7, 0x77, 0x05, 0xfc, 0xbe, 0x3f, 0x6c, 0x69, 0x6d, 0xfd, 0x60, 0x7b, 0xba, 0x9d, 0x6f,
  0x69, 0x69, 0x01, 0xaf, 0xcf, 0x07, 0x82, 0xe0, 0x78, 0x0e, 0x51, 0xad, 0x24, 0x8f, 0xe7, 0x12,
  0x49, 0xbd, 0xc0, 0x8e, 0xc4, 0xa7, 0xc8, 0x32, 0x2c, 0x2f, 0x2f, 0x2b, 0x34, 0x4d, 0x17, 0x82,
  0xc1, 0x60, 0x38, 0x18, 0x08, 0x0a, 0xc1, 0x60, 0x88, 0x2f, 0x16, 0xf2, 0x8e, 0x52, 0xa9, 0x54,
  0x9c, 0x9d, 0x9b, 0x13, 0x65, 0x45, 0xf1, 0x47, 0xa2, 0x51, 0xca, 0xef, 0xf7, 0xe3, 0x13, 0xf4,
  0x67, 0xb3, 0xd9, 0xda, 0xe2, 0xd2, 0xd2, 0x31, 0x4d, 0xd7, 0x87, 0x0d, 0xc3, 0x08, 0xc6, 0xe3,
  0x71, 0xa2, 0x2c, 0xc7, 0xa8, 0xe9, 0x17, 0x24, 0x0b, 0xf0, 0x6c, 0x13, 0x60, 0x29, 0xbb, 0x68,
  0x95, 0xc4, 0x92, 0x86, 0xe4, 0xe6, 0x72, 0xb9, 0xe8, 0x58, 0x2c, 0xce, 00, 0x65, 0x52, 0xa6,
  0x69, 0x81, 0xd3, 0x21, 0x90, 0xf7, 0x54, 0xef, 0x1c, 0x2a, 0xe4, 0x77, 0x39, 0x6c, 0x06, 0xb0,
  0x1c, 0x78, 0x7d, 0x02, 0x78, 0xdc, 0x5e, 0xf0, 0xfb, 0x7d, 0x64, 0xf2, 0x42, 0xd7, 0x34, 0x9f,
  0x69, 0x18, 0xfb, 0x96, 0x96, 0x73, 0xfb, 0x16, 0x17, 0xb3, 0xbf, 0x5f, 0xc8, 0xe7, 0x47, 0x0a,
  0x85, 0xc2, 0x41, 0x49, 0x96, 0x1e, 0x96, 0x15, 0xe5, 0x29, 0x55, 0x51, 0xce, 0x38, 0xdd, 0xae,
  0x5f, 0x78, 0x2f, 0x36, 0xd6, 0x06, 0x36, 0x61, 0x5d, 0x85, 0x40, 0xc2, 0x51, 0x64, 0xd9, 0xc5,
  0xb1, 0xdc, 0x5d, 0x5b, 0x36, 0x6f, 0xfe, 0xd4, 0xd0, 0xc6, 0x4d, 0x1d, 0xa9, 0x54, 0x1b, 0xca,
  0x01, 0x40, 0x70, 0x08, 0x8d, 0x8b, 0xf3, 0xd9, 0x0b, 0xf4, 0xf9, 0x91, 0xce, 0xf3, 0x2f, 0x5e,
  0x1c, 0x13, 0xf1, 0x78, 0x3c, 0x80, 0x64, 0x53, 0x2e, 0x97, 0xd9, 0xc5, 0xc5, 0x25, 0xc6, 0x34,
  0x4d, 0xcd, 0xe5, 0x72, 0x0b, 0x6d, 0x6d, 0x29, 0x1c, 0xb1, 0x71, 0xe7, 0x72, 0x39, 0x47, 0x36,
  0x9b, 0x95, 0xab, 0x95, 0x8a, 0xc9, 0x32, 0x0c, 0xd3, 0xda, 0x9a, 0x84, 0x54, 0x5b, 0x9b, 0xe0,
  0x0f, 0x04, 0x76, 0x67, 0xe6, 0xe7, 0x33, 0xa2, 0x28, 0x16, 0x54, 0x55, 0x75, 0x69, 0x9a, 0x26,
  0xa0, 0x6c, 0x02, 0x09, 0x85, 0x61, 0xd8, 0x0b, 0x85, 0x78, 0x7c, 0x4d, 0x0c, 0xbc, 0xb0, 0x86,
  0xe5, 0xf5, 0xfa, 0x20, 0x18, 0x0a, 0x21, 0x7f, 0xb1, 0x92, 0x24, 0xe1, 0x9b, 0xb1, 0x34, 0x4d,
  0xa3, 0x64, 0x49, 0x01, 0x86, 0xa9, 0xc2, 0xf2, 0xe2, 0x22, 0x49, 0x4f, 0x15, 0x59, 0xce, 0x59,
  0x14, 0xa5, 0x98, 0x86, 0xe1, 0xa5, 0x19, 0xda, 0x8b, 0x63, 0x33, 0xe1, 0x70, 0x08, 0x1c, 0x4e,
  0x27, 0xa9, 0xc1, 0xe1, 0x98, 0x0b, 0xa6, 0x91, 0x0c, 0xcb, 0x42, 0xac, 0xa5, 0x05, 0x3a, 0xab,
  0x1d, 0x28, 0xe3, 0xd8, 0x50, 0x2c, 0x14, 0x37, 0x94, 0xc4, 0xd2, 0xfb, 0x8b, 0x85, 0x42, 0x46,
  0x56, 0xd4, 0xc7, 0x35, 0x4d, 0xfd, 0x0f, 0xb1, 0x50, 0x78, 0x48, 0x53, 0xd5, 0x25, 0x80, 0x95,
  0xcd, 0x01, 0x1b, 0xab, 0x0d, 0x9b, 0xb0, 0xae, 0x02, 0x50, 0x0d, 0x29, 0x81, 0x6e, 0x62, 0x41,
  0xdd, 0xa0, 0x59, 0x96, 0xfd, 0xe5, 0xb6, 0xf6, 0xf6, 0xdf, 0x4c, 0xb4, 0x24, 0x6e, 0x4a, 0xb5,
  0xb5, 0x41, 0x6b, 0xa2, 0x15, 0x02, 0xc1, 00, 0x99, 0x5f, 0x83, 0x17, 0xb8, 0x20, 0x5f, 0x2a,
  0xba, 0x68, 0x92, 0x19, 0xd6, 0xa6, 0x90, 0xf0, 0xda, 0xd2, 0xed, 0x9c, 0x20, 0x08, 0x31, 0x8c,
  0x6e, 0x5c, 0x2e, 0x27, 0xb8, 0x5c, 0x6e, 0x70, 0x38, 0x1d, 0x18, 0x05, 0x31, 0x4e, 0x97, 0xcb,
  0x8d, 0xf3, 0x89, 0x18, 0x3d, 0x61, 0x2a, 0x87, 0x84, 0x81, 0x73, 0x8e, 0x3c, 0xc7, 0x25, 0x16,
  0x17, 0x17, 0x65, 0x51, 0x14, 0xa9, 0x4a, 0xa5, 0x42, 0x6a, 0x60, 0x98, 0xca, 0xb9, 0x48, 0x64,
  0xf3, 0xdc, 0xf4, 0x10, 0x23, 0x25, 0x9c, 0x0b, 0x64, 0x39, 0x16, 0x3c, 0x6e, 0x17, 0x4d, 0xba,
  0x91, 0x9a, 0x46, 0x61, 0x11, 0xbf, 0x90, 0xcf, 0xeb, 0x2c, 0xcf, 0x3d, 0x52, 0x2a, 0x16, 0x0f,
  0xcd, 0xcf, 0xcd, 0x3c, 0x33, 0x3a, 0x39, 0x79, 0x6a, 0x29, 0x9b, 0x55, 0x62, 0x81, 0x90, 0x2f,
  0xdd, 0xdd, 0x39, 0x90, 0x4a, 0xa5, 0xb7, 0xb8, 0xdc, 0xee, 0x4e, 0x9e, 0xe3, 0x7a, 0x05, 0x41,
  0xe8, 0xf5, 0x7a, 0xbd, 0xae, 0x40, 0x30, 0x48, 0xba, 0x98, 0xf8, 0xbc, 0xf8, 0x5e, 0x51, 0x9a,
  0x81, 0xe4, 0x1b, 0x91, 0x23, 0xa0, 0x2a, 0x6a, 0xa2, 0xaf, 0xbf, 0xef, 0x8e, 0xb9, 0xd9, 0xb9,
  0x3b, 0xa6, 0x7d, 0x53, 0xa7, 0xe3, 0x2d, 0x89, 0xfb, 0x14, 0x59, 0xbe, 0xdf, 0xb2, 0xac, 0x47,
  0x4c, 0xd3, 0x54, 0x89, 0x3c, 0xc3, 0xc6, 0xaa, 0xc2, 0x26, 0xac, 0xcb, 0x18, 0x17, 0x46, 0x62,
  0x4c, 0x13, 0x0c, 0x30, 0x68, 0x03, 0x45, 0x4d, 0x2f, 00, 0xac, 0xe1, 0x60, 0xea, 0xc4, 0x02,
  0x6c, 0x69, 0x4d, 0xa6, 0xfe, 0x20, 0x16, 0x8f, 0xdf, 0xd1, 0xd6, 0x9e, 0xe6, 0xc2, 0xa1, 0x30,
  0x04, 0x02, 0xf5, 0x61, 0xdd, 0x66, 0xfa, 0xf7, 0xfc, 0x68, 0xea, 0x95, 0x02, 0xeb, 0x52, 0x1e,
  0xaf, 0x0f, 0xda, 0x05, 0x07, 0x44, 0x23, 0x11, 0x0a, 0x6b, 0x5a, 0x34, 0x45, 0x81, 0xaa, 0xa9,
  0x17, 0x9e, 0xd3, 0xe7, 0xf3, 0x13, 0x62, 0xc0, 0xa1, 0x71, 0x94, 0x20, 0x48, 0xb2, 0x44, 0xa2,
  0x33, 0x24, 0x20, 0x5e, 0x10, 0x1c, 0x8b, 0xd9, 0x2c, 0xa1, 0x57, 0x4c, 0xe3, 0x70, 0xb0, 0x19,
  0xf5, 0x5b, 0x4e, 0xa7, 0xe3, 0xc2, 0x3b, 0xc0, 0xd1, 0x1f, 0x1c, 0x9c, 0xc6, 0xe1, 0x5f, 0x1c,
  0x5e, 0xc6, 0x10, 0x0b, 0x8b, 0xf0, 0x13, 0x13, 0xe3, 0x63, 0xa5, 0x52, 0xf1, 0x9e, 0xe9, 0xa9,
  0xc9, 0xef, 0x5b, 0x40, 0x1f, 0xde, 0xb0, 0x61, 0x43, 0x05, 0x0b, 0xfb, 0x58, 0xe7, 0x9a, 0x99,
  0x9d, 0x01, 0x46, 0x33, 0x20, 0x9e, 0x6c, 0x3d, 0x6c, 0x5a, 0xe6, 0xd7, 0x66, 0xa6, 0x26, 0xb9,
  0x27, 0x1f, 0x7f, 0x2c, 0xb2, 0x69, 0xfb, 0xf6, 0x54, 0xaa, 0x35, 0xd9, 0xc3, 0xf3, 0xc2, 0x30,
  0x4d, 0x51, 0xd7, 0x84, 0x23, 0x91, 0xa1, 0x78, 0x4b, 0x4b, 0xd8, 0xed, 0xf6, 0xe0, 0xdb, 0x26,
  0x91, 0x1c, 0x0e, 0x11, 0x23, 0x89, 0x87, 0xc3, 0x11, 0x68, 0x6f, 0x6f, 0x1f, 0x2c, 0x89, 0xe2,
  0xe0, 0xec, 0xcc, 0xcc, 0xc7, 0x7e, 0xe9, 0xed, 0xef, 0x38, 0x56, 0xad, 0x56, 0x1f, 0xa8, 0xd5,
  0xaa, 0x3f, 0x32, 0x4d, 0xe3, 0x98, 0x24, 0xc9, 0x1a, 0xc3, 0xbd, 0x7c, 0x97, 0xd3, 0xc6, 0xeb,
  0x87, 0x4d, 0x58, 0x97, 0x21, 0xc8, 0x74, 0xbf, 0xae, 0xa3, 0xd6, 0xc8, 0x23, 0xf0, 0xfc, 0x36,
  0x8a, 0xa2, 0x6e, 0xe4, 0x38, 0xae, 0xcb, 0xd0, 0x8d, 0xfb, 0x15, 0x45, 0xf9, 0xfa, 0xca, 0x34,
  0x0a, 0xf5, 0x49, 0xaa, 0xa2, 0xf0, 0xbd, 0x5d, 0x3d, 0x77, 0x0d, 0x0c, 0x6c, 0xf8, 0xb3, 0xd6,
  0x64, 0xb2, 0x35, 0x16, 0x8d, 0x82, 0xc7, 0xe3, 0x25, 0x11, 0x0c, 0x0a, 0x3d, 0x57, 0xd2, 0x53,
  0x73, 0x9c, 0xe5, 0xe5, 0x38, 0xab, 0xfe, 0x12, 0xd6, 0x85, 0xc7, 0xe1, 0xef, 0xe1, 0xc5, 0x8d,
  0x5f, 0x28, 0x53, 0xc8, 0xe7, 0x0b, 0xa0, 0x2a, 0x12, 0x3a, 0x3e, 0x94, 0x27, 0x26, 0x26, 0xa6,
  0x29, 0x9a, 0x2a, 0x59, 0xa6, 0x69, 0x98, 0x96, 0x49, 0x99, 0x86, 0xc5, 0xd3, 0x34, 0xe5, 0xe4,
  0x79, 0xc1, 0xc9, 0x73, 0xbc, 0x87, 0xe5, 0x98, 0x80, 0xcb, 0xed, 0x71, 0xd4, 0x23, 0x16, 0x0a,
  0x2c, 0xc3, 0x22, 0xf2, 0x04, 0xd4, 0x52, 0xe9, 0x06, 0x47, 0x48, 0x8d, 0xc8, 0x21, 0xca, 0x65,
  0x10, 0xcb, 0x15, 0x90, 0xa4, 0x1a, 0xf9, 0xf7, 0x1f, 0x3b, 0x76, 0xec, 0x90, 0xae, 0xeb, 0x5f,
  0x13, 0xc5, 0xe2, 0xf7, 0x1c, 0x0e, 0xe7, 0x14, 0xd6, 0xaf, 0x4c, 0xcb, 0xa8, 0xeb, 0xbb, 0x38,
  0x8e, 0x10, 0x31, 0xbe, 0x17, 0xec, 0x16, 0x36, 0xdf, 0x1b, 0x4d, 0xd3, 0x9a, 0x2c, 0xcb, 0x19,
  0x94, 0x35, 0xd0, 0x34, 0x7d, 0x50, 0x14, 0xc5, 0x6f, 0x3c, 0xf5, 0xd8, 0xa3, 0xcc, 0xee, 0xeb,
  0xaf, 0x1f, 0x5a, 0xc8, 0x66, 0xaf, 0xd1, 0x34, 0xed, 0x66, 0xa7, 0x20, 0xec, 0x6e, 0x49, 0x24,
  0xfa, 0x30, 0xc5, 0xad, 0x47, 0x87, 0x6e, 0x88, 0x44, 0x23, 0x44, 0x53, 0xe6, 0xf3, 0xf9, 0x3c,
  0xfd, 0x7d, 0xfd, 0x7b, 0x6b, 0x52, 0x6d, 0x6f, 0x26, 0x93, 0xf9, 0x3d, 0x49, 0xaa, 0xfd, 0x38,
  0xde, 0x12, 0xfb, 0xb2, 0xaa, 0x69, 0xfb, 0x2b, 0x95, 0x8a, 0xe8, 0xf3, 0xfa, 0xaf, 0xf6, 0xd3,
  0xf3, 0x92, 0xc2, 0x26, 0xac, 0xcb, 0x08, 0x4d, 0xe5, 0xb9, 0xaa, 0x2a, 0x0e, 0x9f, 0xc7, 0xf7,
  0x5e, 0xa7, 0xab, 0xf5, 0xbd, 0xb1, 0x68, 0x74, 0x1f, 0xc7, 0xf1, 0x1c, 0xcf, 0x0b, 0x50, 0x29,
  0x8b, 0xb7, 0xd3, 0x34, 0x5d, 0xd2, 0x35, 0xed, 0x47, 0x9a, 0xa6, 0x71, 0x35, 0xa9, 0xd6, 0x16,
  0x0a, 0x85, 0x76, 0xf9, 0x3c, 0x9e, 0xbb, 0x7a, 0x7a, 0xfb, 0xde, 0xd6, 0xd5, 0xd5, 0x4d, 0x52,
  0x3f, 0xb4, 0x8b, 0x61, 0x79, 0xfe, 0x39, 0x44, 0xf5, 0x9c, 0xc8, 0x8a, 0xaa, 0x17, 0xd1, 0x1b,
  0x3f, 0x21, 0x69, 0x19, 0xfe, 0xec, 0xb9, 0x75, 0x2c, 0x78, 0x4e, 0x9d, 0x0b, 0x09, 0x04, 0x9f,
  0x03, 0xc5, 0xa4, 0x95, 0x6a, 0x15, 0xa3, 0x9b, 0x89, 0x9f, 0x3f, 0xfc, 0xc8, 0xf7, 0xb2, 0x8b,
  0x8b, 0x3f, 0x68, 0xef, 0x68, 0x3b, 0x51, 0xad, 0x54, 0x2b, 0xa6, 0xa1, 0x9b, 0x14, 0xcd, 0xd0,
  0x1c, 0xc7, 0x31, 0x86, 0xa1, 0xd3, 0x82, 0xd3, 0xe9, 0x67, 0x68, 0x36, 0xc2, 0x30, 0x54, 0x6b,
  0x31, 0x5f, 0xec, 0x17, 0x1c, 0x42, 0x5f, 0x30, 0x10, 0x1c, 0xaa, 0x45, 0xa3, 0x5d, 0xfe, 0x9a,
  0x3f, 0x8d, 0xa4, 0xe3, 0xf7, 0xfb, 0x49, 0x8a, 0x86, 0xf6, 0x28, 0xd9, 0x85, 0x05, 0x98, 0x9f,
  0x9f, 0x2f, 0x65, 0x32, 0xf3, 0xf7, 0xcf, 0xcd, 0xcd, 0xde, 0xad, 0xc8, 0xf2, 0x7d, 0x0e, 0x87,
  0xab, 0x9a, 0x6a, 0x4b, 0x12, 0x02, 0x25, 0x11, 0x8e, 0xf5, 0xd2, 0x35, 0xa6, 0x26, 0xb1, 0x12,
  0x3d, 0x19, 0xa9, 0x8b, 0xd1, 0xf8, 0x65, 0xd0, 0x34, 0x7d, 0x9c, 0xe7, 0xf9, 0xe3, 0x63, 0xa3,
  0xe7, 0xfe, 0x8d, 0xa6, 0xe8, 0x78, 0x3e, 0x9f, 0xbf, 0xe1, 0xe4, 0x89, 0x13, 0xd7, 0xb6, 0xb4,
  0x26, 0xae, 0xeb, 0xe8, 0xec, 0x1c, 0x10, 0x78, 0x87, 0x0b, 0x8f, 0x9b, 0xa7, 0xd1, 0x79, 0xe4,
  0x58, 0x0e, 0x92, 0xa9, 0x94, 0x67, 0x76, 0x66, 0xf6, 0x5d, 0x77, 0xbd, 0xff, 0xae, 0x77, 0xcd,
  0xce, 0xcc, 0x3e, 0xb6, 0x94, 0x5b, 0xfa, 0xbe, 0xa6, 0xa9, 0x3f, 0x61, 0x59, 0xf6, 0xf4, 0x55,
  0x7a, 0x8a, 0x5e, 0x72, 0xd8, 0x84, 0x75, 0x99, 00, 0x2f, 0x42, 0x59, 0x92, 0xb0, 0xab, 0x77,
  0x4b, 0x28, 0x10, 0xfc, 0xa3, 0xee, 0x9e, 0xde, 0x9b, 0xe2, 0xb1, 0x38, 0xf8, 0xb1, 0xf6, 0xc4,
  0x30, 0x44, 0x55, 0x2e, 0x96, 0x4a, 0xa1, 0x64, 0x5b, 0xdb, 0xd7, 0x32, 0x99, 0xcc, 0xa3, 0x3c,
  0xc7, 0x79, 0x62, 0xf1, 0x78, 0xe7, 0xf6, 0xed, 0x3b, 0x3a, 0xbc, 0x6e, 0x2f, 0xf8, 0x7c, 0x5e,
  0xe0, 0x1d, 0x02, 0x30, 0x34, 0x4b, 0x46, 0x5f, 0x56, 0x62, 0x25, 0x59, 0x61, 0xed, 0x89, 0x78,
  0x48, 0x51, 0x34, 0xd4, 0xaa, 0x12, 0xf1, 0x6e, 0x12, 0x9c, 0x8e, 0xfa, 0x45, 0x8a, 0xd1, 0x18,
  0x21, 0x4d, 0x8b, 0xa4, 0x74, 0x4d, 0x12, 0x23, 0xe9, 0x9d, 0x24, 0xc3, 0xd2, 0xd2, 0x32, 0x2c,
  0x66, 0x17, 0xce, 0x4d, 0x4d, 0x4e, 0xfc, 0xdf, 0xd6, 0x64, 0xf2, 0x3b, 0xf7, 0x3f, 0xf0, 0xe0,
  0xc4, 0xf2, 0xd2, 0x12, 0x7c, 0xea, 0xd3, 0x7f, 0x08, 0xd3, 0xf2, 0x34, 0x98, 0xf8, 0x78, 0x9a,
  0x36, 0x18, 0x86, 0xd1, 0xf0, 0xe5, 0x58, 0x86, 0xad, 0x31, 0x0c, 0x9b, 0x71, 0xb9, 0x1c, 0x27,
  0x4e, 0x1c, 0x3f, 0xf1, 0x53, 0x24, 0x04, 0x87, 0x20, 0x38, 0x1e, 0x7f, 0x72, 0x7f, 0xaa, 0x52,
  0x2e, 0xef, 0xb8, 0x66, 0xcb, 0xd6, 0x37, 0x09, 0xbc, 0xb0, 0xcd, 0xe9, 0x72, 0xa5, 0x2d, 0xb0,
  0xb4, 0xec, 0x7c, 0xe6, 0x67, 0x62, 0x45, 0xfc, 0xbb, 0x52, 0xa9, 0x74, 0x68, 0xff, 0x13, 0xfb,
  0xe1, 0x86, 0xeb, 0x6e, 0x20, 0x64, 0x5a, 0x27, 0xa8, 0xd7, 0xde, 0xc5, 0x5b, 0x49, 0xc4, 0x38,
  0xf7, 0x28, 0x08, 0x42, 0x56, 0x91, 0x95, 0xbb, 0x27, 0x27, 0x27, 0xef, 0x66, 0x79, 0x2e, 0x7c,
  0xe8, 0xc0, 0x81, 0x7e, 0x7f, 0x20, 0x78, 0x73, 0x47, 0x57, 0xe7, 0xee, 0x96, 0x96, 0x96, 0x5d,
  0x6e, 0x97, 0x27, 0x12, 0x8b, 0x47, 0xc9, 0x60, 0x78, 0x67, 0x57, 0x27, 0x69, 0x36, 0xb4, 0xb5,
  0xa5, 0xaf, 0xab, 0x56, 0x6b, 0xd7, 0x15, 0x0a, 0xb9, 0xdf, 0x2b, 0x14, 0xf2, 0x3f, 0x2a, 0x95,
  0xc4, 0xaf, 0x6a, 0xaa, 0xfa, 0x73, 0xb3, 0x21, 0xa9, 0xb0, 0x71, 0x71, 0x60, 0x13, 0xd6, 0x3a,
  0x07, 0x8a, 0x32, 0x0d, 0x5d, 0xc3, 0xa8, 0x60, 0xc3, 0x86, 0x4d, 0x9b, 0x3f, 0xde, 0xdd, 0xd3,
  0xfb, 0xa1, 0x74, 0x2a, 0xed, 0x8e, 0x25, 0x5a, 0x20, 0x14, 0x0c, 0x12, 0x03, 0xc4, 0xa6, 0x9e,
  0x0a, 0x6b, 0x52, 0xf1, 0x96, 0x9a, 0xbf, 0xbb, 0xa7, 0x07, 0x23, 0x2d, 0x70, 0xbb, 0x5c, 0x24,
  0x22, 0xc0, 0x14, 0xe9, 0xa5, 0xb0, 0x52, 0xae, 0x80, 0xc3, 0xc3, 0xd9, 0x6c, 0x56, 0x2d, 0xe4,
  0x73, 0x4f, 0xc9, 0xb2, 0x72, 0x46, 0xd7, 0xf5, 0x50, 0x20, 0x10, 0x78, 0x47, 0x5b, 0x3a, 0xcd,
  0x36, 0x15, 0xe9, 0x44, 0x5a, 0x50, 0xab, 0x11, 0x72, 0xc3, 0xdf, 0xcd, 0x64, 0x16, 0x40, 0x2c,
  0x15, 0x9f, 0x5a, 0xc8, 0x2e, 0xfc, 0x07, 0x0d, 0xf0, 0x0d, 0x49, 0x92, 0xe6, 0x90, 0x18, 0x03,
  0x01, 0x7f, 0x5d, 0xe4, 0xf9, 0x32, 0x4a, 0x72, 0x7c, 0x5d, 0x4c, 0xdf, 0x90, 0xb0, 0x9c, 0x4e,
  0xa7, 0x5c, 0xa9, 0x54, 0x46, 0x67, 0xe7, 0xe7, 0x46, 0xaf, 0xd9, 0xb2, 0xf5, 0x9b, 0x5f, 0xf9,
  0xfa, 0x57, 0x12, 0xe9, 0xd6, 0x54, 0x22, 0x33, 0x9f, 0x55, 0x65, 0x45, 0x1e, 0xb9, 0xf3, 0xd7,
  0xee, 0x30, 0x54, 0x45, 0x25, 0x1a, 0xab, 0x3a, 0xd1, 0x5e, 0xfc, 0xcf, 0x0f, 0x9f, 0x97, 0x66,
  0x69, 0xa2, 0xe9, 0x72, 0xb9, 0xdd, 0xb9, 0x85, 0xb9, 0xb9, 0x27, 0x78, 0x81, 0x7f, 0xe2, 0xe7,
  0x3f, 0x7f, 0x54, 0x98, 0x18, 0x1b, 0xeb, 0xfa, 0xf5, 0x0f, 0x7d, 0xf0, 0x0d, 0xf3, 0x99, 0xf9,
  0x7d, 0x4e, 0xc1, 0xb1, 0x2b, 0x18, 0x0a, 0x76, 0x04, 0x43, 0x21, 0x22, 0x91, 0x48, 0x24, 0x58,
  0xd0, 0xf5, 0x8e, 0x44, 0xa9, 0x54, 0xfc, 0xc8, 0xc4, 0xe4, 0xe4, 0xbb, 0x2c, 0xc3, 0xbc, 0x2f,
  0x97, 0xcb, 0x7d, 0x39, 0x57, 0xab, 0x3d, 0x68, 0x18, 0x86, 0x8e, 0xc7, 0x0d, 0x6f, 0x2e, 0x36,
  0x5e, 0x3b, 0x6c, 0xc2, 0x5a, 0x8f, 0x68, 0xa4, 0x7e, 0x98, 0x06, 0xd1, 0x14, 0xed, 0xb2, 0x68,
  0xfa, 0xfd, 0x5d, 0x5d, 0xdd, 0xff, 0xb5, 0xa3, 0xab, 0xab, 0x27, 0x12, 0x0a, 0x43, 0x30, 0x14,
  0x04, 0x9f, 0xdf, 0x7f, 0xa1, 0xab, 0x87, 0xe0, 0xd0, 0xc3, 0xc5, 0xe9, 0x20, 0xe2, 0xc9, 0x67,
  0xa3, 0x0d, 0xeb, 0x15, 0xdf, 0xdc, 0x71, 0x06, 0x4f, 0x55, 0x64, 0x18, 0x1b, 0x1b, 0x1b, 0x79,
  0xea, 0xc9, 0x27, 0xfe, 0x28, 0x1e, 0x8b, 0xfd, 0x34, 0x10, 0x0c, 0x49, 0x14, 0x45, 0xb1, 0x53,
  0xd3, 0x53, 0x7f, 0x5a, 0xab, 0xd5, 0xfe, 0x04, 0xe5, 0x06, 0x98, 0x7a, 0xe2, 0xf8, 0x4d, 0x3e,
  0x97, 0x03, 0x51, 0x14, 0x73, 0xcb, 0xcb, 0xcb, 0x0f, 0xe7, 0x73, 0xcb, 0xdf, 0x2d, 0x8a, 0xe2,
  0x7d, 0x9d, 0x9d, 0x9d, 0x45, 0x86, 0x65, 0xea, 0x0e, 0xa3, 0xaf, 0x91, 0x48, 0x90, 0x2c, 0xb8,
  0x3a, 0x71, 0x91, 0x3f, 0x97, 0x73, 0xcb, 0x99, 0x90, 0xd7, 0x9f, 0xc9, 0x2e, 0x2c, 0x82, 0x66,
  0x6a, 0xa4, 0x1e, 0x65, 0xc1, 0xea, 0x45, 0x2c, 0xf8, 0x7e, 0x50, 0x06, 0x81, 0x69, 0xe9, 0xe4,
  0xd4, 0xac, 0x32, 0x31, 0x31, 0x39, 0x62, 0x9a, 0xc6, 0x48, 0xb1, 0x58, 0xfc, 0xe7, 0x43, 0xa3,
  0xe7, 0x3a, 0xc2, 0xc1, 0xd0, 0x2d, 0x81, 0x60, 0xf0, 0xce, 0xc1, 0xa1, 0x8d, 0xfb, 0x62, 0xb1,
  0x18, 0x87, 0x62, 0x5b, 0xec, 0x96, 0xba, 0xbd, 0x5e, 0x5f, 0x3c, 0x1a, 0xbb, 0x73, 0x62, 0x62,
  0xfc, 0x1d, 0xc5, 0x52, 0xf1, 0xc1, 0xd9, 0x99, 0x99, 0x2f, 0x32, 0x0c, 0x73, 0xaf, 0x82, 0x6c,
  0x6b, 0x47, 0x5c, 0xaf, 0x19, 0x36, 0x61, 0xad, 0x23, 0x60, 0xf4, 0x22, 0x96, 0x44, 0x60, 0x15,
  0x16, 0x23, 0x17, 0xc1, 0xe5, 0xf1, 0xdc, 0x9c, 0x4e, 0xb5, 0x7d, 0x22, 0x1e, 0x6f, 0x79, 0x4b,
  0x32, 0x99, 0x22, 0x1a, 0x22, 0xa7, 0xcb, 0x55, 0xaf, 0x41, 0xb1, 0x2f, 0xf4, 0xd1, 0x3d, 0x9f,
  0x25, 0xa8, 0x97, 0x8d, 0x40, 0x48, 0x07, 0x91, 0xa2, 0xa1, 0x58, 0xc8, 0xc3, 0xb1, 0x67, 0x9e,
  0x39, 0xfe, 0xd5, 0xbb, 0xbf, 0xf1, 0x7e, 0xca, 0xb2, 0x8e, 0xbd, 0xff, 0x3d, 0xef, 0x23, 0xb6,
  0xbd, 0x27, 0x4f, 0x9e, 0xd0, 0xa7, 0x67, 0xa6, 0x3f, 0x1b, 0xf0, 0xf9, 0xfd, 0x9b, 0xb7, 0x6c,
  0xf9, 0x04, 0xd6, 0x6e, 0xca, 0x95, 0xb2, 0x92, 0xcf, 0xe5, 0xbf, 0xee, 0xf1, 0x78, 0xfe, 0xf1,
  0x5b, 0xdf, 0xfe, 0xe6, 0x91, 0xe1, 0x1d, 0x3b, 0x80, 0xe3, 0x1d, 0xf5, 0x94, 0x91, 0x5c, 0xe4,
  0x17, 0x67, 0x36, 0x8f, 0x90, 0x85, 0xe0, 0x20, 0x52, 0x03, 0x24, 0x63, 0x5a, 0xa7, 0x61, 0xad,
  0xa4, 0x04, 0x4d, 0x22, 0x6d, 0x2a, 0xf1, 0x59, 0x96, 0x36, 0x9c, 0x2e, 0xe7, 0xd8, 0xa9, 0x53,
  0xa7, 0xc6, 0x16, 0x16, 0x33, 0x5f, 0xf4, 0xf9, 0xfd, 0xef, 0x98, 0x9e, 0x9a, 0xfc, 0xb5, 0x58,
  0xac, 0xe5, 0x96, 0x70, 0x24, 0xec, 0x13, 0x78, 0x01, 0x62, 0x2d, 0x71, 0xf0, 0xf8, 0xbc, 0x82,
  0x58, 0x2c, 0xdd, 0x9a, 0x68, 0x49, 0xdc, 0x9a, 0x59, 0xc8, 0x7c, 0xff, 0xfc, 0xf9, 0xf3, 0xff,
  0xa2, 0xe8, 0xea, 0x4f, 0x6b, 0x92, 0x64, 0x8b, 0x51, 0x5f, 0x03, 0x6c, 0xc2, 0x5a, 0x07, 0x20,
  0xaa, 0x73, 0x5d, 0x23, 0xa3, 0x2d, 0xbb, 0xaf, 0xdd, 0xbd, 0x0d, 0x28, 0xeb, 0xa6, 0x54, 0x5b,
  0xfb, 0x9b, 0xb7, 0xed, 0xd8, 0xf5, 0xc6, 0x50, 0x38, 0x44, 0x3c, 0xb4, 0xb1, 0xab, 0x87, 0x69,
  0x13, 0xfd, 0x2a, 0xe4, 0x07, 0x2f, 0xf4, 0x98, 0x95, 0x1d, 0x44, 0x24, 0x24, 0xa9, 0x5a, 0x83,
  0x52, 0xa9, 0x08, 0x8b, 0xd9, 0xec, 0x81, 0x67, 0x8e, 0x1d, 0xbb, 0xf3, 0x81, 0xfb, 0x7f, 0x32,
  0xf5, 0xee, 0x3b, 0xdf, 0x43, 0x2e, 0x4e, 0xd4, 0x38, 0xfd, 0xd3, 0x3f, 0x7f, 0x1e, 0x7f, 0x6e,
  0xdc, 0x7a, 0xeb, 0x6d, 0xbf, 0xeb, 0x70, 0x3a, 0x9e, 0x2a, 0x14, 0x0a, 0x3b, 0xe5, 0x6a, 0xed,
  0x67, 0x9d, 0xdd, 0xdd, 0xf7, 0xe2, 0x63, 0xf0, 0x8b, 0xa6, 0xaf, 0xce, 0x96, 0x3e, 0x12, 0x3d,
  0xde, 0x64, 0x58, 0x96, 0xd3, 0x58, 0x86, 0xfd, 0xf6, 0x5c, 0x26, 0xf3, 0xed, 0xd9, 0xb9, 0xb9,
  0x7d, 0x94, 0x65, 0xbd, 0x33, 0xdd, 0xde, 0xf9, 0x86, 0x70, 0x38, 0xbc, 0x09, 0x9b, 0x1c, 0xfe,
  0x40, 00, 0x3c, 0x5e, 0x0f, 0x04, 0x43, 0xe1, 0x77, 0xb4, 0xc4, 0x13, 0xef, 0x18, 0x9b, 0x18,
  0xfb, 0x96, 0xc0, 0x3b, 0xfe, 0x77, 0xad, 0x56, 0x7b, 0xc8, 0xb0, 0x4c, 0x72, 0x0c, 0x6d, 0xbc,
  0x32, 0xd8, 0x84, 0xb5, 0x46, 0x68, 0x4a, 0x13, 0x24, 0x45, 0x22, 0xcb, 00, 0x52, 0xa9, 0x56,
  0x18, 0x1a, 0x18, 0xfa, 0xc4, 0x0d, 0x37, 0xde, 0xf4, 0xa7, 0xd1, 0x68, 0x34, 0x8c, 0xc5, 0x5f,
  0x7f, 0xc0, 0x4f, 0xd4, 0xde, 0xe8, 0x35, 0x45, 0xe4, 0x07, 0x2b, 0xb8, 0xe7, 0x95, 0x92, 0xd5,
  0x8b, 0xa9, 0xd4, 0x49, 0xca, 0x29, 0x49, 0x28, 0xb6, 0x84, 0x93, 0xa7, 0x4e, 0xce, 0x1d, 0x39,
  0x72, 0xe4, 0x63, 0x99, 0xcc, 0xfc, 0x94, 0xdf, 0xe7, 0xbf, 0x60, 0x4f, 0x8c, 0x24, 0x84, 0x5d,
  0x3a, 0xfc, 0x7f, 0xa7, 0xc3, 0x69, 0x16, 0xf3, 0xc5, 0x6f, 0x64, 0x97, 0xb2, 0xdf, 0xd0, 0xab,
  0x12, 0xf4, 0x0d, 0x6c, 0xb8, 0x92, 0x3e, 0x8e, 0x8b, 0x02, 0x1c, 0x67, 0xaa, 0xc9, 0xf2, 0xe3,
  0xf3, 0x73, 0x73, 0x8f, 0xbb, 0xdc, 0xae, 0xf8, 0xe4, 0xc4, 0xf8, 0x9b, 0xfd, 0xfe, 0xc0, 0xfb,
  0x52, 0x6d, 0x6d, 0x6f, 0x88, 0x44, 0x22, 0x54, 0x5b, 0xba, 0x0d, 0x52, 0xa9, 0x24, 0xa4, 0xdb,
  0xd3, 0x77, 0x2e, 0x64, 0x32, 0xbf, 0x3c, 0x72, 0xe6, 0xf4, 0x63, 0x95, 0x4a, 0xf5, 0x5f, 0x0b,
  0x85, 0xc2, 0x77, 0x68, 0x96, 0xd5, 0x6c, 0x05, 0xfd, 0xcb, 0xc3, 0x26, 0xac, 0x35, 0x42, 0xb1,
  0x58, 0x84, 0xeb, 0xaf, 0xbf, 0x0e, 0x7e, 0xe9, 0xed, 0xb7, 0x03, 0xba, 0x08, 0xf8, 0x7c, 0xbe,
  0x0f, 0xef, 0xdd, 0x77, 0xdd, 0xe7, 0x22, 0xd1, 0x28, 0x8e, 0x9d, 0x80, 0xcf, 0xeb, 0x05, 0x8a,
  0xb8, 0x23, 0x50, 0xbf, 0x20, 0x21, 0x78, 0x39, 0xbc, 0xdc, 0x89, 0x8f, 0x05, 0x7a, 0xac, 0x8f,
  0x89, 0xa5, 0x12, 0x4c, 0xcf, 0xce, 0x98, 0x53, 0x53, 0x13, 0x9f, 0x9c, 0x9b, 0x9f, 0x3d, 0x86,
  0xdb, 0x4f, 0xe8, 0x17, 0x29, 0x0a, 0xe3, 0x73, 0xa2, 0xba, 0x1c, 0x0b, 0xf8, 0x94, 0x66, 0xd8,
  0xe3, 0x29, 0x2f, 0x80, 0x26, 0xc9, 0x63, 0x0d, 0xcf, 0xe1, 0x70, 0x66, 0xc5, 0x92, 0xf8, 0xef,
  0xcb, 0xcb, 0x8b, 0xff, 0x51, 0x12, 0xf3, 0xfb, 0x82, 0xc1, 0xf0, 0xfb, 0x22, 0x91, 0xe8, 0x3b,
  0xd3, 0xe9, 0x76, 0x07, 0x7e, 0xbe, 0x82, 0x20, 0xf0, 0x91, 0x68, 0xe4, 0x0d, 0xd9, 0x85, 0xc5,
  0x9b, 0x66, 0x67, 0x67, 0xde, 0x3b, 0x35, 0x33, 0xf5, 0x05, 0xcb, 0xb2, 0xee, 0xb1, 0xd5, 0xf3,
  0x2f, 0x0d, 0x9b, 0xb0, 0xd6, 0x08, 0x9a, 0xa6, 0x43, 0x24, 0x12, 0x86, 0x8e, 0x8e, 0x0e, 0xec,
  0xa4, 0xbd, 0x33, 0x91, 0x68, 0xfd, 0x1f, 0xad, 0xad, 0xad, 0x80, 0x8e, 0x05, 0x58, 0xd8, 0x66,
  0x9e, 0x57, 0xa3, 0x5a, 0x49, 0x10, 0x2f, 0x17, 0x5d, 0xbd, 0xd4, 0xdc, 0x1f, 0x34, 0x34, 0x53,
  0xa5, 0x92, 0x08, 0xb3, 0x33, 0x33, 0x70, 0xee, 0xec, 0xd9, 0xcf, 0xd7, 0xa4, 0xda, 0x57, 0xb1,
  0x36, 0x86, 0x29, 0xa7, 0x4d, 0x44, 0x17, 0x07, 0x0d, 0x9b, 0x67, 0x24, 0xb0, 0x2a, 0x80, 0xf9,
  0xd3, 0x99, 0xa9, 0xe9, 0xfb, 0x27, 0x27, 0x26, 0xbe, 0x5c, 0x2a, 0x15, 0x7f, 0x2b, 0x1e, 0x6f,
  0xb9, 0x2d, 0x12, 0x89, 0x30, 0xa8, 0xfc, 0x77, 0x38, 0x9c, 0x74, 0x24, 0x12, 0xb9, 0x35, 0x1a,
  0x8d, 0xde, 0x12, 0x8d, 0x44, 0xbf, 0xa4, 0xc8, 0xf2, 0xdf, 0xaa, 0xaa, 0x3a, 0xca, 0xac, 0xe3,
  0x6e, 0x62, 0x33, 0x6a, 0x27, 0xfe, 0xf9, 0xb2, 0x02, 0x52, 0x4d, 0x5a, 0xb5, 0xd7, 0xb6, 0x09,
  0x6b, 0x0d, 0xd0, 0x94, 0x21, 0x10, 0xa7, 0x4c, 0x49, 0xfa, 0x78, 0x6b, 0x32, 0xf5, 0x99, 0xde,
  0xfe, 0xfe, 0x18, 0x76, 0xe1, 0x48, 0x9d, 0x8a, 0x7e, 0x61, 0x97, 0x04, 0x78, 0x11, 0x02, 0x7a,
  0xbe, 0x0a, 0xa9, 0x69, 0x4c, 0x87, 0x7f, 0x49, 0x44, 0x9f, 0xcf, 0x91, 0x2e, 00, 0x91, 0x1a,
  0x4c, 0x4d, 0x4d, 0xc2, 0xd9, 0x33, 0x23, 0x5f, 0xd0, 0x54, 0xe5, 0x0f, 0x70, 0xa7, 0x21, 0x65,
  0x9b, 0xa9, 0x5c, 0x32, 0x60, 0x5a, 0x4f, 0x51, 0x94, 0xc5, 0x32, 0xec, 0x83, 0x67, 0xcf, 0x9e,
  0x7d, 0x78, 0x6a, 0x6a, 0xea, 0x57, 0xd3, 0xe9, 0xf4, 0x6f, 0xb7, 0xa5, 0xdb, 0xf7, 0xe2, 0x5c,
  0x65, 0x34, 0x1a, 0x81, 0x50, 0x24, 0x2c, 0x24, 0x92, 0xad, 0xbf, 0x31, 0x39, 0x3e, 0xfe, 0x96,
  0xaa, 0x54, 0xfd, 0x3b, 0x43, 0x37, 0xfe, 0x5d, 0x96, 0xa5, 0xd2, 0x7a, 0xfb, 0xb7, 0x58, 0x96,
  0xc5, 0x53, 00, 0x6f, 0x53, 0x55, 0xf5, 0x16, 0x4d, 0xd3, 0xf2, 0xad, 0xa9, 0xd6, 0xcf, 0x39,
  0xdd, 0xce, 0xf2, 0xc2, 0x72, 0x76, 0x55, 0x1c, 0x5d, 0x6d, 0xc2, 0x5a, 0x03, 0xe0, 0x7c, 0x9d,
  0xd7, 0xeb, 0x0d, 0xf8, 0xbc, 0xbe, 0xbf, 0xee, 0xee, 0xee, 0xf9, 0x68, 0x57, 0x77, 0x37, 0x44,
  0x62, 0x71, 0xd2, 0xca, 0x7f, 0x3e, 0x9a, 0x44, 0xf3, 0x62, 0x44, 0x85, 0x96, 0xc4, 0x16, 0x21,
  0xa7, 0x67, 0xb5, 0x54, 0xe8, 0xbe, 0x59, 0x93, 0xaa, 0x24, 0x92, 0x6a, 0xca, 0x03, 0x90, 0x08,
  0x51, 0xba, 0x40, 0xd2, 0xc0, 0xa9, 0x29, 0x75, 0xe4, 0xd4, 0xc9, 0xff, 0x5f, 0x96, 0xe5, 0x3f,
  0xe6, 0x79, 0x87, 0x05, 0x20, 0x5f, 0xc9, 0x87, 0x7b, 0x5d, 0xa0, 0xf9, 0xf9, 0xb1, 0x2c, 0x6b,
  0xb8, 0xdd, 0xee, 0x6f, 0x1d, 0x7a, 0xfa, 0xe0, 0x8f, 0x1e, 0x7c, 0xf0, 0xc1, 0x0f, 0xdc, 0x7e,
  0xeb, 0x6d, 0xbf, 0x69, 0xe8, 0xfa, 0x86, 0x60, 0x38, 0x04, 0xd1, 0x48, 0x14, 0xdc, 0x0e, 0x57,
  0x47, 0x4b, 0x6b, 0xf2, 0x7f, 0xcd, 0xcd, 0xcc, 0xbe, 0x7b, 0x69, 0x79, 0xf1, 0x7f, 0xce, 0xce,
  0xce, 0x7c, 0x5b, 0x51, 0x64, 0x6b, 0x2d, 0x9b, 0x1a, 0xf8, 0xda, 0xe8, 0x99, 0xa6, 0x9a, 0x2a,
  0xde, 0xd6, 0xde, 0x1d, 0x6b, 0x89, 0x7f, 0xb1, 0x52, 0xa9, 0xd0, 0x9a, 0xa6, 0xc9, 0x3b, 0x87,
  0x87, 0xef, 0x03, 0x80, 0xc9, 0xa7, 0x0e, 0x1c, 0xc8, 0xac, 0xc6, 0x7b, 0xb1, 0x09, 0x6b, 0x95,
  0x81, 0x91, 0x95, 0xa1, 0xeb, 0x83, 0x03, 0x7d, 0x03, 0xff, 0xd8, 0xdb, 0xdf, 0x7f, 0x13, 0xfa,
  0x4f, 0x05, 0x83, 0x21, 0x22, 00, 0x6d, 0xd6, 0x2f, 0x5e, 0x88, 0xa4, 0x56, 0x16, 0xd1, 0x51,
  0x69, 0x5e, 0x1f, 0x7c, 0xd6, 0xc8, 0xb6, 0x64, 0xf4, 0x50, 0x27, 0x23, 0x3b, 0x44, 0xa5, 0x6e,
  0xe1, 0x9f, 0x15, 0xb1, 0x24, 0x96, 0x59, 0x96, 0x09, 0x47, 0x22, 0x11, 0x1e, 0x7d, 0xd8, 0xf1,
  0x75, 0x75, 0x55, 0x83, 0xb1, 0xb1, 0x51, 0x38, 0x7e, 0xec, 0x99, 0x7f, 0xab, 0x94, 0xcb, 0x9f,
  0xc6, 0xcd, 0xbd, 0xa8, 0x7a, 0x5f, 0x29, 0x1c, 0x6d, 0x8e, 0xe4, 0xa0, 0x6c, 0xc2, 0x6e, 0xbb,
  0x5f, 0x1a, 0xe0, 0x4d, 0x64, 0x6e, 0x6e, 0xbe, 0x72, 0xfa, 0xe4, 0xa9, 0xcf, 0x47, 0xa2, 0x91,
  0xef, 0x71, 0x1c, 0xff, 0xeb, 0xc3, 0xdb, 0x77, 0x7c, 0x20, 0x1c, 0x89, 0xf4, 0xe2, 0xf9, 0x10,
  0xc0, 0xce, 0x70, 0x6b, 0xeb, 0x9e, 0xe5, 0xa5, 0xc5, 0x3d, 0x86, 0x61, 0x7e, 0x74, 0x7e, 0x6e,
  0xf6, 0xaf, 0x45, 0x51, 0x7c, 0x60, 0xad, 0xd2, 0x75, 0xdc, 0xaa, 0xdd, 0xdb, 0xd7, 0x0b, 0xbb,
  0xb6, 0x6f, 0x6f, 0xef, 0xe9, 0xe9, 0xf9, 0x83, 0x64, 0xb2, 0x8d, 0x0c, 0x88, 0x67, 0xb3, 0x0b,
  0xd2, 0xe8, 0xf9, 0x31, 0xd3, 0x78, 0x76, 0x8e, 0xeb, 0x92, 0xc3, 0x26, 0xac, 0x55, 0x40, 0x33,
  0x05, 0x44, 0xe9, 0x82, 0x93, 0x17, 0xde, 0xda, 0xd5, 0xd9, 0xf3, 0x97, 0xbd, 0xfd, 0x03, 0x9b,
  0xdb, 0x52, 0x29, 0xe2, 0xed, 0x84, 0x62, 0x4b, 0x42, 0x28, 0xba, 0x41, 0x54, 0xed, 0x78, 0x47,
  0x43, 0xed, 0xd1, 0xca, 0x3a, 0x46, 0x93, 0x3c, 0x50, 0x8a, 0x20, 0xd7, 0x6a, 0xa4, 0x68, 0x3f,
  0x31, 0x31, 0xf1, 0x50, 0x3e, 0x9f, 0xff, 0xbe, 0xdb, 0xe3, 0x11, 0x15, 0x45, 0x41, 0x05, 0xb8,
  0x46, 0xd1, 0x94, 0x95, 0x99, 0x9d, 0x9d, 0x9d, 0x9b, 0x9b, 0x5f, 0xe8, 0xee, 0xed, 0xfe, 0xe3,
  0xed, 0x3b, 0x86, 0x7f, 0x9d, 0x17, 0x04, 0xa0, 0x6a, 0x35, 0x34, 0xd7, 0x83, 0xb3, 0xe7, 0xce,
  0x1c, 0x1b, 0x39, 0x33, 0xf2, 0x57, 0xc4, 0x0e, 0x98, 0xe8, 0xa6, 0x28, 0xa2, 0xa6, 0x47, 0xcb,
  0x61, 0x24, 0xb6, 0x3d, 0x3b, 0x77, 0x83, 0xa6, 0xa8, 0x70, 0xdf, 0x7d, 0xf7, 0x41, 0x6f, 0x5f,
  0xdf, 0x8b, 0xe8, 0xbd, 0x6c, 0xbc, 0x1e, 0xe0, 0xcd, 0x05, 0x23, 0xde, 0x48, 0x24, 0x0a, 0xb9,
  0x62, 0x61, 0x9e, 0xa5, 0xe8, 0xff, 0xfe, 0xf0, 0x03, 0xf7, 0x7f, 0xa5, 0xbd, 0xbb, 0xfb, 0x03,
  0xb1, 0x78, 0xcb, 0x47, 0x7b, 0x7a, 0x7a, 0xda, 0xfc, 0xfe, 00, 0x44, 0x22, 0x31, 0x78, 0xeb,
  0x5b, 0xdf, 0x76, 0xcb, 0xe4, 0xe4, 0xc4, 0xee, 0xd1, 0xd1, 0xf3, 0x5f, 0xd5, 0x75, 0xfd, 0x4b,
  0xba, 0xae, 0x1f, 0xa4, 0x19, 0x1a, 0x0b, 0x64, 0xab, 0xf2, 0x19, 0x10, 0xef, 0x34, 0x45, 0xc1,
  0x7a, 0xeb, 0xe0, 0x9b, 0x6e, 0x7a, 0xc3, 0xff, 0xf6, 0x78, 0x7c, 0x83, 0xe8, 0x46, 0x8b, 0xce,
  0xaf, 0x4e, 0x97, 0xfb, 0xdc, 0x81, 0x03, 0x4f, 0x8f, 0x2e, 0x2d, 0x2d, 0x15, 0x56, 0xeb, 0x84,
  0xb0, 0xcf, 0xc6, 0x4b, 0x8c, 0xa6, 0xb3, 0x27, 0xd6, 0x89, 0x04, 0x4e, 0xf8, 0xc3, 0xbe, 0x81,
  0x81, 0x4f, 0xb6, 0x26, 0x5a, 0x03, 0xe1, 0x48, 0x94, 0x58, 0xa7, 0x68, 0xba, 0x0a, 0xa5, 0x52,
  0x0d, 0x16, 0xb2, 0x0b, 0x4b, 0x9a, 0xa6, 0x9f, 0x73, 0x38, 0x84, 0x76, 0xbf, 0xcf, 0x97, 0x88,
  0x44, 0x63, 0xcc, 0xf3, 0x0b, 0xaf, 0x46, 0x83, 0xac, 0x96, 0x97, 0x73, 0x30, 0x36, 0x3a, 0xfa,
  0xe8, 0x13, 0xfb, 0xf7, 0xbf, 0xaf, 0xbd, 0xb3, 0x63, 0x1e, 0x0b, 0xe6, 0x38, 0x4b, 0x88, 0x64,
  0x46, 0x5b, 0x75, 0x6f, 0xaa, 0x1f, 0xff, 0xe8, 0x3e, 0x48, 0x77, 0xa4, 0xbf, 0xbb, 0x71, 0xe3,
  0xc6, 0x0f, 0x66, 0x17, 0xb2, 0x14, 0xd6, 0xad, 0xce, 0x9f, 0x3f, 0x37, 0x7a, 0xf6, 0xfc, 0xd9,
  0x8f, 0x4b, 0xb2, 0x3c, 0x86, 0x6b, 0xb4, 0x48, 0x44, 0x76, 0xc1, 0x1c, 0x8f, 0x26, 0xe4, 0xe4,
  0x17, 0xfc, 0xa0, 0x6b, 0x3a, 0x21, 0x37, 0x4c, 0x55, 0xed, 0x28, 0xeb, 0xd2, 0x81, 0x8c, 0x24,
  0xe1, 0x8d, 0x89, 0xa2, 0x41, 0xad, 0x4a, 0xd3, 0xd9, 0xec, 0xc2, 0x9f, 0xcd, 0xce, 0xce, 0xde,
  0x5d, 0x29, 0x97, 0xff, 0x73, 0x38, 0x12, 0x7d, 0x4f, 0x5b, 0x5b, 0x9b, 0x0f, 0xc5, 0xc2, 0x9d,
  0x1d, 0x9d, 0x1e, 0xa7, 0xd3, 0xf9, 0x1b, 0x0b, 0x99, 0xcc, 0x9d, 0xa5, 0x62, 0xe9, 0x7b, 0xaa,
  0xa6, 0x7c, 0x59, 0xd7, 0xf5, 0xc7, 0x90, 0x34, 0x90, 0xfc, 0x2e, 0xe5, 0x67, 0x84, 0x64, 0x95,
  0x6a, 0x6d, 0x7d, 0x4b, 0x32, 0x95, 0xfa, 0x9c, 0xc7, 0xeb, 0xed, 0x73, 0xbb, 0x3d, 0xa0, 0xa8,
  0xe8, 0x2c, 0xbb, 0x58, 0x5e, 0xcc, 0x2e, 0xfe, 0x79, 0xb1, 0x58, 0xcc, 0x15, 0xf3, 0xc5, 0x55,
  0x3b, 0x66, 0x36, 0x61, 0x5d, 0x62, 0x18, 0x86, 0x0e, 0x1a, 00, 0xbf, 0x75, 0xeb, 0xd6, 0xbf,
  0xdd, 0xbc, 0x65, 0xcb, 0x6f, 0xb5, 0xa5, 0xd3, 0x10, 0x89, 0x44, 0xc8, 0x16, 0x65, 0x59, 0x56,
  0x50, 0x35, 0x0e, 0xd3, 0xd3, 0xd3, 0x4f, 0x4c, 0x4c, 0x4e, 0xfc, 0x97, 0x85, 0xf9, 0xf9, 0xa3,
  0xa1, 0x50, 0xe8, 0x96, 0xa1, 0xa1, 0x8d, 0x5f, 0x09, 0xe1, 0x99, 0xba, 0x02, 0x4d, 0x0b, 0xe2,
  0x42, 0xa1, 0x08, 0xb9, 0xdc, 0x72, 0xae, 0x52, 0x11, 0x7f, 0xcb, 0xeb, 0xf5, 0xce, 0xc7, 0xe3,
  0x51, 0x72, 0xc2, 0x32, 0x34, 0x0d, 0x46, 0xdd, 0x79, 0x80, 0x44, 0x66, 0x3d, 0x7d, 0xdd, 0x28,
  0x56, 0x2c, 0x9c, 0x3f, 0x7f, 0x16, 0x04, 0xde, 0x09, 0x95, 0x6a, 0x25, 0x7f, 0xfe, 0xec, 0xb9,
  0x0f, 0x28, 0x9a, 0xf2, 0x24, 0xd6, 0xb4, 0xc8, 0x7a, 0xae, 0x17, 0x10, 0x95, 0x92, 0xb9, 0x3f,
  0xaa, 0xbe, 0x82, 0xcb, 0x26, 0xab, 0xd5, 0x43, 0x53, 0x80, 0xcb, 0x71, 0xd4, 0xd9, 0xf9, 0xf9,
  0xb9, 0x8f, 0x2f, 0x2c, 0x64, 0xbe, 0x96, 0x2f, 0xe4, 0xfe, 0xcb, 0x40, 0xff, 0xc0, 0x2f, 0x23,
  0x49, 0x24, 0x53, 0x29, 0x88, 0xc7, 0xe2, 0xc1, 0x92, 0x28, 0x7e, 0x28, 0xb3, 0x30, 0xff, 0xbe,
  0xcc, 0xfc, 0xfc, 0xdd, 0xb1, 0x48, 0xec, 0x8b, 0x34, 0x45, 0x3d, 0xae, 0xe0, 0xaa, 0xeb, 0x8b,
  0xf8, 0x59, 0x35, 0x5d, 0x41, 0x24, 0x59, 0x6a, 0x75, 0x09, 0xce, 0x4f, 0x74, 0x76, 0xf7, 0x7c,
  0x3c, 0xd9, 0xda, 0xea, 0xc3, 0xa8, 0x1f, 0x23, 0xfb, 0xa9, 0xc9, 0xf1, 0x73, 0xe3, 0x13, 0xe3,
  0xbf, 0xe5, 0x0f, 0x04, 0x1f, 0x40, 0x45, 0x3f, 0xba, 0xd4, 0xae, 0x16, 0x6c, 0xc2, 0xba, 0x84,
  0xa8, 0x87, 0xd3, 0xaa, 0x7f, 0xc3, 0x96, 0x0d, 0x9f, 0xdf, 0xba, 0x75, 0xdb, 0x7b, 0x51, 0xb2,
  0x80, 0x29, 0x20, 0x2f, 0xf0, 0x24, 0x05, 0x93, 0xe4, 0x1a, 0x2c, 0x64, 0x32, 0x68, 0x99, 0xf2,
  0x95, 0x48, 0x38, 0x72, 0x60, 0xf4, 0xec, 0x39, 0x6c, 0x11, 0x6b, 0xbb, 0xaf, 0xdd, 0xeb, 0x66,
  0x2e, 0x2c, 0x62, 0xa8, 0xd7, 0xd3, 0xb1, 0x60, 0x5e, 0x2c, 0x95, 0xa0, 0x24, 0x16, 0xe1, 0xde,
  0x1f, 0xfd, 0xe8, 0xf7, 0xf7, 0xef, 0x7f, 0xfc, 0x84, 0x26, 0x6b, 0x30, 0x3a, 0x36, 0x06, 0x77,
  0xdc, 0xf9, 0x2e, 0xa2, 0xab, 0xaa, 0x8b, 0x51, 0x35, 0x98, 0x99, 0x9b, 0x85, 0x2d, 0xdb, 0xb6,
  0xe0, 0x32, 0xd2, 0x73, 0x67, 0xcf, 0x9d, 0xff, 0x6b, 0x87, 0xe0, 0xe8, 0x90, 0x64, 0xe9, 0x4b,
  0x9a, 0xa6, 0x3d, 0x81, 0x44, 0xa9, 0xaf, 0x5e, 0xc9, 0x61, 0xdd, 00, 0x3f, 0x0b, 0xa7, 0xc3,
  0x59, 0x1f, 0x04, 0xb7, 0xea, 0x35, 0xc0, 0x15, 0x1e, 0x59, 0x24, 0x2a, 0xad, 0x93, 0x06, 0x7e,
  0xef, 0x24, 0x8f, 0xa9, 0xbb, 0x90, 0xba, 0x5e, 0x50, 0x02, 0xc7, 0x5d, 0x22, 0x42, 0x27, 0xf6,
  0x37, 0x18, 0x8d, 0x3b, 0x84, 0xc7, 0xc7, 0xc6, 0x46, 0x9f, 0x38, 0x7c, 0xf8, 0xe0, 0x1d, 0x37,
  0x5c, 0x77, 0xe3, 0x7f, 0x8e, 0x44, 0xa3, 0xbb, 0x31, 0x85, 0x0c, 0x86, 0x83, 0xe8, 0xbc, 0xc1,
  0x45, 0xc2, 0xd1, 0xf7, 0x76, 0xb4, 0x77, 0xdc, 0x39, 0x3f, 0x3f, 0xff, 0x68, 0xa1, 0x58, 0xf8,
  0xae, 0xa6, 0x28, 0x0f, 0x6a, 0x9a, 0x76, 0xf6, 0xf5, 0xe8, 0xb8, 0x9a, 0x37, 0x2c, 0x55, 0x55,
  0x87, 0x78, 0x8e, 0xbd, 0xbd, 0x2d, 0x99, 0x7e, 0x5f, 0x3c, 0x1e, 0x1f, 0x44, 0x8f, 0x7f, 0xbc,
  0x61, 0x2e, 0x64, 0x17, 0x60, 0x7e, 0x6e, 0xee, 0x5f, 0x97, 0xb2, 0xd9, 0xcf, 0x64, 0x67, 0xe7,
  0x67, 0xa3, 0xf1, 0xf8, 0x45, 0xfd, 0xb7, 0xbf, 0x12, 0xd8, 0x84, 0x75, 0x89, 0x80, 0x27, 0x8e,
  0x09, 0xa6, 0xbb, 0x2d, 0xd9, 0xf6, 0x17, 0x03, 0x03, 0x43, 0xef, 0xed, 0xe8, 0xec, 0x06, 0x97,
  0xab, 0xee, 0x9e, 0x59, 0x3f, 0x31, 0x0c, 0xa2, 0xc5, 0xc2, 0x13, 0xc1, 0x29, 0x08, 0x5b, 0x4d,
  0xd3, 0xec, 0xd9, 0x30, 0x38, 0xd8, 0x16, 0x0c, 0x06, 0xfe, 0x3c, 0x1a, 0x8e, 0x08, 0xb8, 0xc2,
  0xaa, 0x0e, 0x2c, 0xb2, 0x03, 0x54, 0x2a, 0x65, 0xc8, 0x66, 0x32, 0x30, 0x3e, 0x39, 0xf1, 0x77,
  0xf7, 0xde, 0x73, 0xef, 0x97, 0x0e, 0x1f, 0x39, 0x4c, 0x7e, 0xba, 0x90, 0xc9, 0xc2, 0x7b, 0xee,
  0x7a, 0x2f, 0xf9, 0xbe, 0x4e, 0x6c, 0x3a, 0x0e, 0x25, 0x37, 0x7d, 0xd9, 0x97, 0x58, 0x96, 0xf9,
  0xa4, 0x64, 0x4a, 0xa0, 0xe8, 0x0a, 0x89, 0xbc, 0x56, 0x73, 0x70, 0x78, 0x35, 0xb1, 0xb2, 0x8b,
  0xf6, 0xfc, 0x8e, 0x5a, 0x73, 0x0e, 0xf0, 0x91, 0xc7, 0x1f, 0x01, 0x53, 0xd5, 0x89, 0x38, 0x16,
  0x89, 0x6b, 0x76, 0x76, 0x96, 0x88, 0x76, 0x73, 0xf9, 0x1c, 0x3c, 0xf6, 0xc4, 0x7e, 0xe8, 0xeb,
  0xec, 0x06, 0xb4, 0x68, 0x3e, 0x72, 0xf4, 0x30, 0x6c, 0x1e, 0xda, 0x8c, 0x83, 0xe0, 0x30, 0x9f,
  0xcd, 00, 0xad, 0xe9, 0x84, 0xd8, 0xac, 0x15, 0x44, 0x77, 0xea, 0xf4, 0x69, 0x62, 0xab, 0x43,
  0x56, 0x9f, 0x35, 0x34, 0x49, 0x2b, 0x3d, 0xc3, 0x9a, 0xdf, 0x37, 0x9b, 0x25, 0x64, 0x7d, 0xd9,
  0x8a, 0xa6, 0xca, 0xcb, 0xc9, 0x48, 0x70, 0x66, 0xb3, 0x52, 0xa9, 0x98, 0x23, 0xa7, 0x4e, 0x7d,
  0xab, 0x25, 0xd6, 0xf2, 0xd3, 0xf3, 0xa3, 0xe7, 0xdf, 0x37, 0xb8, 0x61, 0xc3, 0x07, 0xa3, 0xb1,
  0xf8, 0xb6, 0x58, 0x2c, 0x46, 0xa4, 0x10, 0xc1, 0x50, 0x90, 0x0d, 0x87, 0xa3, 0x37, 0x57, 0x2a,
  0xe5, 0x9b, 0x17, 0x97, 0xb2, 0x73, 0x40, 0xd3, 0x4f, 0x58, 0x96, 0xf5, 0xb8, 0xa6, 0x6b, 0x87,
  0x4c, 0xd3, 0x1c, 0x33, 0x4d, 0x33, 0xdb, 0x7c, 0xcf, 0xcd, 0x2f, 0xc0, 0x7d, 0xda, 0x56, 0x3d,
  0x82, 0x6a, 0x7c, 0xb9, 0x4d, 0xd3, 0x6c, 0x31, 0x0c, 0xa3, 0x8d, 0xe7, 0xb8, 0x5d, 0xed, 0xe9,
  0xf4, 0xee, 0x60, 0x28, 0xb4, 0x2b, 0x1c, 0x8e, 0x24, 0xf0, 0xe6, 0x8a, 0x62, 0xe1, 0x6a, 0xb5,
  0x02, 0x99, 0xf9, 0xb9, 0x99, 0xf1, 0xd1, 0xf1, 0x4f, 0xeb, 0xa6, 0xf1, 0x15, 0x3c, 0x76, 0x48,
  0xd8, 0x6b, 0xd1, 0x04, 0xb0, 0x09, 0xeb, 0x12, 0x80, 0x58, 0x16, 0x1b, 0x06, 0x97, 0x4a, 0xa5,
  0xfe, 0x6a, 0xd3, 0xe6, 0xcd, 0x1f, 0xaf, 0xbb, 0x1c, 0xac, 0x3c, 0xd4, 0x14, 0xe9, 0xce, 0xb9,
  0xdd, 0x2e, 0x20, 0x43, 0xcd, 0x91, 0xc8, 0x87, 0x15, 0x59, 0xfe, 0x95, 0x60, 0x30, 0xe4, 0xf4,
  0x78, 0x3d, 0x1e, 0xba, 0xa1, 0x6e, 0xb7, 0x1a, 0xe1, 0x15, 0xa6, 0x82, 0xb9, 0x5c, 0x0e, 0xe6,
  0xe6, 0xe7, 0xee, 0x9f, 0x9a, 0x9a, 0xf8, 0x6f, 0xf8, 0xfc, 0xb8, 0x44, 0x01, 0x29, 0x11, 0x67,
  0xd4, 0xf0, 0x62, 0x5c, 0x39, 0x23, 0x88, 0x17, 0x54, 0xd3, 0xbd, 0xb3, 0x99, 0x22, 0x32, 0x26,
  0x83, 0x5e, 0x35, 0x57, 0xc8, 0x11, 0xae, 0x83, 0x28, 0xcb, 0x99, 0x7a, 0x1a, 0x8c, 0xb5, 0x16,
  0x2c, 0x06, 0xdf, 0xff, 0xc0, 0xfd, 0x30, 0x3a, 0x76, 0x1e, 0x36, 0x0e, 0x6d, 0x04, 0x17, 0x4a,
  0x39, 0x74, 0x03, 0x5a, 0xdb, 0xdb, 0x49, 0xe4, 0x70, 0x7e, 0x74, 0x14, 0xe2, 0x91, 0x28, 0xa4,
  0xbb, 0xba, 0x40, 0x95, 0x24, 0x28, 0x89, 0x65, 0x1c, 0x62, 0x86, 0x50, 0x3c, 0x4e, 0xac, 0x94,
  0xa3, 0x81, 0x20, 0x79, 0xce, 0x99, 0xe9, 0x19, 0x18, 0x1a, 0x1c, 0x02, 0x59, 0x93, 0x61, 0xe6,
  0xcc, 0x34, 0x5c, 0xb7, 0x77, 0x1f, 0x31, 0x25, 0x4c, 0x25, 0x13, 0xe0, 0x76, 0xef, 0x83, 0xf1,
  0x89, 0x09, 0x72, 0xf3, 0x08, 0x47, 0xc2, 0x90, 0x5d, 0x58, 0x82, 0x99, 0x99, 0x39, 0x18, 0x1d,
  0x3d, 0x47, 0x3c, 0xc1, 0x4a, 0xe5, 0x12, 0xa9, 0x49, 0x4d, 0x4f, 0x4f, 0x13, 0xf2, 0xc3, 0xe5,
  0xb1, 0xf8, 0xfd, 0xc1, 0xa7, 0x0f, 0xc3, 0x87, 0x3e, 0xf4, 0x41, 0xc8, 0x17, 0x0b, 0xf5, 0xd5,
  0x6a, 0x9a, 0x8a, 0xd1, 0x37, 0xf9, 0x9c, 0x48, 0xa7, 0x16, 0x89, 0x90, 0x61, 0x48, 0x5d, 0xb1,
  0x49, 0x70, 0x48, 0x5a, 0x68, 0x61, 0xad, 0xaa, 0x6a, 0xd1, 0x02, 0xf8, 0x87, 0xfb, 0x1e, 0xfc,
  0xe9, 0xd7, 0x37, 0xf4, 0x0e, 0xdc, 0x1a, 0x0c, 0x86, 0xde, 0x1b, 0x8b, 0xc5, 0x6e, 0x4a, 0x24,
  0x12, 0x5c, 0x24, 0x86, 0xc4, 0x15, 0x80, 0x60, 0x24, 0x94, 0xec, 0xea, 0xea, 0xbe, 0x43, 0x92,
  0xa4, 0x3b, 0x44, 0x51, 0x14, 0xfd, 0xbe, 0xc0, 0xb8, 0xa6, 0x69, 0xc7, 0x55, 0x55, 0x5d, 0xa0,
  0x28, 0x6a, 0x01, 00, 0x72, 0x80, 0xfa, 0x15, 0x8b, 0x62, 0x69, 0x86, 0x0e, 00, 0x40, 0xc2,
  0xe7, 0xf3, 0x05, 0xae, 0xb9, 0x66, 0xdb, 0x06, 0xa7, 0xd3, 0x31, 0xe4, 0x76, 0x79, 0x3c, 0x5e,
  0x9f, 0xd7, 0x13, 0xf0, 0xfb, 0x89, 0x3b, 0x05, 0x0a, 0x97, 0x71, 0x74, 0x6b, 0x76, 0x76, 0x56,
  0x9d, 0x9d, 0x9d, 0xf9, 0x8e, 0xae, 0xaa, 0x7f, 0x61, 0x18, 0xe6, 0x49, 0x8a, 0xa6, 0xd6, 0xb4,
  0x54, 0x60, 0x13, 0xd6, 0x45, 0x44, 0x33, 0xf7, 0xd7, 0x75, 0x8d, 0x49, 0xa7, 0xd3, 0xff, 0x6b,
  0xe3, 0xa6, 0x4d, 0xbf, 0x81, 0x2e, 0x9f, 0x78, 0x21, 0x21, 0xf1, 0xe0, 0xcc, 0x60, 0x73, 0x21,
  0x29, 0xa6, 0x66, 0x16, 0xef, 0x40, 0x4a, 0xc1, 0x14, 0x91, 0x05, 0xaf, 0x2f, 0x8a, 0x44, 0x43,
  0xd6, 0xbf, 0x03, 0x05, 0x86, 0x54, 0xf7, 0x4e, 0xc2, 0x0b, 0x68, 0x39, 0x97, 0xc3, 0x8e, 0x60,
  0x65, 0x7c, 0x7c, 0xec, 0x2f, 0xab, 0xd5, 0x6a, 0x05, 0x6b, 0x60, 0xe9, 0x54, 0x1b, 0xde, 0x2b,
  0xc1, 0xeb, 0xf3, 0x92, 0x02, 0x39, 0x3e, 0xef, 0x2a, 0x76, 0x97, 0xd7, 0x14, 0x78, 0x8c, 0x31,
  0xad, 0xc6, 0xe3, 0xba, 0xb4, 0xbc, 0x4c, 0x7c, 0xb7, 0xce, 0x9c, 0x39, 0x43, 0x96, 0x69, 0x60,
  0x6a, 0x97, 0x5d, 0xca, 0xc2, 0x10, 0x6c, 0x24, 0x9e, 0xf2, 0x98, 0xda, 0x61, 0x97, 0xb4, 0xd9,
  0x99, 0xc3, 0x9f, 0x63, 0x84, 0x80, 0xc7, 0x8a, 0x2c, 0xb5, 0xe0, 0x05, 0x22, 0x33, 0x70, 0x08,
  0x02, 0x21, 0x7e, 0x24, 0x36, 0x7c, 0x0c, 0x1e, 0x4f, 0x7c, 0x3c, 0xfe, 0x0c, 0x7f, 0x1f, 0xff,
  0x1e, 0xeb, 0x35, 0xe8, 0xc3, 0x85, 0xe9, 0x37, 0xdb, 0x30, 0x33, 0xc4, 0xcf, 0x14, 0x1d, 0x63,
  0x64, 0x59, 0x02, 0x55, 0xd7, 0x88, 0x5e, 0xc9, 0x29, 0x38, 0x88, 0x2f, 0x3d, 0xd9, 0xf7, 0xe8,
  0x70, 0x40, 0x59, 0x44, 0x6b, 0xe7, 0x32, 0x94, 0x2a, 0x22, 0x29, 0x05, 0x60, 0xe4, 0x86, 0x1e,
  0xf0, 0x2d, 0x89, 0x78, 0xbd, 0x56, 0x88, 0xf7, 0x11, 0xc6, 0x82, 0x72, 0xb5, 0x4a, 0x3c, 0xcc,
  0xb0, 0x49, 0x83, 0x6e, 0x0e, 0xd8, 0x55, 0xc6, 0xc7, 0xe3, 0xfb, 0xc1, 0xa6, 0x0a, 0xc5, 0xd0,
  0xb9, 0xb3, 0x67, 0xcf, 0xfd, 0xfb, 0x91, 0x43, 0x87, 0xbf, 0xf9, 0xa9, 0x4f, 0x7f, 0xf2, 0xb6,
  0x33, 0x23, 0x23, 0xef, 0x74, 0xb9, 0xdd, 0x6f, 0x09, 0xf8, 0xfd, 0x21, 0xbc, 0x39, 0xa1, 0xf5,
  0x0e, 0xa6, 0x6f, 0x7e, 0xbf, 0xdf, 0x17, 0x8b, 0xc5, 0xb6, 0xea, 0xba, 0xbe, 0x15, 0xad, 0x80,
  0xf0, 0x3d, 0x2a, 0xaa, 0x82, 0xe4, 0xad, 0x33, 0x34, 0xc3, 0xf0, 0x3c, 0x4f, 0x61, 0xdd, 0x09,
  0xcf, 0x37, 0xb2, 0xfe, 0xac, 0x31, 0xbc, 0x8e, 0x6f, 0x03, 0xa5, 0x2f, 0x58, 0xa7, 0x2a, 0x96,
  0x4a, 0xf9, 0x42, 0x3e, 0xf7, 0x50, 0xb1, 0x58, 0xfc, 0xfa, 0xd8, 0xe8, 0xe8, 0x0f, 0xfb, 0xfb,
  0xfb, 0x0c, 0x72, 0x7e, 0x5a, 0x6b, 0x7b, 0x8e, 0xd9, 0x84, 0x75, 0x11, 0x41, 0xf2, 0x7f, 0x45,
  0x81, 0x81, 0x81, 0x0d, 0x9f, 0x1f, 0x1e, 0xde, 0xf9, 0xb1, 0xb6, 0x54, 0x9a, 0xf8, 0xa6, 0xe3,
  0x1d, 0x14, 0x77, 0xe9, 0x55, 0x6b, 0x35, 0xbc, 0xda, 0xc8, 0x89, 0x6f, 0x98, 0xb8, 0xc0, 0x54,
  0x07, 0x59, 0xa9, 0x91, 0xdf, 0xc1, 0xd5, 0xeb, 0x48, 0x56, 0x98, 0xae, 0xd0, 0x8d, 0x54, 0x02,
  0x2f, 0x0a, 0x3c, 0x61, 0x73, 0xb9, 0xe5, 0xea, 0xd9, 0xd3, 0xa7, 0x3f, 0x79, 0xe2, 0xe4, 0xa9,
  0x87, 0x91, 0xf8, 0x06, 0x36, 0xf4, 0xc3, 0xc6, 0xcd, 0x43, 0x24, 0xad, 0x40, 0xa7, 0x85, 0x43,
  0x87, 0x0e, 0xc1, 0xde, 0xbd, 0x7b, 0xc9, 0x05, 0x72, 0x25, 0xa3, 0x99, 0x8e, 0xe1, 0xca, 0xfc,
  0x89, 0xb1, 0x09, 0xf0, 0x7b, 0x02, 0xe0, 0xf3, 0x7b, 0x61, 0x69, 0x69, 0xe9, 0x42, 0xfa, 0x85,
  0x3f, 0xe7, 0xb9, 0xba, 0x61, 0x61, 0x33, 0x9e, 0x5c, 0x59, 0xd7, 0x69, 0x4e, 0x01, 0x5c, 0x48,
  0xdf, 0x9a, 0x53, 0x01, 0x2f, 0x80, 0x66, 0xd4, 0x4a, 0x1e, 0x4f, 0x37, 0x6f, 0x46, 0x3a, 0xd0,
  0xf4, 0xb3, 0x02, 0x5f, 0xfc, 0x6c, 0xeb, 0x36, 0xcb, 0xf8, 0xb9, 0x19, 0x17, 0xd2, 0xd1, 0x86,
  0xf5, 0x72, 0xbd, 0x21, 0xd2, 0x48, 0x41, 0xcd, 0x46, 0x84, 0x8b, 0xe6, 0x87, 0xbd, 0x3d, 0x3d,
  0xc4, 0x63, 0xab, 0x24, 0x8a, 0x84, 0x98, 0x14, 0x56, 0x85, 0xf3, 0x13, 0x63, 0xb0, 0x73, 0xcb,
  0x35, 0x64, 0xe5, 0x7f, 0x26, 0x9b, 0x21, 0x43, 0xef, 0xbe, 0x60, 00, 0x96, 0xf3, 0x39, 0x08,
  0x87, 0x42, 0xa4, 0x49, 0x23, 0x2e, 0x97, 0xb0, 0x36, 0xa9, 0xce, 0xcc, 0xcc, 0x7e, 0x77, 0x66,
  0x76, 0xe6, 0xbb, 0xb1, 0x68, 0x6c, 0x27, 0x45, 0xc1, 0x87, 0xfd, 0x7e, 0xff, 0xdb, 0x63, 0xd1,
  0x78, 0x0b, 0xce, 0x29, 0x7a, 0x1b, 0xa6, 0x8d, 0x38, 0xe2, 0x85, 0xaf, 0x51, 0xaf, 0xd3, 0x21,
  0x29, 0x51, 0x6c, 0x53, 0xa6, 0x82, 0x25, 0x89, 0x3a, 0x89, 0xe9, 0x24, 0xd2, 0xc3, 0x2e, 0x72,
  0xa9, 0x54, 0xac, 0xce, 0xcf, 0xcf, 0x8d, 0x88, 0xa2, 0x78, 0x3f, 0xc3, 0x30, 0xdf, 0x9f, 0x98,
  0x98, 0x38, 0x88, 0xd9, 0xc1, 0x7a, 0xd2, 0xe4, 0xd9, 0x84, 0x75, 0x91, 0x40, 0x74, 0x54, 0x86,
  0x0e, 0x5d, 0x5d, 0x3d, 0x9f, 0xd9, 0x38, 0xb4, 0xe9, 0x63, 0x7d, 0xfd, 0xfd, 0x84, 0x98, 0x4a,
  0x62, 0x09, 0xb2, 0x8b, 0x59, 0xac, 0x95, 0xe4, 0x0a, 0x85, 0x3c, 0x6e, 0x5b, 0x29, 0x50, 0x14,
  0x9d, 0x53, 0x14, 0x79, 0x76, 0x69, 0x71, 0x51, 0x94, 0x6a, 0x72, 0x59, 0x52, 0x64, 0x55, 0x53,
  0x15, 0x8a, 0xe7, 0x05, 0xdc, 0x64, 0xec, 0x72, 0xb9, 0x9d, 0x3e, 0x9a, 0x66, 0x52, 0x02, 0x2f,
  0xa4, 0x7c, 0x7e, 0x5f, 0xfe, 0xde, 0x7b, 0xee, 0xfd, 0x06, 0x6d, 0x51, 0x0f, 0x7b, 0x82, 0xbe,
  0xba, 0x7c, 0xa1, 0xf1, 0x05, 0x8d, 0x13, 0x6f, 0x65, 0x4a, 0xb8, 0x5e, 0xf1, 0x62, 0x27, 0x3c,
  0x5e, 0xd4, 0x18, 0xc9, 0x40, 0x43, 0x50, 0xd9, 0xec, 0x4e, 0x36, 0x53, 0x5b, 0xfc, 0x13, 0x7f,
  0x8e, 0x51, 0x02, 0xd6, 0x8c, 0x72, 0xb9, 0x3c, 0x68, 0xaa, 0x46, 0x9c, 0x11, 0x1e, 0x7c, 0xf0,
  0x21, 0xf8, 0xf8, 0x6f, 0x7e, 0x0c, 0xa4, 0x6a, 0xf5, 0x72, 0x39, 0x4d, 0x08, 0x9a, 0x4e, 0x1d,
  0x78, 0x83, 0x41, 0x0d, 0x1c, 0xf9, 0xec, 0x1a, 0x29, 0x21, 0x9e, 0x47, 0xb8, 0x48, 0xb6, 0x5c,
  0xad, 0x40, 0xd0, 0xef, 0x27, 0x9f, 0xf7, 0x6c, 0x66, 0xdd, 0xe6, 0x7a, 0x62, 00, 00, 0x20,
  00, 0x49, 0x44, 0x41, 0x54, 0x1e, 0x12, 0xd1, 0x38, 0x44, 0x02, 0x21, 0x50, 0x2a, 0x32, 0xdc,
  0x70, 0xe3, 0x0d, 0xf0, 0xd0, 0x43, 0x0f, 0x92, 0xad, 0xdc, 0x6d, 0xa9, 0xb6, 0xa7, 0x97, 0x97,
  0x96, 0x9e, 0xae, 0x56, 0xaa, 0x07, 0x4d, 0xdd, 0xfc, 0x47, 0x49, 0x52, 0x04, 0xaf, 0xaf, 0x4c,
  0x7c, 0xc4, 0x70, 0x78, 0x1e, 0x2d, 0x70, 0xa0, 0x59, 0x47, 0x63, 0x68, 0xd2, 0xbc, 0x41, 0xdb,
  0x6b, 0xac, 0x89, 0xe2, 0x66, 0x21, 0x45, 0xd5, 0x26, 0x2b, 0x95, 0xf2, 0xb1, 0x52, 0xa9, 0xf4,
  0x50, 0x38, 0x1c, 0x3e, 0x58, 0x16, 0xc5, 0x53, 0x8a, 0xaa, 0x88, 0xb1, 0x68, 0xfc, 0x82, 0x25,
  0xf6, 0x7a, 0x82, 0x4d, 0x58, 0x17, 0x01, 0x24, 0x32, 0xa2, 0x68, 0xb8, 0x79, 0xdf, 0x8d, 0x9f,
  0xde, 0xbd, 0x67, 0xcf, 0x7f, 0x43, 0xfd, 0x12, 0x1a, 0xbd, 0xe5, 0x0b, 0x79, 0x38, 0x7b, 0xf6,
  0x6c, 0x6d, 0x6e, 0x76, 0xe6, 0x5f, 0x79, 0x8e, 0xfb, 0x02, 0xcb, 0xb2, 0x93, 0xe5, 0x4a, 0xa5,
  0x66, 0x5a, 0x96, 0x55, 0xad, 0x94, 0x61, 0x72, 0x62, 0x12, 0x54, 0x49, 0x83, 0x8a, 0x5c, 0x05,
  0x49, 0xaa, 0x82, 0xdf, 0x8b, 0xab, 0xd6, 0x5d, 0x10, 0x0c, 0xfa, 0x80, 0x41, 0xb3, 0x38, 0x97,
  0x8b, 0x0a, 0x04, 0x7d, 0xd6, 0xb1, 0xa3, 0xc7, 0xa1, 0xb3, 0xb3, 0x03, 0x42, 0xf1, 0x08, 0x39,
  0x81, 0x2f, 0x07, 0x90, 0xf4, 0xd8, 0x30, 0xc1, 0x6c, 0x0c, 0x01, 0xbf, 0x10, 0xa1, 0x62, 0x41,
  0x17, 0xd7, 0xce, 0x9f, 0x3a, 0x71, 0x8c, 0x94, 0xd7, 0x7e, 0xf0, 0x83, 0x7b, 0xe0, 0x0d, 0x37,
  0xdf, 0x08, 0x55, 0xa9, 0x4a, 0xd2, 0xa8, 0x89, 0xb1, 0x71, 0xa8, 0x56, 0x2a, 0xf0, 0xd8, 0x63,
  0xfb, 0xe1, 0xfa, 0x1b, 0xaf, 0x27, 0x17, 0xf4, 0xc4, 0xc4, 0x04, 0x89, 0x3c, 0xfa, 0xfb, 0xfb,
  0xa1, 0x58, 0x10, 0x5f, 0xd6, 0x7e, 0xf9, 0x72, 0x44, 0x33, 0xe2, 0xab, 0x8b, 0x89, 0x75, 0x42,
  0x1c, 0x78, 0x1c, 0x5b, 0x62, 0x71, 0x12, 0x36, 0x76, 0x75, 0x75, 0xc2, 0xb9, 0xd1, 0x33, 0x68,
  0xe4, 0xe8, 0x57, 0x55, 0xa5, 0xcf, 0xe5, 0x74, 0xed, 0xa0, 0x18, 0xfa, 0x76, 0x0b, 0x2c, 0x46,
  0x55, 0x65, 0xa8, 0x94, 0x81, 0x90, 0x11, 0x46, 0xf1, 0x64, 0x35, 0x1a, 0x4a, 0x62, 0x54, 0x0d,
  0x0c, 0x4d, 0xab, 0x28, 0xaa, 0x3a, 0xa5, 0x6a, 0xea, 0x49, 0x59, 0x96, 0x4f, 0x15, 0x72, 0x4b,
  0x67, 0xe5, 0xaa, 0x7c, 0xb0, 0xad, 0xab, 0x63, 0x3a, 0x9b, 0xcd, 0x18, 0x28, 0x1c, 0xc6, 0x9b,
  0x2c, 0xde, 0x78, 0xd7, 0xeb, 0x0d, 0xd0, 0x26, 0xac, 0xd7, 0x81, 0xba, 0xf1, 0x5e, 0x3d, 0xda,
  0xd9, 0xb5, 0x73, 0xd7, 0x1f, 0xde, 0xf8, 0x86, 0x5b, 0xfe, 0xbc, 0xa3, 0xab, 0x93, 0x6c, 0x2d,
  0xae, 0x56, 0x6b, 0x30, 0x72, 0xea, 0xf4, 0xec, 0xc8, 0x99, 0x91, 0xdf, 0x17, 0x78, 0xee, 0x9b,
  0x58, 0xb3, 0xc2, 0x5a, 0x08, 0xa7, 0x28, 0xf5, 0x5a, 0x41, 0x63, 0x05, 0x15, 0x43, 0xa9, 0x60,
  0xd2, 0x56, 0x7d, 0xab, 0x31, 0xd6, 0x52, 0xb0, 0xc6, 0x22, 0xd4, 0xdd, 0x1a, 0x38, 0x8e, 0xb7,
  0x70, 0x78, 0x19, 0xeb, 0x54, 0x97, 0x43, 0x14, 0x45, 0x84, 0x90, 0x8e, 0x7a, 0x27, 0x14, 0x49,
  0x0a, 0xd3, 0x61, 0xae, 0xc4, 0x91, 0xe2, 0xed, 0xbf, 0x7f, 0xf9, 0x2b, 0xb0, 0x73, 0x78, 0x18,
  0x02, 0x61, 0x3f, 0xb9, 0xfb, 0x57, 0x6a, 0x55, 0x12, 0x39, 0xe1, 0xcf, 0xd0, 0x13, 0x1e, 0x47,
  0x3f, 0xb2, 0x0b, 0x59, 0x98, 0x9d, 0x9b, 0x83, 0xf6, 0xce, 0x76, 0xa0, 0x4d, 0x20, 0x5b, 0x72,
  0x36, 0x6f, 0xda, 0x02, 0xf7, 0xff, 0xe4, 0x01, 0x08, 0x85, 0x83, 0x24, 0xd5, 0x43, 0x1d, 0x1a,
  0xc3, 0x38, 0x48, 0x1d, 0xe9, 0x4a, 0x07, 0x99, 0x90, 0x30, 0x0d, 0x52, 0xd3, 0x42, 0xa1, 0xaf,
  0xa2, 0x28, 0x0e, 0xc3, 0x30, 0x12, 0xb9, 0xe5, 0xdc, 0xee, 0x1d, 0xc3, 0xc3, 0xdb, 0x9c, 0x4e,
  0xd7, 0x3e, 0x9f, 0xcf, 0xdf, 0xef, 0x10, 0x84, 0x20, 0xcb, 0xf1, 0xa4, 0x16, 0xc5, 0x71, 0x2c,
  0xe9, 0x2a, 0x2b, 0x8a, 0x84, 0x51, 0x94, 0x5e, 0xad, 0x55, 0x27, 0x50, 0xce, 0x62, 0x18, 0xc6,
  0x51, 0x55, 0x55, 0x9f, 0xfa, 0xf1, 0xbd, 0x3f, 0x19, 0xed, 0xe9, 0xeb, 0x29, 0x0d, 0x0f, 0xef,
  0xd0, 0x17, 0x17, 0x74, 0xd0, 0x54, 0x85, 0xc8, 0x38, 0x30, 0x62, 0xad, 0xd7, 0xb1, 0xd6, 0xf7,
  0x39, 0xb6, 0x66, 0x84, 0x85, 0xfb, 0xf2, 0x2e, 0x47, 0x2b, 0x13, 0xb2, 0xeb, 0x4f, 0x56, 0xc8,
  0x05, 0xa3, 0xe8, 0x32, 0xf8, 0xa5, 00, 0x6c, 0xdb, 0xb9, 0xf3, 0x63, 0xc3, 0xbb, 0xae, 0xfd,
  0x1f, 0x5d, 0xdd, 0x5d, 0xc4, 0xcb, 0xaa, 0x5c, 0x2e, 0xc3, 0x91, 0xc3, 0x87, 0x33, 0x13, 0x93,
  0xe3, 0x1f, 0xb1, 0x2c, 0xeb, 0xa7, 0x1c, 0xc7, 0x5f, 0xd1, 0x8e, 0x9c, 0x4d, 0x2b, 0x15, 0x24,
  0xe0, 0x85, 0xb9, 0x39, 0xa2, 0xf3, 0x42, 0x59, 0x46, 0x77, 0x77, 0x17, 0xd0, 0x94, 0x05, 0x27,
  0x4f, 0x9e, 0x24, 0xa9, 0x1c, 0x76, 0xc6, 0x90, 0xdc, 0x0d, 0x56, 0x27, 0xdf, 0xc3, 0x8a, 0x31,
  0x15, 0xd4, 0x1e, 0xe1, 0xef, 0x37, 0x5d, 0x4c, 0x91, 0xb8, 0xb1, 0xc3, 0x87, 0x91, 0x2a, 0xd6,
  0xac, 0x48, 0x7d, 0xce, 0xfa, 0x45, 0xc9, 0xc2, 0x95, 0x0a, 0xd2, 0x49, 0x54, 0x55, 0x24, 0xe9,
  0x90, 0xcf, 0xeb, 0xdd, 0x08, 0x34, 0xdc, 0xe0, 0x75, 0x79, 0x77, 0x46, 0xc2, 0xe1, 0x41, 0x86,
  0x65, 0x3b, 0xdd, 0x6e, 0x37, 0xe5, 0x14, 0x9c, 0xc0, 0x09, 0x3c, 0x49, 0xf1, 0x70, 0x4d, 0x3f,
  0x76, 0x4a, 0x51, 0x0a, 0x51, 0xa9, 0x88, 0x53, 0xaa, 0xa2, 0xfc, 0x5c, 0x33, 0xf4, 0xfb, 0x65,
  0x45, 0x79, 0xc2, 0xc1, 0x0b, 0x53, 0x4d, 0x15, 0x05, 0x76, 0x2e, 0x9b, 0x51, 0x1b, 0xe9, 0x1e,
  0x37, 0xe4, 0x1a, 0x97, 0x0b, 0xd6, 0x8c, 0xb0, 0xda, 0x53, 0x49, 0x38, 0x5d, 0xa9, 0x5c, 0x76,
  0xa7, 0x1b, 0x7e, 0xd8, 0x6d, 0xa9, 0x04, 0xc4, 0x5a, 0x5a, 0x08, 0x71, 0x6d, 0xde, 0xb8, 0xf1,
  0xf6, 0x7d, 0x7b, 0xf6, 0xfd, 0x4d, 0x7b, 0x47, 0x27, 0x8d, 0xd1, 0x45, 0xa1, 0x50, 0x80, 0x13,
  0xc7, 0x8f, 0x4f, 0x9f, 0x38, 0x71, 0xe2, 0x0e, 0x87, 0xcb, 0xf1, 0xf4, 0x95, 0x3e, 0x8b, 0x87,
  0x04, 0x12, 0x0a, 0x85, 0x21, 0xbb, 0xb8, 0x48, 0x2e, 0x86, 0x03, 0x4f, 0x3c, 0x01, 0x0c, 0xcf,
  0x43, 0x5b, 0x7b, 0x3b, 0x89, 0x9e, 0x9a, 0xf6, 0xbf, 0x4d, 0x51, 0x66, 0xb3, 0x3e, 0xd5, 0x2c,
  0x4a, 0x9b, 0x2b, 0x06, 0xaf, 0x9b, 0x58, 0x59, 0x18, 0xc7, 0x0b, 0xf7, 0x4a, 0xf7, 0xe8, 0x6a,
  0x76, 0x97, 0x1b, 0xa3, 0x36, 0xb4, 0xae, 0xeb, 0x43, 0x0e, 0xa7, 0x63, 0x13, 0xcd, 0x30, 0x37,
  0x76, 0xa6, 0x3b, 0xb7, 0xb8, 0x5c, 0x8e, 0xad, 0x0c, 0xc3, 0xf2, 0x1e, 0x8f, 0xaf, 0x5e, 0xe3,
  0x63, 0xea, 0xe9, 0x36, 0x36, 0x64, 0x30, 0x7d, 0xd3, 0x74, 0x55, 0xce, 0xe7, 0x72, 0x67, 0x0a,
  0x85, 0xe2, 0xd3, 0x34, 0x4d, 0xff, 0x44, 0x56, 0x95, 0x83, 0xa6, 0x66, 0xcc, 0xfa, 0x02, 0xbe,
  0x67, 0x9b, 0x0b, 0x14, 0x5c, 0x58, 0xf5, 0x4f, 0x22, 0xa9, 0xcb, 0xf4, 0x98, 0xae, 0xfa, 0xd5,
  0x44, 0x0e, 0x13, 0x05, 0xd0, 0xd7, 0xd3, 0x09, 0xe7, 0x47, 0xc7, 0x48, 0x6e, 0x7e, 0x39, 0x8d,
  0x80, 0xa0, 0xd8, 0xb3, 0xb7, 0xab, 0x13, 0x76, 0x5f, 0xbf, 0x17, 0x2f, 0xd4, 0x9d, 0x6d, 0x6d,
  0xed, 0xff, 0xd6, 0x92, 0x48, 0x78, 0x1d, 0x02, 0x4f, 0x52, 0x98, 0x67, 0x8e, 0x3e, 0x33, 0x39,
  0x37, 0x37, 0xf3, 0x76, 0x8e, 0x63, 0x4e, 0xe0, 0xdd, 0xcb, 0x34, 0x2e, 0xdf, 0xce, 0x5d, 0xb3,
  0xf6, 0xf4, 0xfc, 0x93, 0xbb, 0xe9, 0xac, 0xc9, 0xf1, 0x1c, 0x94, 0x4a, 0x25, 0xf8, 0xe1, 0x0f,
  0xef, 0x81, 0x6b, 0xae, 0xd9, 0x02, 0xd3, 0x53, 0x93, 0x24, 0x32, 0xa2, 0x1b, 0x51, 0x92, 0x7a,
  0x99, 0x46, 0xd1, 0xab, 0x89, 0xfa, 0x62, 0x5c, 0x35, 0xea, 0x74, 0x08, 0x43, 0xfd, 0x3d, 0x7d,
  0xfb, 0x1c, 0x0e, 0xe7, 0x75, 0x1e, 0xaf, 0x67, 0x4b, 0x2a, 0x99, 0x8a, 0x63, 0x39, 00, 0x5d,
  0x3c, 0x88, 0xaa, 0x1e, 0x37, 0x62, 0x5b, 0x26, 0xe9, 0xe8, 0xc9, 0x52, 0x15, 0x33, 0x94, 0xe9,
  0x92, 0x58, 0x3c, 0x58, 0x2a, 0x8a, 0x8f, 0x4b, 0xd5, 0xea, 0xe1, 0x78, 0x32, 0x31, 0x52, 0xad,
  0x56, 0x97, 0x31, 0x22, 0x65, 0xc9, 0x34, 0xc3, 0x95, 0x79, 0xdc, 0xed, 0x94, 0xf0, 0x55, 0x02,
  0xc9, 0xb5, 0x5a, 0xad, 0x42, 0xb1, 0x50, 0xea, 0x48, 0x25, 0xdb, 0xbe, 0x90, 0x6e, 0x6f, 0x0f,
  0xe2, 0x49, 0x82, 0x16, 0x1c, 0xe7, 0xce, 0x9d, 0x99, 0x19, 0x1f, 0x3b, 0x7f, 0x17, 0xcf, 0xf3,
  0x27, 0x58, 0xd6, 0x71, 0x59, 0x2e, 0xd0, 0xbc, 0xf0, 0x99, 0x50, 00, 0x93, 0x93, 0xe3, 0xe4,
  0xdb, 0x95, 0x6d, 0x6d, 0xfc, 0x13, 0x35, 0x50, 0x68, 0x3e, 0x88, 0x62, 0xd6, 0x81, 0xbe, 0x01,
  0xf8, 0xc1, 0xf7, 0xef, 0x81, 0x5d, 0xbb, 0x86, 0xb1, 0xe6, 0xb6, 0x96, 0x6f, 0x7d, 0x5d, 0xe2,
  0xd9, 0x6d, 0xdd, 0xf5, 0x41, 0xf3, 0xc6, 0x0d, 0xc0, 0x61, 0x59, 0xd6, 0x16, 0xc3, 0x34, 0x77,
  0xfa, 0x7d, 0xbe, 0x6d, 00, 0xd4, 0x3e, 0xbf, 0xd7, 0xdb, 0xe2, 0xf1, 0xfa, 0x3c, 0x78, 0x43,
  0xc4, 0xa6, 0x42, 0xc3, 0xf4, 0x8f, 0x74, 0x11, 0x51, 0xba, 0x22, 0x4b, 0xb2, 0xac, 0x1b, 0xea,
  0x88, 0x22, 0xab, 0x4f, 0x95, 0x4a, 0xa5, 0xa7, 0x59, 0x8e, 0x7b, 0x84, 0x62, 0xa9, 0xe9, 0x92,
  0x28, 0x9a, 0xb5, 0x62, 0x11, 0xda, 0x3a, 0xdb, 0xc9, 0x0d, 0xa6, 0x29, 0xd5, 0xb8, 0x52, 0xb1,
  0x66, 0x84, 0xd5, 0x5c, 0xda, 0x59, 0x17, 0x73, 0xaf, 0xff, 0x08, 0x0b, 0x4f, 0x1c, 0xd4, 0xd1,
  0x48, 0x6a, 0x0d, 0xf3, 0x7e, 0xba, 0xbd, 0xbd, 0xfd, 0xb3, 0x9d, 0x5d, 0xdd, 0x5b, 0x71, 0x49,
  0x03, 0x2a, 0xd1, 0x47, 0x47, 0xcf, 0x17, 0x66, 0x67, 0x66, 0x7e, 0x87, 0x61, 0xe8, 0xfd, 0x97,
  0x5b, 0x5d, 0xa0, 0x89, 0x66, 0x77, 0xaa, 0x5e, 0xfc, 0x17, 0x48, 0x38, 0xfc, 0xc6, 0x5b, 0xde,
  0x08, 0x62, 0xa5, 0x0c, 0xb1, 0x70, 0x14, 0x16, 0x17, 0x17, 0x21, 0x1c, 0x8e, 0x80, 0xcb, 0x21,
  0x10, 0xa1, 0x24, 0xea, 0x89, 0xc2, 0xe1, 0x30, 0x44, 0xc2, 0x91, 0x35, 0x5b, 0xbf, 0xb5, 0x9e,
  0x81, 0xe7, 0x0b, 0x16, 0xcc, 0x39, 0x8e, 0x13, 0x02, 0x01, 0x7f, 0xc4, 0x34, 0xcd, 0x61, 0x96,
  0x65, 0x77, 0x25, 0x5b, 0x5b, 0xf7, 0xb8, 0xdc, 0xae, 0x8d, 0x1e, 0x8f, 0x37, 0x8c, 0xf3, 0x8d,
  0xb8, 0x70, 0x84, 0x66, 0xea, 0x1b, 0xb5, 0x29, 0x9a, 0x26, 0xf6, 0x3e, 0x65, 0xa5, 0x2c, 0xd5,
  0xaa, 0xd5, 0x39, 0x55, 0x55, 0x8f, 0x19, 0x96, 0x71, 0xac, 0x52, 0x2e, 0x3f, 0x52, 0x2a, 0x57,
  0x4e, 0x45, 0x23, 0xa1, 0xbc, 0xa2, 0x69, 0xf5, 0xa6, 0x0c, 0x53, 0x8f, 0x64, 0xd7, 0x6a, 0x4c,
  0x66, 0x2d, 0xb0, 0x26, 0x84, 0xd5, 0x2c, 0xd2, 0x76, 0x74, 0x76, 0x10, 0x05, 0xf8, 0x7a, 0xa6,
  0x2b, 0xab, 0x71, 0x97, 0xc4, 0xf7, 0x8b, 0x1d, 0x98, 0x6a, 0xa5, 0x0a, 0x5b, 0x87, 0x77, 0xfc,
  0xf9, 0xb6, 0xed, 0x3b, 0xde, 0x9f, 0x6a, 0x6b, 0x23, 0x77, 0xb3, 0x99, 0x99, 0x19, 0xa5, 0x90,
  0xcb, 0x7f, 0xc4, 0xeb, 0x76, 0x7f, 0x8f, 0xb6, 00, 0x58, 0x32, 0x6b, 0xc5, 0x01, 0xc3, 0x73,
  0xa0, 0xab, 0x3a, 0xf0, 0x1c, 0xbb, 0xee, 0x2f, 0x68, 0x2c, 0x70, 0xa3, 0x2f, 0x97, 0xcf, 0xef,
  0x23, 0x23, 0x21, 0x58, 0xc8, 0xc5, 0x7a, 0x09, 0x11, 0xaf, 0x9a, 0xc6, 0x85, 0x71, 0x9f, 0x66,
  0xa1, 0x56, 0xd7, 0x4c, 0xf2, 0x77, 0x78, 0x41, 0x22, 0x99, 0xdb, 0x68, 0x1c, 0x47, 0x94, 0x11,
  0xd0, 0xa4, 0xb3, 0xd7, 0x4a, 0xd3, 0x54, 0xaf, 0xa1, 0xeb, 0xd7, 0x0d, 0x0e, 0x0d, 0x6e, 0xdb,
  0xba, 0x6d, 0xcb, 0x10, 0x45, 0xd1, 0x7d, 0x2e, 0x97, 0x9b, 0x34, 0x17, 0xf0, 0x1e, 0x4d, 0x46,
  0xb8, 0x74, 0x03, 0xca, 0x95, 0x1a, 0x29, 0xb0, 0x57, 0xab, 0xd5, 0xa9, 0x5a, 0xb5, 0x76, 0xd4,
  0x34, 0xcd, 0x47, 0x05, 0xa7, 0xe3, 0xcc, 0xd2, 0x42, 0xf6, 0x54, 0xb9, 0x54, 0x9c, 0xee, 0x1b,
  0x1c, 0xac, 0xbb, 0xcb, 0x92, 0x54, 0x9c, 0x21, 0xce, 0x1c, 0x57, 0xab, 0x93, 0xc6, 0x9a, 0x10,
  0x16, 0x19, 0xad, 0xe0, 0x79, 0xb8, 0xf9, 0x4d, 0x37, 0x93, 0xee, 0x10, 0xac, 0xe3, 0x56, 0x2a,
  0xd1, 0x11, 0xd1, 0x0c, 0x91, 0x16, 0xf8, 0xdc, 0x6e, 0x1c, 0x7d, 0xf8, 0x78, 0xa2, 0x35, 0xf9,
  0x29, 0x5c, 0x18, 0x81, 0x17, 0xec, 0xdc, 0xec, 0x2c, 0xec, 0x7f, 0xf2, 0x89, 0xff, 0x34, 0x37,
  0x3f, 0xfb, 0x5d, 0x97, 0xd3, 0x45, 0xea, 0x36, 0x74, 0x63, 0xfc, 0x86, 0x6a, 0xcc, 0xb8, 0x45,
  0x82, 0x21, 0xd8, 0xbc, 0x71, 0xd3, 0x3a, 0xf8, 0xd7, 0xfc, 0x22, 0x9a, 0x2e, 0xa3, 0x5e, 0x8f,
  0x87, 0x10, 0x15, 0xce, 0xbe, 0x35, 0x97, 0x0a, 0x34, 0x7f, 0xd6, 0x2c, 0x7c, 0x37, 0xd5, 0xe4,
  0x76, 0x5d, 0xaa, 0x0e, 0x62, 0x1d, 0xac, 0x10, 0xa2, 0xc1, 0x63, 0x12, 0x36, 0x4d, 0x63, 0xc0,
  0xe1, 0x70, 0xec, 0x71, 0x0a, 0x8e, 0xad, 0x82, 0xe0, 0xd8, 0x1e, 0x8d, 0x08, 0x03, 0x48, 0x4e,
  0x28, 0x53, 0x59, 0x39, 0x3c, 0x8d, 0xe4, 0x84, 0x44, 0x6f, 0x18, 0x9a, 0x5e, 0xad, 0xd6, 0xce,
  0x88, 0xa2, 0xf8, 0x24, 0x45, 0x51, 0x0f, 0xa9, 0x9a, 0xfa, 0xb4, 0x54, 0x91, 0xc7, 0xb1, 0x2b,
  0xea, 0x6c, 0x34, 0x25, 0x56, 0x36, 0x2a, 0x6c, 0xbb, 0x9f, 0xb5, 0x4e, 0x09, 0x6b, 0x12, 0xac,
  0xe7, 0xed, 0x20, 0xb0, 0xa2, 0xc0, 0x4c, 0x46, 0x38, 0x74, 0xe3, 0x97, 0x7b, 0x7a, 0x07, 0x3e,
  0xb7, 0x79, 0xf3, 0x16, 0xf2, 0xbe, 0x27, 0xc6, 0xc7, 0x51, 0xbe, 0xf0, 0x99, 0x27, 0x0e, 0x3c,
  0xf1, 0xc5, 0x4c, 0x36, 0x5b, 0xdf, 0x4e, 0x8c, 0xca, 0x62, 0x68, 0x4e, 0xc7, 0x03, 0xd4, 0xa4,
  0x1a, 0x74, 0xb7, 0x77, 0xc0, 0xae, 0x1d, 0x3b, 0xc9, 0xac, 0xd9, 0x7a, 0x41, 0xf3, 0xe2, 0x41,
  0x03, 0x39, 0x6f, 0x28, 0x44, 0x06, 0xb1, 0x8b, 0x85, 0x92, 0x9d, 0xda, 0xbd, 0x42, 0xe0, 0x71,
  0x2a, 0x97, 0xcb, 0xf1, 0xee, 0xde, 0xae, 0xdd, 0xa9, 0x74, 0xeb, 0x3e, 0x9a, 0xa6, 0xde, 0x14,
  0x0a, 0x84, 0xba, 0x1d, 0x0e, 0xa7, 0x1b, 0xcf, 0x03, 0x9c, 0x51, 0xa4, 0x9b, 0x8e, 0x0d, 0xf5,
  0xc7, 0x82, 0x58, 0x16, 0x51, 0xad, 0x9f, 0xa9, 0x56, 0xab, 0x47, 0xf0, 0x8b, 0xe1, 0xb8, 0x9f,
  0x73, 0x0c, 0x73, 0xb2, 0x56, 0xab, 0x65, 0x71, 0x9c, 0xa6, 0x39, 0xd3, 0x67, 0x13, 0xd3, 0x8b,
  0x63, 0x4d, 0x7b, 0xee, 0x78, 0x41, 0x33, 0x8d, 0xa1, 0xcb, 0xf5, 0x08, 0xaa, 0x61, 0x49, 0x8c,
  0x52, 0x06, 0x9e, 0xe7, 0xaf, 0xe9, 0xed, 0xed, 0xff, 0x87, 0xce, 0xce, 0x0e, 0x0e, 0x4f, 0x2a,
  0xb4, 0x26, 0x39, 0x75, 0xf2, 0xc4, 0x57, 0x4e, 0x9f, 0x3e, 0xfd, 0x59, 0xec, 0xe6, 0x84, 0x82,
  0xc1, 0x17, 0x24, 0x5f, 0xa2, 0x4f, 0x72, 0xba, 0xd6, 0x1d, 0x11, 0xe0, 0xfb, 0xc2, 0x11, 0x17,
  0xfc, 0x10, 0x7c, 0xc4, 0xef, 0x68, 0xfd, 0xaa, 0x9b, 0xd7, 0x02, 0x17, 0x6c, 0xad, 0x51, 0xb4,
  0x89, 0xe4, 0x6e, 0x5a, 0x60, 0x52, 0x26, 0x8b, 0xc5, 0x72, 0xcb, 0xb4, 0x76, 0xc7, 0x62, 0xb1,
  0x7d, 0x1c, 0xcb, 0x0e, 0x47, 0xa2, 0x91, 0x36, 0xb7, 0xcb, 0xc5, 0xab, 0x9a, 0x41, 0x22, 0x54,
  0x68, 0x90, 0x19, 0x21, 0x29, 0x6c, 0xce, 0x14, 0x8b, 0x35, 0xd3, 0x34, 0x0e, 0x4b, 0xb2, 0x7c,
  0xd4, 0xb4, 0xcc, 0xfd, 0x07, 0x0f, 0x3e, 0x7d, 0xb0, 0xab, 0xb3, 0x2b, 0xe3, 0x70, 0x08, 0x32,
  0x65, 0xb1, 0x17, 0xf4, 0x50, 0x36, 0x5e, 0x19, 0xd6, 0x8c, 0xb0, 0xea, 0x2e, 0x99, 0x14, 0x48,
  0x8a, 0xbc, 0x6e, 0x57, 0x4c, 0xa1, 0xea, 0x17, 0x0b, 0xa2, 0x1c, 0xc7, 0x79, 0x93, 0xc9, 0xe4,
  0x67, 0x3b, 0x3b, 0x3a, 0x92, 0x4e, 0x1c, 0xb9, 0xc9, 0xe7, 0x61, 0x66, 0x7a, 0xea, 0x68, 0x31,
  0x5f, 0xf8, 0x13, 0x9c, 0xf2, 0x47, 0xe1, 0xa3, 0x24, 0xbf, 0xf0, 0x6e, 0x36, 0x52, 0xaf, 0xc3,
  0x0d, 0xca, 0x3e, 0x1f, 0x29, 0x5e, 0x63, 0xbd, 0x87, 0xa2, 0x2e, 0xbe, 0xf8, 0xd1, 0x6a, 0xb8,
  0x12, 0xbc, 0xd4, 0xcd, 0x99, 0xa4, 0x78, 0x8d, 0xd7, 0x0f, 0x47, 0x82, 0x44, 0x27, 0x55, 0x2e,
  0x8b, 0x75, 0x43, 0x3f, 0x9b, 0xac, 0x2e, 00, 0x45, 0xc1, 0x2a, 0x71, 0x49, 0x10, 0x04, 0xaf,
  0xd7, 0xdb, 0x41, 0x51, 0xd4, 0x26, 0x8a, 0xa6, 0x87, 0x9d, 0x2e, 0xd7, 0x56, 0x9f, 0xcf, 0xb7,
  0xdd, 0xe5, 0x72, 0x85, 0x05, 0xa1, 0x2e, 0x72, 0x65, 0x59, 0x86, 0xc8, 0x0d, 0x58, 0xa6, 0x3e,
  0x1f, 0x58, 0xab, 0x55, 0xd1, 0xdd, 0x75, 0x21, 0x9f, 0xcb, 0x1d, 0x30, 0x4d, 0xf3, 0x21, 0xc3,
  0x34, 0x8e, 0x88, 0x25, 0xf1, 0x44, 0xbc, 0x25, 0x5e, 0xc2, 0xf3, 00, 0xbd, 0xca, 0x48, 0x2d,
  0x10, 0x07, 0x92, 0xed, 0x48, 0xea, 0x55, 0x63, 0xcd, 0x8a, 0xee, 0xf5, 0xd5, 0x53, 0x3c, 0x9c,
  0x1f, 0x9d, 00, 0x8e, 0x59, 0x9f, 0xe2, 0x4a, 0xbc, 0xbb, 0x76, 0xb5, 0x77, 0x40, 0x2a, 0x99,
  0x7e, 0x7f, 0x6b, 0xa2, 0xf5, 0xf6, 0x70, 0x24, 0x42, 0xc4, 0x7a, 0xb3, 0xb3, 0xb3, 0xca, 0xb1,
  0x13, 0xc7, 0x3f, 0x59, 0x16, 0xcb, 0x53, 0xe5, 0x4a, 0x85, 0x3c, 0xee, 0xc5, 0xc2, 0x78, 0xac,
  0x5d, 0xd4, 0x64, 0x19, 0x0e, 0x1e, 0x39, 0x0c, 0x68, 0xbc, 0x86, 0xe3, 0x25, 0x17, 0x73, 0x1e,
  0xb0, 0x2e, 0xb0, 0xa4, 0xc9, 0x84, 0xfe, 0xec, 0xc8, 0x69, 0x90, 0xa4, 0x1a, 0x19, 0x70, 0xc5,
  0xb7, 0xd3, 0x54, 0x85, 0x5f, 0xa8, 0x81, 0xa0, 0x6b, 00, 0xbe, 0xbe, 0x5a, 0x5f, 0x74, 0x81,
  0x75, 0xb6, 0xab, 0x1d, 0xcd, 0x48, 0x0a, 0x49, 0xca, 0xa8, 0xbb, 0x31, 0x44, 0x5a, 0x5a, 0x5a,
  0x3a, 0x74, 0x55, 0xbd, 0x69, 0xd3, 0xc6, 0xcd, 0xd7, 0x0a, 0x3c, 0xbf, 0x87, 0x61, 0xd9, 0x38,
  0xa6, 0xce, 0x68, 0xc9, 0xd2, 0x1c, 0x91, 0x22, 0xe3, 0x2f, 0xa4, 0x53, 0x6a, 0x90, 0x06, 0x85,
  0x58, 0x2e, 0x8f, 0xd5, 0xa4, 0xda, 0x01, 0xd3, 0x30, 0x1e, 0x72, 0xba, 0x9d, 0x8f, 0xff, 0xe0,
  0x87, 0xf7, 0x9e, 0xed, 0xec, 0x68, 0x87, 0xe1, 0x5d, 0x3b, 0x40, 0x2c, 0x89, 0xf5, 0xcf, 0xa2,
  0x21, 0xdc, 0xb4, 0x53, 0xbe, 0xd7, 0x8e, 0x35, 0xad, 0x61, 0xe1, 0x05, 0x83, 0x16, 0x18, 0x96,
  0xf1, 0x8b, 0xfe, 0xe2, 0x6b, 0x09, 0x7c, 0x6f, 0x68, 0xf9, 0x81, 0xf5, 0x27, 0xa7, 0xe0, 0xdc,
  0x31, 0x30, 0xb0, 0xe1, 0x8f, 0x7a, 0xba, 0x7b, 0xc8, 0xbc, 0xd5, 0xfc, 0xdc, 0x2c, 0x8c, 0x9c,
  0x3a, 0xf5, 0xa9, 0xc7, 0x9f, 0x7e, 0xf2, 0x7e, 0x24, 0x2a, 0xd2, 0x49, 0x63, 0xd8, 0x0b, 0x45,
  0xd5, 0xe7, 0x03, 0x23, 0xb0, 0x7c, 0xa9, 00, 0x5f, 0xfc, 0xda, 0xbf, 0xc1, 0xbb, 0xdf, 0x79,
  0x27, 0x6c, 0x1c, 0x1c, 0x82, 0xa2, 0x78, 0x71, 0xf6, 0x63, 0xe2, 0xab, 0xe1, 0xbc, 0x9e, 0xa6,
  0xc9, 0x30, 0x31, 0x31, 0x86, 0xf5, 0x34, 0xa0, 0x2c, 0x13, 0xd0, 0xba, 0xb6, 0x39, 0x3e, 0x84,
  0xb5, 0x29, 0x4c, 0xf7, 0xb0, 0x5e, 0xe8, 0xf7, 0xf9, 0xc1, 0xe7, 0xf5, 0x40, 0x21, 0x97, 0xb7,
  0x8b, 0xe7, 0xcf, 0x8a, 0x36, 0x3d, 0x4e, 0x87, 0xb3, 0xbb, 0x33, 0xdd, 0xbe, 0x53, 0x10, 0x84,
  0x61, 0x8f, 0xc7, 0xbd, 0xe3, 0xad, 0x6f, 0x7d, 0x6b, 0x1f, 0x45, 0x51, 0x6e, 0xd4, 0x95, 0xe1,
  0xc0, 0x35, 0x7a, 0x57, 0x61, 0x37, 0x8f, 0x14, 0xd8, 0x2b, 0x55, 0x3c, 0x37, 0x0c, 0x55, 0x55,
  0xe6, 0x6a, 0x35, 0xf9, 0xac, 0x28, 0x8a, 0xcf, 0x58, 0x96, 0x79, 0x40, 0x70, 0x38, 0x9e, 0xae,
  0x49, 0xb5, 0x19, 0x37, 0xe9, 00, 0x52, 0xcf, 0x49, 0xf5, 0x6c, 0x82, 0xba, 0x78, 0x58, 0x33,
  0xc2, 0xc2, 0x0b, 0x5c, 0x2c, 0x88, 0x30, 0x33, 0x3e, 0x0d, 0x5d, 0xbd, 0x9d, 0x24, 0x4a, 0x59,
  0x0f, 0xc0, 0xbb, 0xac, 0x83, 0xe3, 0xa1, 0x3b, 0xdd, 0x01, 0xbc, 0x43, 0x08, 0x0c, 0x0d, 0x0c,
  0xfd, 0x6d, 0xff, 0x40, 0x7f, 0x2b, 0xea, 0x8f, 0x16, 0xb3, 0x8b, 0x70, 0xf2, 0xe4, 0xf1, 0x7f,
  0x9f, 0x9d, 0x9d, 0xf9, 0x7b, 0x97, 0xc3, 0x05, 0x1a, 0xab, 0x3d, 0x67, 0xb6, 0xed, 0x45, 0xa3,
  0x2c, 0x86, 0x25, 0x64, 0x81, 0x2a, 0xf0, 0xd7, 0x4b, 0x12, 0x54, 0x43, 0x06, 0x72, 0xc1, 0x9b,
  0x09, 0x57, 0x74, 0xe9, 0x2a, 0x8c, 0x8c, 0x9c, 0x22, 0x69, 0x9d, 0xcb, 0xed, 0x26, 0x24, 0x85,
  0xd3, 0xf9, 0x38, 0xaf, 0x17, 0xe4, 0xfd, 0x44, 0x1d, 0xad, 0x48, 0x32, 0x50, 0x7e, 0x3f, 0x89,
  0xbe, 0xae, 0x16, 0x9a, 0xb2, 0x9e, 0xe7, 0x75, 0x85, 0x91, 0x94, 0x69, 0x9a, 0x4e, 0xd3, 0x34,
  0x07, 0x74, 0xc3, 0xd8, 0xe2, 0x72, 0x3a, 0xb7, 0xb3, 0x1c, 0xb7, 0x37, 0xd1, 0xd2, 0x9a, 0xf4,
  0x79, 0x7d, 0x31, 0xf4, 0xbc, 0x42, 0x51, 0x2c, 0xc3, 0xd0, 0x44, 0x13, 0x55, 0xf7, 0xdd, 0x97,
  0x41, 0x11, 0x65, 0x8c, 0x4a, 0xf3, 0xb5, 0x5a, 0xed, 0x40, 0xa5, 0x5a, 0x39, 0x0a, 00, 0xf7,
  0x53, 0x14, 0x35, 0x63, 0x9a, 0xd6, 0x6c, 0xa1, 0x50, 0x50, 0x79, 0x8e, 0x83, 0xe6, 0xea, 0x2b,
  0x1b, 0x97, 0x16, 0x6b, 0x46, 0x58, 0x78, 0xf7, 0x91, 0x2b, 0x55, 0x28, 0xe5, 0x8b, 0x44, 0xff,
  0xb3, 0x5e, 0x08, 0xab, 0xd9, 0x15, 0x0c, 0x7a, 0x03, 0xe8, 0x1a, 0xf0, 0xd9, 0x2d, 0x9b, 0xb7,
  0x5c, 0x8f, 0xa9, 0x60, 0xb1, 0x50, 0x84, 0x43, 0x87, 0x0f, 0x1e, 0x9a, 0x9c, 0x1c, 0xff, 0x3d,
  0x32, 0xd1, 0x8e, 0x17, 0xc3, 0xab, 0xa8, 0xfd, 0x34, 0x85, 0xb2, 0xc4, 0x15, 0xf4, 0x75, 0xdc,
  0x70, 0x89, 0x9d, 0x8a, 0x65, 0x11, 0xc1, 0x26, 0xcf, 0x30, 0x30, 0x33, 0x39, 0x89, 0x0d, 0x76,
  0x70, 0x3a, 0x05, 0x28, 0xd1, 0x62, 0x43, 0x8a, 0x60, 0x92, 0xc7, 0xd4, 0xdb, 0xe2, 0xcf, 0xce,
  0xed, 0x5d, 0xe9, 0x20, 0x3e, 0x53, 0x38, 0x5b, 0xd7, 0x28, 0x94, 0x43, 0xfd, 0xc6, 0xe8, 0xb7,
  0x2c, 0x6b, 0xa3, 0x6e, 0xe8, 0x1b, 0x07, 0xfb, 0x06, 0xf6, 0x78, 0xdc, 0x9e, 0x7e, 0x8f, 0xc7,
  0xd3, 0xe5, 0x72, 0xb9, 0x62, 0x28, 0xda, 0x24, 0xba, 0x26, 0xac, 0x43, 0x35, 0x44, 0x9e, 0xe8,
  0xb2, 0x21, 0x4b, 0x35, 0xab, 0x5a, 0xab, 0x2d, 0x5a, 0xa6, 0x79, 0x46, 0xd3, 0xd4, 0x73, 0xb5,
  0x9a, 0xf4, 0xa4, 0x6e, 0x18, 0x87, 0x9c, 0x4e, 0xc7, 0xa8, 0xae, 0x6b, 0x92, 0x83, 0xfc, 0x1e,
  0x7d, 0xc1, 0x8b, 0xec, 0xc5, 0xec, 0x73, 0x6c, 0x5c, 0x7c, 0xac, 0x6d, 0x4a, 0x88, 0xbb, 0xf0,
  0xb8, 0xf5, 0xa5, 0x0a, 0x47, 0x8d, 0x0c, 0x7a, 0x72, 0x73, 0x3c, 0x77, 0x67, 0x34, 0x16, 0xff,
  0x6d, 0x74, 0x5f, 0xa8, 0x88, 0x65, 0x98, 0x9d, 0x99, 0xa9, 0x3d, 0xf5, 0xc4, 0x93, 0x9f, 0x7c,
  0x6c, 0xff, 0xa3, 0x4b, 0x58, 0x2f, 0x7a, 0xb5, 0x5d, 0x3f, 0xfc, 0x17, 0xfe, 0xc7, 0x7f, 0x7c,
  0x1b, 0x3e, 0xf4, 0xa1, 0x0f, 0x03, 0x6e, 0xcf, 0xa9, 0xbd, 0xca, 0xc1, 0x6f, 0x32, 0x57, 0xc6,
  0x0b, 0x30, 0xb9, 0x3c, 0x09, 0xba, 0xa1, 0x42, 0x4f, 0x4f, 0x0f, 0x68, 0xb2, 0xfc, 0xb2, 0x44,
  0x74, 0xb5, 0x5c, 0x47, 0xcd, 0x8e, 0x9e, 0xcb, 0xe9, 0xf2, 0x51, 0x34, 0xdd, 0x61, 0xe8, 0xda,
  0x70, 0x34, 0x16, 0xdb, 0x96, 0x48, 0x24, 0xb6, 0x3a, 0x9d, 0xae, 0xad, 0x0e, 0x87, 0xc3, 0xe5,
  0xc2, 0xad, 0x39, 0x82, 0xe3, 0x82, 0x61, 0x20, 0x11, 0x6e, 0x9a, 0x28, 0xdc, 0x14, 0xd1, 0x11,
  0xb6, 0x20, 0x8a, 0xe2, 0x98, 0x65, 0xc1, 0x63, 0x86, 0xa1, 0x9f, 0xc8, 0xe5, 0xf2, 0xc7, 0x28,
  0x8a, 0x3a, 0x19, 0x8d, 0x84, 0x55, 0x24, 0x41, 0x8c, 0xb8, 0xae, 0x16, 0xe2, 0x5f, 0xcf, 0xb0,
  0xfd, 0xb0, 0x56, 00, 0x89, 0x33, 0x1c, 0x08, 0x42, 0x20, 0x10, 0xe8, 0xef, 0xed, 0xef, 0xfb,
  0xab, 0x74, 0x5b, 0x9a, 0xc2, 0x13, 0x1a, 0xf5, 0x56, 0x8b, 0x0b, 0x0b, 0x7f, 0xa3, 0xa8, 0xca,
  0xcf, 0x64, 0x49, 0xae, 0x17, 0x4e, 0xa1, 0x3e, 0x01, 0xff, 0x4a, 0xf3, 0x2b, 0xcc, 0x16, 0x15,
  0xf4, 0xfb, 0x76, 0x38, 0x5e, 0xd1, 0x49, 0xdf, 0x24, 0x74, 0x4c, 0x23, 0x51, 0x98, 0x88, 0x1a,
  0x1e, 0xaf, 0xcf, 0x03, 0x7e, 0x9f, 0x07, 0xb2, 0x4b, 0x8b, 0xbf, 0x90, 0xee, 0x5c, 0x4d, 0xc0,
  0xe3, 0x82, 0xe4, 0x84, 0xf3, 0x9b, 0x8d, 0xd5, 0x54, 0x69, 0x9e, 0xe3, 0x87, 0x14, 0x45, 0xb9,
  0x7e, 0xf3, 0xc6, 0x4d, 0xd7, 0x3a, 0x5c, 0xce, 0x2d, 0x1c, 0xcb, 0xfb, 0x71, 0xc1, 0xac, 0xc0,
  0x73, 0x24, 0x02, 0x25, 0x16, 0x3f, 0x0c, 0x0d, 0xba, 0xa6, 0x92, 0x48, 0x57, 0x55, 0x15, 0xbd,
  0x58, 0x2a, 0x4c, 0x96, 0xcb, 0xe5, 0x03, 0x86, 0x69, 0x1c, 0xb0, 0x4c, 0xeb, 0x60, 0xb5, 0x52,
  0x3d, 0xee, 0xf5, 0xf9, 0x6a, 0x64, 0x15, 0x58, 0x03, 0x4d, 0x92, 0xb2, 0x6c, 0x35, 0xff, 0xba,
  0x80, 0x4d, 0x58, 0x2b, 0x80, 0x04, 0xd0, 0xd1, 0x96, 0xf6, 0x76, 0xb6, 0x77, 0xfc, 0x59, 0x5b,
  0x5b, 0xba, 0x3d, 0x10, 0x0a, 0xc2, 0xd2, 0xd2, 0x22, 0x8c, 0x8f, 0x8f, 0xfd, 0xf8, 0xe8, 0xf1,
  0x67, 0xfe, 0xae, 0x2c, 0x55, 0xa1, 0x25, 0xd5, 0x7a, 0xc1, 0x32, 0xe5, 0xd5, 0x02, 0x0b, 0xb7,
  0xc7, 0x4f, 0x9d, 0x84, 0xe1, 0x1d, 0xc3, 0xcf, 0xa9, 0x77, 0xa1, 0x60, 0x10, 0x53, 0x3d, 0x62,
  0xc0, 0xd6, 0xd0, 0xf2, 0x90, 0x45, 0xab, 0x92, 0x0c, 0xe7, 0xce, 0x9d, 0x83, 0xed, 0xc3, 0xdb,
  0xa1, 0x56, 0xad, 00, 0x4d, 0x3d, 0x3b, 0x2a, 0x74, 0xb5, 0xa2, 0x91, 0x5a, 0x3b, 0x62, 0xb1,
  0xe8, 0xd6, 0xbd, 0xfb, 0x76, 0x6f, 0xa2, 00, 0xde, 0x14, 0x08, 0x86, 0xb6, 0x26, 0x93, 0xa9,
  0x1e, 0x4c, 0xef, 0x50, 0x25, 0x8e, 0x8d, 0x1c, 0x3c, 0x96, 0x18, 0x5d, 0xe2, 0x66, 0x6d, 0xec,
  0xe6, 0xe1, 0xaa, 0x2a, 0x55, 0x55, 0x17, 0x65, 0xa5, 0x76, 0xac, 0x58, 0x24, 0x85, 0xf2, 0x87,
  0x59, 0x96, 0x3d, 0x29, 0x96, 0xc5, 0x19, 0x8c, 0x98, 0x2d, 0xca, 0x7a, 0x8e, 0x68, 0xd3, 0x56,
  0x96, 0xaf, 0x4f, 0xac, 0x0b, 0xc2, 0x5a, 0x17, 0x1d, 0xab, 0xc6, 0x54, 0xbd, 0x43, 0x10, 0xde,
  0x97, 0x48, 0xb4, 0xde, 0x11, 0x8b, 0xc7, 0x49, 0x57, 0x28, 0x33, 0x3b, 0x5f, 0x98, 0x9d, 0x9b,
  0xfd, 0xfb, 0x33, 0xa3, 0xe7, 0x44, 0xbc, 0x10, 0x42, 0xb1, 0x28, 0xa9, 0x77, 0xbc, 0x16, 0x60,
  0xda, 0x72, 0xf2, 0xcc, 0x08, 0x6c, 0xdd, 0xb2, 0xf5, 0x42, 0x07, 0x09, 0x5f, 0x73, 0xb9, 0x98,
  0x83, 0xae, 0xf6, 0x76, 0x22, 0x46, 0x5d, 0x58, 0xce, 0xc2, 0xd0, 0x86, 0x0d, 0x24, 0x35, 0xc5,
  0x2e, 0x1f, 0xaa, 0xcf, 0x37, 0x6f, 0xde, 0x04, 0xd3, 0x53, 0x53, 0xa4, 0x78, 0x7e, 0x35, 0xa1,
  0x79, 0x5e, 0x34, 0x46, 0x83, 0xda, 0x4d, 0xd3, 0xbc, 0x46, 0x10, 0x84, 0x9b, 0x68, 0x9a, 0xde,
  0xdb, 0xd7, 0xdb, 0xdb, 0x1d, 0xda, 0x15, 0x0a, 0xe0, 0x31, 0x71, 0xba, 0x9d, 0x84, 0xe8, 0xeb,
  0xfa, 0x36, 0x8a, 0x7c, 0x6e, 0x62, 0x4d, 0xc4, 0xc5, 0x0a, 0x05, 0xd3, 0x34, 0x90, 0x94, 0x4e,
  0x55, 0xc4, 0xca, 0x43, 0x2c, 0xcb, 0x1c, 0xa3, 0x18, 0x6a, 0xaa, 0x54, 0x12, 0x15, 0x9c, 0xf5,
  0xc4, 0xc5, 0x0e, 0xb6, 0x68, 0xf3, 0xf2, 0xc2, 0x9a, 0x12, 0x16, 0x4a, 0x07, 0x82, 0x5e, 0x3f,
  0xf4, 0x77, 0xf4, 0x40, 0x3e, 0x97, 0x23, 0xb3, 0x77, 0x6b, 0x01, 0xbc, 0x8f, 0xa2, 0x50, 0xd0,
  0xe5, 0x72, 0xa5, 0x7b, 0xfb, 0xfa, 0x3f, 0xda, 0xdb, 0xd7, 0x4f, 0x06, 0x54, 0x27, 0xc7, 0x27,
  0xe1, 0xdc, 0xf9, 0xb3, 0x5f, 0xaf, 0x94, 0x2b, 0x0f, 0xfa, 0xbc, 0xbe, 0x7a, 0x41, 0x08, 0x35,
  0x4e, 0xaf, 0xe9, 0x3d, 0xd6, 0x77, 0xcf, 0x85, 0x83, 0x21, 0x38, 0x7a, 0xe4, 0x30, 0x64, 0xe6,
  0x33, 0xb0, 0x75, 0xeb, 0xd6, 0xfa, 0x4e, 0xbd, 0x8c, 0x42, 0xd6, 0x33, 0x21, 0x41, 0xe1, 0xf2,
  0x01, 0x8b, 0x1c, 0x9b, 0xba, 0xf2, 0x1c, 0xc7, 0x3c, 0x30, 0x25, 0x44, 0x02, 0xbb, 0x92, 0xef,
  0xf8, 0x75, 0x27, 0x57, 0xb9, 0xd9, 0xc9, 0xc3, 0x2f, 0xbf, 0x69, 0x9a, 0x1b, 0xdd, 0x6e, 0xf7,
  0xde, 0xb7, 0xff, 0xd2, 0xed, 0x68, 0xc3, 0xb2, 0xd5, 0xe3, 0xf1, 0xa6, 0x5c, 0x2e, 0x97, 0xc0,
  0xd0, 0x2c, 0x19, 0xca, 0xe6, 0xea, 0x36, 0xd2, 0x40, 0x51, 0x16, 0x31, 0x0f, 0x2c, 0x97, 0x2b,
  0x45, 0x51, 0x2c, 0x9d, 0xd5, 0x54, 0xed, 0x80, 0xd3, 0xe9, 0x3c, 0x32, 0x31, 0x39, 0x79, 0x6a,
  0x3e, 0x33, 0x77, 0x6e, 0xdf, 0xbe, 0x7d, 0x22, 0x46, 0xb7, 0x98, 0xea, 0xa1, 0x44, 0x01, 0x3b,
  0xd4, 0x76, 0xa1, 0xfc, 0xf2, 0xc4, 0x1a, 0x8f, 0xe6, 0xd4, 0x05, 0xa4, 0xa8, 0x75, 0xd1, 0x0c,
  0x1d, 0x18, 0x6b, 0x6d, 0xee, 0x76, 0xa4, 0x5e, 0x44, 0x51, 0x10, 0x8f, 0xc7, 0xef, 0x68, 0x4b,
  0xa5, 0xb7, 0x46, 0xa2, 0x11, 0x92, 0x8e, 0x15, 0x8b, 0x85, 0x85, 0xe5, 0xe5, 0xe5, 0xcf, 0xe1,
  0x40, 0x73, 0x57, 0x32, 0xfd, 0x9a, 0x9f, 0x1f, 0x49, 0x09, 0x9f, 0x0f, 0x55, 0xee, 0xa9, 0x74,
  0x1b, 0x19, 0x98, 0xce, 0x17, 0x0a, 0xf5, 0x0e, 0x15, 0xea, 0x7c, 0x1a, 0x29, 0x61, 0x73, 0x79,
  0x26, 0x5c, 0x2d, 0x29, 0x09, 0xf5, 0xac, 0x3c, 0x03, 0x6b, 0x52, 0x89, 0x44, 0xa2, 0xcd, 0xe9,
  0x74, 0xee, 0x64, 0x68, 0x76, 0x4f, 0x20, 0x18, 0xd8, 0xcd, 0x71, 0xdc, 0x36, 0xa7, 0xc3, 0xe9,
  0xf4, 0xfa, 0xfc, 0xe4, 0x26, 0xc1, 0xf2, 0xf5, 0xe3, 0x85, 0x0e, 0x18, 0x48, 0x52, 0x8a, 0xaa,
  0x68, 0x8b, 0xd9, 0x85, 0x99, 0x52, 0x59, 0xdc, 0xef, 0x74, 0x38, 0x8f, 0xb2, 0x2c, 0x7b, 0x60,
  0xff, 0x93, 0xfb, 0x4f, 0xb8, 0x9d, 0xee, 0xf2, 0x75, 0x7b, 0xaf, 0x23, 0x24, 0x5f, 0xa9, 0x54,
  0xc9, 0x31, 0xb5, 0x67, 0xf4, 0xae, 0x0c, 0xac, 0x79, 0x4a, 0x88, 0x77, 0xbb, 0x4c, 0x6e, 0x11,
  0xce, 0x4e, 0x8d, 0x91, 0x99, 0xbb, 0xd5, 0x6f, 0x6b, 0x51, 0x50, 0xa9, 0x55, 0x60, 0xa0, 0xbb,
  0x37, 0xd0, 0xd3, 0xd5, 0x7d, 0x17, 0xfa, 0x5b, 0xe9, 0x9a, 0x0e, 0x85, 0x42, 0x1e, 0x8e, 0x3c,
  0x73, 0xf8, 0x1f, 0x46, 0xce, 0x8e, 0x9c, 0x47, 0x1d, 0x15, 0x43, 0xbf, 0x7a, 0x32, 0x25, 0xab,
  0xe3, 0x4d, 0x93, 0x48, 0x22, 0x52, 0x6d, 0x29, 0x48, 0xa7, 0xd2, 0xc0, 0x36, 0x48, 0xaa, 0xa9,
  0x98, 0xbe, 0x5a, 0xef, 0xf2, 0x64, 0x2f, 0xa3, 0xa2, 0x51, 0x34, 0x4d, 0xf7, 0x79, 0x3c, 0x9e,
  0xeb, 0x74, 0x5d, 0xbf, 0xe1, 0x8e, 0x77, 0xfd, 0xea, 0x3e, 0x9a, 0xa1, 0x3a, 0x38, 0x96, 0x27,
  0x53, 0x10, 0xa8, 0x89, 0xaa, 0x9b, 0x07, 0xd2, 0x24, 0xfa, 0x42, 0x85, 0x7e, 0x45, 0xa9, 0x48,
  0xa5, 0x92, 0x78, 0x6a, 0x7e, 0x6e, 0xfe, 0xd1, 0x62, 0xb1, 0xf0, 0xf3, 0x9e, 0x9e, 0xee, 0x43,
  0x47, 0x8e, 0x3d, 0x33, 0xbf, 0x65, 0xe3, 0x66, 0x88, 0x86, 0x23, 0x17, 0x9e, 0xbf, 0x69, 0x09,
  0xf4, 0x62, 0x82, 0x5e, 0x1b, 0x97, 0x27, 0xd6, 0x9c, 0xb0, 0xf0, 0x44, 0xec, 0x69, 0xef, 0x24,
  0xdb, 0x6f, 0x6b, 0x92, 0x4c, 0xe6, 0xee, 0x56, 0x13, 0x44, 0xd5, 0xae, 0x05, 0x21, 0x9d, 0x4c,
  0x7d, 0x24, 0x91, 0x68, 0xdd, 0x4a, 0x36, 0x07, 0x67, 0x17, 0x60, 0x7c, 0x7c, 0xfc, 0xb1, 0x63,
  0xcf, 0x3c, 0xf3, 0x3f, 0x8f, 0x3e, 0x73, 0x14, 0x82, 0xb8, 0xc2, 0xfc, 0x55, 0xcb, 0x2d, 0x29,
  0xd0, 0x14, 0x85, 0x6c, 0x91, 0xe9, 0xed, 0xe9, 0x85, 0x78, 0x4b, 0x9c, 0x5c, 0x80, 0x98, 0x9a,
  0x5c, 0x8d, 0x40, 0xa5, 0x7d, 0x23, 0xdd, 0x8b, 0xea, 0x86, 0xbe, 0xcd, 0xed, 0x74, 0xed, 0x74,
  0x3b, 0xdd, 0xd7, 0xfb, 0xfc, 0xbe, 0x0d, 0x82, 0xe0, 0x4c, 0xe2, 0xe7, 0x8e, 0x7a, 0x28, 0xba,
  0xb1, 0x0a, 0x1d, 0x09, 0x8d, 0x74, 0xf3, 0x14, 0xf4, 0x2d, 0xd7, 0x32, 0x95, 0x72, 0xf9, 0x48,
  0x2e, 0x5f, 0x78, 0x84, 0xe7, 0xf9, 0x27, 0x5d, 0x6e, 0xe7, 0xf1, 0x91, 0x53, 0x23, 0xe5, 0xc9,
  0xe9, 0x29, 0xd8, 0xb6, 0x6d, 0xeb, 0x73, 0xc6, 0x5d, 0xec, 0x62, 0xf9, 0x95, 0x8d, 0x35, 0x27,
  0x2c, 0x45, 0x53, 0x20, 0xd5, 0x92, 0x20, 0x51, 0x4d, 0x26, 0xbb, 0x48, 0xcc, 0xee, 0x56, 0x13,
  0xaa, 0xa6, 0x83, 0xcf, 0xe3, 0xe9, 0x18, 0xda, 0xb0, 0xf1, 0x13, 0x81, 0x70, 0x88, 0xa4, 0x28,
  0x33, 0x33, 0x33, 0xe5, 0xf9, 0xf9, 0xb9, 0x4f, 0x03, 0x45, 0xd5, 0x7c, 0x1e, 0xdf, 0x05, 0xdd,
  0xce, 0xab, 0x01, 0xee, 0x2a, 0x0c, 0xa7, 0x52, 0x30, 0x34, 0x38, 0x08, 0xdd, 0x1d, 0x9d, 0xe4,
  0x79, 0x73, 0xcb, 0x39, 0x52, 0x1b, 0xbb, 0x92, 0x41, 0xa4, 0x16, 0xa6, 0x79, 0x21, 0x7a, 0xb4,
  0x2c, 0x2b, 0x6d, 0x59, 0x56, 0xff, 0xdb, 0x6e, 0x7f, 0xf3, 0xf6, 0x60, 0x30, 0xb4, 0xdd, 0xe5,
  0x72, 0x0e, 0xba, 0xdd, 0x9e, 0x2e, 0xaf, 0xc7, 0xe3, 0x40, 0x02, 0xc7, 0xba, 0x12, 0x11, 0x61,
  0x6a, 0x06, 0x18, 0x26, 0x0a, 0x37, 0x91, 0xa4, 0x94, 0x25, 0xc3, 0x34, 0x4e, 0x89, 0xe5, 0xf2,
  0x91, 0x62, 0xb1, 0xf8, 0xc4, 0x7c, 0x36, 0x73, 0xbc, 0x27, 0xdd, 0x39, 0x59, 0x2c, 0x16, 0x35,
  0xd4, 0xc5, 0x61, 0x8a, 0x87, 0xb5, 0x3d, 0xb4, 0xa6, 0xb6, 0xed, 0x70, 0xae, 0x2e, 0xac, 0x39,
  0x61, 0xa1, 0x7f, 0x14, 0xba, 0x05, 0xcc, 0x64, 0xe6, 0x81, 0x32, 0x01, 0x78, 0xf7, 0xea, 0x58,
  0xb1, 0x34, 0x8b, 0xbc, 0xe8, 0x18, 0xd1, 0xd6, 0xd6, 0xf6, 0x9f, 0xe2, 0x89, 0x04, 0xda, 0x84,
  0x10, 0x1b, 0xe0, 0x4c, 0x66, 0xfe, 0x3b, 0x53, 0xd3, 0xd3, 0x8f, 0xa1, 0x49, 0x5f, 0x34, 0x12,
  0x25, 0x6b, 0xca, 0x5f, 0xe1, 0xb3, 0x5e, 0xd8, 0xe2, 0x8b, 0x17, 0xe1, 0x52, 0x31, 0x07, 0x3e,
  0xaf, 0x97, 0x78, 0x21, 0x35, 0x2f, 0xcc, 0x2b, 0x0d, 0x4d, 0x05, 0x3f, 0x11, 0x61, 0x62, 0x1d,
  0x92, 0x61, 0x82, 0x34, 0x43, 0xf7, 0x9a, 0x86, 0xb1, 0xd3, 0xe3, 0xf5, 0x6c, 0xf6, 0x7a, 0xbd,
  0xfb, 0x3c, 0x5e, 0x6f, 0x7b, 0x7f, 0x5f, 0x9f, 0x0b, 0x9b, 0xab, 0x3c, 0x71, 0x38, 0xa8, 0xef,
  0xce, 0xd3, 0x4d, 0x8d, 0xd8, 0x2c, 0x57, 0xca, 0x65, 0xb5, 0x5a, 0xab, 0xa1, 0x4f, 0x14, 0xee,
  0xcf, 0xdb, 0xcf, 0x30, 0xcc, 0xe3, 0x1e, 0x8f, 0x67, 0x54, 0xd3, 0xb4, 0x2a, 0xd6, 0xb7, 0x70,
  0xc0, 0x9c, 0x65, 0xd9, 0xcb, 0x7e, 0xe3, 0x8b, 0x8d, 0xd7, 0x8f, 0x75, 0xa3, 0xc3, 0x42, 0x35,
  0x31, 0x16, 0xa6, 0x71, 0x2e, 0xce, 0x7c, 0x8d, 0xb2, 0x81, 0x57, 0x03, 0x3c, 0xe9, 0xdd, 0x6e,
  0x0f, 0xce, 0xdd, 0x5d, 0x13, 0x6f, 0x89, 0x7f, 0x20, 0xe0, 0xf7, 0x43, 0xad, 0x26, 0xc1, 0xcc,
  0xf4, 0xcc, 0xcc, 0xd4, 0xe4, 0xc4, 0x3f, 0xd4, 0xca, 0xe5, 0xba, 0x5f, 0x36, 0xc3, 0xbe, 0xa2,
  0x74, 0xb0, 0x39, 0xdf, 0x87, 0xdd, 0xbd, 0x50, 0x38, 0x4c, 0x5a, 0xe6, 0x85, 0x93, 0x25, 0xb2,
  0x6c, 0xc3, 0xc1, 0xbf, 0xfa, 0x08, 0x6d, 0xbd, 0x83, 0xc8, 0x0d, 0x30, 0xbd, 0xa5, 0x41, 0x48,
  0xa5, 0x92, 0x29, 0xf4, 0x2a, 0xa7, 0x28, 0x6a, 0x78, 0xe3, 0xd6, 0x2d, 0xd7, 0xb1, 0x2c, 0xd7,
  0xcb, 0x72, 0x9c, 0x8f, 0xac, 0x4b, 0x47, 0xef, 0xc3, 0x86, 0x57, 0x39, 0x63, 0xd5, 0x27, 0x09,
  0x50, 0x04, 0x5b, 0x29, 0x57, 0x16, 0x6a, 0x92, 0xfc, 0x0c, 0x4d, 0x51, 0x47, 0x25, 0xa9, 0x76,
  0x50, 0xd1, 0x94, 0x43, 0x4f, 0x3e, 0xf5, 0xd4, 0xcc, 0x96, 0x8d, 0x9b, 0x20, 0x12, 0x89, 0x90,
  0xfa, 0x53, 0x53, 0xb4, 0xf9, 0x5a, 0x75, 0x6f, 0x36, 0xae, 0x3c, 0xac, 0x13, 0xc2, 0xaa, 0xcf,
  0xbb, 0xcd, 0x66, 0xe6, 0x40, 0xcc, 0xe5, 0x57, 0xe5, 0x15, 0xb1, 0x2b, 0xb5, 0x77, 0xef, 0x3e,
  0xba, 0xbd, 0x7d, 0xc3, 0xef, 0x44, 0x22, 0xd1, 0x18, 0xa6, 0x19, 0xf3, 0x0b, 0x19, 0x28, 0x14,
  0x72, 0x9f, 0xcf, 0x65, 0x16, 0x8e, 0xa2, 0x44, 0xd3, 0x7c, 0xc5, 0xc3, 0xac, 0xa8, 0xe1, 0x32,
  0x08, 0xe1, 0xa2, 0x7b, 0x27, 0x76, 0x15, 0xcd, 0x46, 0x5a, 0x74, 0xa5, 00, 0x95, 0xfd, 0x18,
  0xed, 0x34, 0x48, 0x39, 0x05, 0x14, 0x6c, 0xe6, 0x04, 0x6e, 0xd8, 0xe3, 0xf5, 0xec, 0x7a, 0xcf,
  0x7b, 0xdf, 0xbd, 0x19, 0x80, 0x4a, 0x7a, 0xbc, 0x1e, 0xf0, 0x78, 0xbc, 0x24, 0x85, 0xc6, 0x9b,
  0x8e, 0x61, 0x68, 0xc4, 0xdd, 0x40, 0x56, 0x25, 0xd4, 0x90, 0x99, 0x92, 0x54, 0x3d, 0x5b, 0x16,
  0xcb, 0x07, 0x55, 0x4d, 0x7b, 00, 0xc0, 0x3c, 0xaa, 0xaa, 0xc6, 0x29, 0x24, 0xf6, 0x95, 0x75,
  0x27, 0xbb, 0x06, 0x65, 0xe3, 0xa5, 0xb0, 0xae, 0x94, 0xee, 0xcd, 0xae, 0x0e, 0xd9, 0x55, 0x78,
  0x29, 0x5f, 0x08, 0xc7, 0x64, 0x14, 0x05, 0x57, 0xca, 0xbf, 0xa9, 0x3d, 0xdd, 0x7e, 0x47, 0xa2,
  0xb5, 0x15, 0xd3, 0x12, 0x98, 0x99, 0x9a, 0x7a, 0xf8, 0xfb, 0xdf, 0xff, 0xe1, 0xbf, 0x64, 0x66,
  0x66, 0xc9, 0x26, 0x92, 0x97, 0x7b, 0x13, 0xcd, 0xc9, 0x1c, 0xec, 0x5e, 0x61, 0x41, 0xf9, 0xd6,
  0xdb, 0xdf, 0x0a, 0x6e, 0x9f, 0x17, 0xf2, 0xcb, 0xab, 0x43, 0xba, 0xab, 0x01, 0x12, 0x49, 0x99,
  0x86, 0x4b, 0xd5, 0xd5, 0xcd, 0xa1, 0x70, 0x68, 0xa7, 0xd3, 0xe5, 0xba, 0xd9, 0xe3, 0x72, 0x6d,
  0x70, 0xb9, 0xdc, 0x7d, 0x0e, 0xa7, 0xab, 0xbe, 0x37, 0xaf, 0x29, 0xda, 0xa4, 0xea, 0xa4, 0x56,
  0x2e, 0x95, 0x88, 0x35, 0x8f, 0x6e, 0xe8, 0xd3, 0xa5, 0x52, 0xe9, 0x64, 0xa5, 0x5a, 0x7d, 0xd4,
  0x21, 0x38, 0x0e, 0x98, 0xa6, 0x71, 0xae, 0x5c, 0x2e, 0xcf, 0xa3, 00, 0x17, 0x57, 0x59, 0xe9,
  0xfa, 0x73, 0x09, 0xdd, 0x26, 0x2a, 0x1b, 0x2f, 0x87, 0x75, 0x43, 0x58, 0x56, 0x7d, 0xdf, 0x17,
  0xa0, 0xc2, 0xdc, 0xc3, 0xf1, 0x84, 0xb4, 0x2e, 0x05, 0xa8, 0x86, 0x12, 0x3a, 0x30, 0x10, 0x72,
  0x0e, 0x0e, 0x6e, 0xfc, 0x9d, 0x44, 0x22, 0xe9, 0x42, 0xd7, 0x85, 0x5c, 0x6e, 0x59, 0x9a, 0x9e,
  0x99, 0xfe, 0xcb, 0x83, 0x07, 0x0f, 0x97, 0x8a, 0x62, 0x11, 0x1c, 0x9c, 0xe3, 0x65, 0x5f, 0x1d,
  0xdf, 0x23, 0xa6, 0xb2, 0x43, 0xfd, 0x7d, 0x30, 0xbc, 0x67, 0x98, 0x6c, 0x83, 0x2e, 0xe4, 0x0b,
  0x97, 0xed, 0x85, 0xd7, 0x2c, 0x94, 0x9b, 0x96, 0xc5, 0x59, 0x96, 0xd5, 0x63, 0x9a, 0xe6, 0x1e,
  0x81, 0x17, 0xb6, 0xc7, 0x23, 0xf1, 0x61, 0xb7, 0xdb, 0xd5, 0xe3, 0xf5, 0xfa, 0x83, 0x34, 0x50,
  0x64, 0x60, 0x9d, 0x74, 0xf4, 0xa8, 0xc6, 0x1e, 0x3c, 0x8a, 0x42, 0x2b, 0x60, 0x74, 0x30, 0x5d,
  0x54, 0x34, 0x79, 0xc4, 0x30, 0xcc, 0xc7, 0x0b, 0x85, 0xfc, 0x33, 0x62, 0x51, 0x3c, 0x1a, 0x8a,
  0x84, 0x66, 0x65, 0x45, 0x56, 0xea, 0xeb, 0xac, 0xd8, 0x67, 0x77, 0xe7, 0xd9, 0xb0, 0xf1, 0x1a,
  0xb0, 0xbe, 0x66, 0x09, 0x71, 0x49, 0xa7, 0xc3, 0x01, 0x6e, 0xc1, 0x71, 0xc9, 0x16, 0xe9, 0x10,
  0x2b, 0x61, 0x96, 0x85, 0x81, 0xfe, 0x81, 0x5f, 0x6d, 0x6f, 0xef, 0x78, 0x0b, 0xce, 0x9e, 0x2d,
  0x2d, 0x2d, 0xc1, 0xd4, 0xe4, 0xe4, 0x4f, 0xaa, 0xd5, 0xea, 0xfd, 0x89, 0x44, 0x0b, 0xd9, 0x1c,
  0xf3, 0xf2, 0x75, 0x13, 0x54, 0x57, 0xd7, 0x60, 0xd7, 0xee, 0x61, 0xe8, 0xef, 0xe9, 0x04, 0x87,
  0xcb, 0x79, 0xe1, 0xf9, 0x2f, 0x17, 0x3c, 0x3b, 0xf6, 0x82, 0x1e, 0xe4, 0x86, 0x87, 0xa2, 0xa8,
  0x6e, 0xcb, 0xb2, 0xae, 0xf7, 0xf9, 0x7c, 0x37, 0xb0, 0x2c, 0xbb, 0xcf, 0xed, 0x76, 0xc7, 0xdc,
  0x2e, 0x0f, 0x85, 0x9d, 0x4d, 0xe2, 0x4e, 0x6a, 0xd5, 0xed, 0x6d, 0x90, 0x70, 0x34, 0x55, 0x85,
  0x62, 0x71, 0xa9, 0x5a, 0x93, 0x6a, 0x73, 0x95, 0x72, 0xf9, 0x80, 0xc3, 0xe5, 0x3c, 0x34, 0x7e,
  0xee, 0xdc, 0x83, 0x3e, 0x9f, 0x7f, 0x32, 0xdd, 0xd5, 0x59, 0x33, 0x1a, 0x2b, 0xac, 0x9a, 0xf6,
  0x2b, 0x75, 0x92, 0xb2, 0x8b, 0xe5, 0x36, 0x5e, 0x1f, 0xd6, 0x15, 0x61, 0xa1, 0xda, 0x5c, 0xd6,
  0x35, 0x28, 0x9a, 0x26, 0x04, 0x38, 0x01, 0xac, 0xc6, 0x06, 0x9a, 0x8b, 0x05, 0xb2, 0xb5, 0xb9,
  0x52, 0x85, 0x68, 0x4b, 0xdc, 0xd3, 0xd1, 0xdd, 0xfd, 0x5b, 0x1e, 0xb7, 0x87, 0x74, 0xb6, 0xca,
  0xe5, 0xb2, 0x96, 0x5d, 0xcc, 0x7e, 0xae, 0x22, 0x8a, 0xf0, 0xe6, 0x37, 0xdf, 0xf2, 0x8a, 0x5e,
  0x0d, 0x47, 0x41, 0x70, 0xe1, 0x68, 0x7b, 0x47, 0x3b, 0x8c, 0x9d, 0x3d, 0x07, 0xba, 0x69, 0x82,
  0x2f, 0x10, 0xbc, 0xb4, 0x07, 0xe8, 0x22, 0xc1, 0x68, 0x2c, 0xd6, 0xa0, 0x28, 0x2a, 0x81, 0x2e,
  0x9b, 0x34, 0x45, 0x5f, 0xeb, 0xf0, 0xb8, 0xf6, 0x84, 0xc3, 0xd1, 0x41, 0x86, 0x65, 0x23, 0x48,
  0xd8, 0xa8, 0xc2, 0xc7, 0xe5, 0x9e, 0x44, 0x4f, 0xa6, 0x29, 0xa0, 0xc9, 0x3a, 0x48, 0x55, 0xc9,
  0xaa, 0xd6, 0xaa, 0x93, 0x85, 0x42, 0xe1, 0x88, 0xae, 0xa9, 0x87, 0xbc, 0x3e, 0xff, 0xc1, 0x85,
  0x85, 0x85, 0x91, 0x9f, 0x3d, 0xf8, 0xf0, 0xfc, 0xfb, 0x3e, 0xf0, 0x1e, 0x22, 0xe5, 0xb0, 0xac,
  0x67, 0x6d, 0x58, 0x6c, 0x0b, 0x66, 0x1b, 0x17, 0x1b, 0xeb, 0xce, 0xad, 0x81, 0xac, 0x9e, 0x12,
  0x1c, 0x60, 0x30, 0x0c, 0x54, 0x6b, 0xb5, 0x8b, 0x2a, 0x05, 0x40, 0x31, 0x22, 0x23, 0xb0, 0x90,
  0x48, 0xa6, 0xde, 0x19, 0x8b, 0xc5, 0xb7, 0x63, 0x1d, 0x05, 0xdb, 0xea, 0x67, 0xce, 0x9c, 0xfe,
  0xe6, 0xe1, 0xc3, 0x87, 0x1f, 0x6d, 0x2e, 0x0a, 0x7d, 0x31, 0x20, 0xe1, 0x29, 0xaa, 0x42, 0x9c,
  0x28, 0xfb, 0x7a, 0xfb, 0x1b, 0x26, 0x6e, 0x7a, 0xc3, 0x57, 0x7d, 0xfd, 0xa6, 0x39, 0x0d, 0x0b,
  0x16, 0x7c, 0x9f, 0x5e, 0x5d, 0xd7, 0x37, 0x39, 0x9c, 0x8e, 0xcd, 0x1c, 0xcf, 0xdd, 0x10, 0x8d,
  0x84, 0x37, 0xb3, 0x2c, 0x3f, 0x28, 0xf0, 0x0e, 0x70, 0x7b, 0xdc, 0x40, 0xb3, 0xf5, 0x8e, 0x1e,
  0x16, 0xcc, 0x65, 0xd2, 0x38, 0x20, 0x66, 0x81, 0x4b, 0xc5, 0x62, 0xf1, 0x74, 0xb1, 0x20, 0x1e,
  0xd6, 0x0c, 0xed, 0x51, 0x97, 0xdb, 0x71, 0xe4, 0xe4, 0xe9, 0x93, 0x33, 0xaa, 0x24, 0xc1, 0x9b,
  0xde, 0xf2, 0x56, 0x72, 0x0c, 0x9a, 0x11, 0x94, 0x3d, 0xfe, 0x62, 0xe3, 0x52, 0x63, 0xfd, 0x11,
  0x96, 0x69, 0x82, 0xe0, 0x74, 0x82, 0x6a, 0x68, 0x90, 0x93, 0x2a, 0x64, 0x69, 0xc2, 0xc5, 0x89,
  0xb2, 0x28, 0xa2, 0x17, 0x4a, 0xc4, 0xe3, 0x9e, 0x81, 0xc1, 0xc1, 0x8f, 0x45, 0xa3, 0x51, 0x06,
  0x1d, 0x23, 0xe7, 0xe7, 0xe7, 0x97, 0xc7, 0xc6, 0xc7, 0xff, 0xea, 0xc8, 0xd1, 0xc3, 0x96, 0xdf,
  0x1f, 0x78, 0xf1, 0x94, 0x8e, 0x02, 0xf2, 0xfb, 0x38, 0x5e, 0xd3, 0xd3, 0xdb, 0x4b, 0x1c, 0x3f,
  0x0b, 0x85, 0xc2, 0xfa, 0x4a, 0x72, 0x56, 0xbc, 0x99, 0xba, 0x2e, 0xca, 0x10, 0x0c, 0xc3, 0xe8,
  0xa6, 0x69, 0x7a, 0x7b, 0x24, 0x12, 0xd9, 0xe5, 0x76, 0xbb, 0x77, 0xf8, 0xbc, 0xbe, 0x21, 0xaf,
  0xcf, 0xe7, 0xc1, 0xa1, 0x61, 0x01, 0x15, 0xe2, 0x8d, 0x21, 0x60, 0x8c, 0x34, 0x2b, 0x15, 0x11,
  0xd3, 0x5c, 0x4b, 0x55, 0x94, 0xb1, 0x6a, 0xad, 0xb6, 0x3f, 0x9f, 0xcf, 0x3f, 0x98, 0xc9, 0xcc,
  0x3f, 0xb3, 0x75, 0xeb, 0xd6, 0xd1, 0x72, 0xa5, 0x2c, 0x93, 0xda, 0x15, 0xc3, 0x12, 0x4d, 0x19,
  0x0e, 0x81, 0xdb, 0x7a, 0x28, 0x1b, 0xab, 0x8d, 0x75, 0xe9, 0x87, 0x85, 0x82, 0xce, 0xce, 0xf6,
  0x0e, 0xf0, 0xbb, 0x7d, 0x24, 0xa2, 0xb9, 0x18, 0xbb, 0x0b, 0xad, 0x86, 0xcc, 0xa0, 0xa7, 0xab,
  0xfb, 0xd7, 0xfc, 0x81, 0xc0, 0x1e, 0xec, 0x54, 0x2d, 0x2f, 0xcd, 0xa1, 0xdf, 0xd5, 0x17, 0x18,
  0x86, 0x3e, 0x15, 0x08, 0x84, 0xc0, 0xd5, 0xa8, 0x43, 0xbd, 0x10, 0x90, 0xac, 0x86, 0x06, 0x87,
  0x60, 0xf8, 0x9a, 0x61, 0x70, 0x7a, 0x5c, 0xe8, 0x50, 0x59, 0xb7, 0x3b, 0x5e, 0x63, 0x90, 0x71,
  0x97, 0x86, 0x99, 0x9f, 0x05, 0x96, 0x1b, 0x8b, 0xe5, 0xba, 0xae, 0x6f, 0x0f, 0x04, 0x02, 0x1b,
  0x82, 0x41, 0xff, 0x0e, 0x8f, 0xc7, 0xbb, 0xc1, 0x21, 0x38, 0xe3, 0x18, 0x4d, 0x62, 0xf4, 0x83,
  0x85, 0x6f, 0x9a, 0x65, 0x80, 0xb2, 0x28, 0xa8, 0x4a, 0x12, 0xd9, 0xb2, 0x23, 0x4b, 0xd2, 0x9c,
  0x24, 0xd7, 0x8e, 0xd0, 0x34, 0xfb, 0xcc, 0xf4, 0xf8, 0xc4, 0xd3, 0x16, 0x98, 0x47, 0x12, 0xa9,
  0xb6, 0x79, 0x74, 0x89, 0x98, 0x9d, 0x9f, 0x83, 0x5d, 0x3b, 0x77, 0x5d, 0xd0, 0x45, 0xd9, 0xb0,
  0xb1, 0x96, 0x58, 0x97, 0x84, 0x85, 0x05, 0x5b, 0x74, 0xe6, 0x44, 0x17, 0x87, 0x72, 0xb9, 0x72,
  0x51, 0xd2, 0x0c, 0xd4, 0x49, 0xf1, 0xbc, 0x10, 0xeb, 0xea, 0xec, 0xfa, 0x78, 0x30, 0x18, 0x24,
  0x17, 0xea, 0xd2, 0xf2, 0xd2, 0xf4, 0xd4, 0xf4, 0xf4, 0xff, 0x75, 0xb9, 0x3d, 0xf0, 0xc6, 0x37,
  0xbe, 0xe9, 0x45, 0x65, 0x0c, 0xd8, 0x45, 0xc4, 0x0b, 0x36, 0x14, 0x0a, 0x80, 0x26, 0xe9, 0x64,
  0xb7, 0x1c, 0xb3, 0x06, 0xe9, 0x0f, 0xd5, 0x90, 0x0d, 0xa0, 0x24, 0xa3, 0xd1, 0xd1, 0xe3, 0x05,
  0x41, 0x68, 0x63, 0x68, 0x7a, 0x07, 0x45, 0x51, 0xdb, 0x92, 0xc9, 0xe4, 0x8d, 0x82, 0x20, 0x74,
  0xbb, 0xdd, 0xee, 0x90, 0xc7, 0xe3, 0xa1, 0xd0, 0xf3, 0x09, 0xad, 0x58, 0x28, 0x8a, 0x21, 0xe9,
  0x1d, 0xa6, 0xc4, 0x58, 0x2c, 0x2f, 0x17, 0x8b, 0x62, 0xad, 0x5a, 0x1b, 0xb1, 0x2c, 0xf3, 0x68,
  0x4d, 0xaa, 0x3d, 0x5a, 0xab, 0x49, 0x07, 0x7e, 0xfa, 0x93, 0x07, 0x66, 0x6e, 0xbb, 0xfd, 0x6d,
  0x9a, 0xae, 0x6b, 0xf5, 0x7d, 0x8c, 0x5c, 0x7d, 0x13, 0x90, 0xf3, 0x22, 0x2c, 0xce, 0xb0, 0x61,
  0xe3, 0x62, 0x61, 0x5d, 0x12, 0x16, 0xe9, 0x42, 0x69, 0x1a, 0xc4, 0xa2, 0x51, 0xb0, 0xb4, 0xfa,
  0xde, 0x3d, 0x2c, 0x70, 0xbf, 0x96, 0x0b, 0xa7, 0xf9, 0x5c, 0xb8, 0xd1, 0xa4, 0x35, 0x95, 0xf8,
  0x40, 0x30, 0x14, 0xdc, 0x86, 0x69, 0xcd, 0xf2, 0xf2, 0x32, 0x2c, 0xcc, 0xcf, 0xfd, 0x93, 0xa6,
  0xaa, 0x93, 0x58, 0x60, 0x16, 0x88, 0x1a, 0x7d, 0xe5, 0xf3, 0x53, 0xa4, 0x7b, 0x66, 0xa0, 00,
  0x52, 0xd5, 0xc1, 0xeb, 0x77, 0x93, 0xf7, 0x81, 0x1e, 0x5e, 0xcc, 0x2a, 0xcf, 0x3b, 0x42, 0x63,
  0xf9, 0x44, 0x7d, 0x6d, 0x97, 0x3b, 0x12, 0x8b, 0xc5, 0x36, 0x5a, 0xa6, 0xb1, 0xc7, 0xed, 0xf1,
  0xec, 0xd8, 0xb2, 0x7d, 0xc7, 0x35, 0x3c, 0xcf, 0x75, 0x3a, 0x5d, 0xee, 0x86, 0x55, 0x4f, 0x5d,
  0x3a, 0x80, 0x8b, 0x28, 0xf0, 0xf1, 0x55, 0x55, 0x24, 0x51, 0xaa, 0x54, 0x93, 0x26, 0xc5, 0x8a,
  0x78, 0x9c, 0xa1, 0xe8, 0x47, 0x0c, 0xc3, 0x38, 0xac, 0x1b, 0xfa, 0x33, 0x3e, 0xaf, 0x4f, 0x6c,
  0x3e, 0x3f, 0x92, 0x60, 0xd3, 0xe1, 00, 0x6d, 0x70, 0x6c, 0x92, 0xb2, 0xb1, 0x1e, 0xb1, 0xee,
  0x2d, 0x92, 0x13, 0xc9, 0x04, 0xcc, 0x65, 0x32, 0x70, 0x7e, 0x6a, 0x8c, 0x44, 0x5c, 0xaf, 0x16,
  0x38, 0xa7, 0x18, 0xf2, 0x07, 0x20, 0x12, 0x8e, 0xf4, 0x85, 0x23, 0xd1, 0x4f, 0x84, 0x42, 0x61,
  0x50, 0x14, 0x19, 0x26, 0xa7, 0xc6, 0x9f, 0x9c, 0x9f, 0xcf, 0xfc, 0x13, 0xc6, 0x48, 0x34, 0x8e,
  0xff, 0xad, 0x74, 0x51, 0xa0, 0xea, 0x51, 0x15, 0xcd, 0x30, 0xe0, 0xe0, 0x79, 0x62, 0xb1, 0x8b,
  0x04, 0xb0, 0xda, 0x83, 0xb6, 0x4d, 0xdf, 0x76, 0xdd, 0x30, 0xfa, 0xfd, 0x7e, 0xdf, 0x30, 0xcf,
  0xf3, 0x37, 0x6e, 0x1c, 0xda, 0xb8, 0xcd, 0xe5, 0x74, 0x6e, 0x45, 0xd5, 0x1a, 0x6e, 0x6f, 0x71,
  0x08, 0xce, 0xc6, 0x92, 0x4e, 0xab, 0x41, 0x52, 0x12, 0x21, 0x68, 0x55, 0x55, 0x0b, 0x95, 0xb2,
  0x78, 0xb6, 0x5c, 0x2d, 0x3f, 0x49, 0xd3, 0xcc, 0x7e, 0xc3, 0x30, 0x8e, 0x2c, 0x2d, 0x2d, 0x4d,
  0x60, 0x9d, 0x0e, 0x67, 0x26, 0x31, 0xda, 0xba, 0xb0, 0x60, 0xb5, 0x41, 0x54, 0x36, 0x6c, 0xac,
  0x77, 0xac, 0x5b, 0xc2, 0xc2, 0x8b, 0x15, 0x2f, 0xa4, 0x64, 0x5b, 0x12, 0xa6, 0x17, 0x66, 0xe1,
  0xec, 0xc4, 0x79, 0x72, 0xa1, 0xbd, 0xe4, 0x2e, 0xf6, 0x5f, 0x7c, 0x12, 0xa8, 0x49, 0x12, 0xf4,
  0x77, 0x75, 0xc3, 0xe0, 0x86, 0x81, 0x4f, 0xb6, 0xb6, 0x92, 0x99, 0x37, 0xc8, 0xe5, 0x72, 0xda,
  0xc4, 0xd8, 0xf8, 0xdf, 0x94, 0xc4, 0x62, 0x99, 0x7f, 0x81, 0x39, 0x3f, 0xac, 0x0b, 0x61, 0xc4,
  0x15, 0x0e, 0xf8, 0x48, 0x6a, 0x84, 0xb3, 0x6f, 0x97, 0x32, 0xe2, 0x68, 0x3e, 0x77, 0x43, 0x6e,
  0x40, 0x59, 0x96, 0xd5, 0x61, 0x18, 0xc6, 0x46, 0x86, 0x61, 0x36, 0x7a, 0x3c, 0x9e, 0x3d, 0x3e,
  0xaf, 0xf7, 0x9a, 0x54, 0x6b, 0x32, 0x85, 0x91, 0x20, 0x4f, 0x94, 0xe5, 0x2c, 0x39, 0x0e, 0x64,
  0x46, 0x8f, 0x82, 0xfa, 00, 0x71, 0x55, 0x94, 0xa4, 0x9a, 0x74, 0xbe, 0x26, 0xd5, 0x9e, 0x2a,
  0x16, 0x8b, 0x87, 0x2d, 0xd3, 0x3c, 0xec, 0xf3, 0xfb, 0x47, 0xab, 0x55, 0xa9, 0xe4, 0xf7, 0xfb,
  0x48, 0xf0, 0x48, 0xea, 0x57, 0x76, 0x1d, 0xca, 0xc6, 0x65, 0x8c, 0x75, 0x1f, 0x61, 0x29, 0xb2,
  0x42, 0xcc, 0xf3, 0x02, 0x3e, 0x3f, 0x71, 0x76, 0xc0, 0x74, 0xe5, 0x95, 0x50, 0x96, 0xd5, 0x70,
  0x82, 0xc0, 0x6f, 0x82, 0x81, 0xd0, 0x9b, 0x93, 0xa9, 0xb6, 0xbb, 0x62, 0xb1, 0x28, 0x94, 0xcb,
  0x22, 0x2c, 0x64, 0x17, 0x1e, 0xa8, 0x56, 0x6b, 0xf7, 0xa8, 0xaa, 0xf6, 0x1c, 0xbf, 0xc0, 0xba,
  0xca, 0xdb, 0x04, 0x9e, 0xe5, 0xc1, 0x89, 0x66, 0x82, 0x14, 0x5c, 0x74, 0xff, 0x2a, 0xaa, 0xe1,
  0x1d, 0xdf, 0xdc, 0x9d, 0xd7, 0x90, 0x44, 0xb8, 0xab, 0xd5, 0xea, 0x35, 0x03, 0x03, 0x03, 0x7b,
  0x19, 0x86, 0xb9, 0xd1, 0xe3, 0xf1, 0x6c, 0x11, 0x04, 0x47, 0xc8, 0xe9, 0x70, 0x0a, 0xbc, 0x50,
  0xef, 0xcc, 0xd1, 0x14, 0x4b, 0x22, 0x28, 0x54, 0x9a, 0xe3, 0xcc, 0x62, 0x49, 0xc4, 0xc1, 0x6a,
  0x39, 0x0b, 0x16, 0xe0, 0xdc, 0xe3, 0x53, 0xc7, 0x4e, 0x9d, 0xb8, 0x2f, 0x18, 0x0c, 0x8c, 0x47,
  0xc3, 0x91, 0x65, 0x09, 0x8f, 0x19, 0x45, 0x11, 0xd2, 0xc5, 0x0d, 0xd0, 0x36, 0x6c, 0x5c, 0x29,
  0x58, 0xf7, 0x84, 0x85, 0x9b, 0x77, 0x93, 0x89, 0x56, 0x48, 0xb7, 0xa6, 0xe0, 0x07, 0xf7, 0xfc,
  00, 0xe6, 0x33, 0x19, 0x52, 0x08, 0x7e, 0x39, 0x20, 0x21, 0xa0, 0xf1, 0xde, 0xf0, 0x8e, 0x61,
  0x67, 0x4f, 0x5f, 0xdf, 0x9f, 0xc6, 0x5b, 0x12, 0x1c, 0xcb, 0x72, 0x90, 0xcb, 0xe5, 0x95, 0x99,
  0xa9, 0xa9, 0x7f, 0x94, 0x25, 0x49, 0x77, 0x3f, 0xcf, 0x9b, 0x0a, 0xc9, 0x0b, 0x23, 0xaa, 0x60,
  0x30, 0x44, 0x88, 0xaa, 0xee, 0x32, 0x70, 0xf1, 0x0a, 0xeb, 0x4d, 0x3b, 0x60, 0x8e, 0xe3, 0x38,
  0xbf, 0xcf, 0x97, 0x06, 0xb0, 0xb6, 0xf1, 0x02, 0x7f, 0xed, 0xf6, 0x2d, 0x5b, 0x77, 0xf2, 0xbc,
  0x30, 0x18, 0xf0, 0xfb, 0x03, 0x82, 0x43, 0x20, 0xd1, 0x13, 0xbb, 0x62, 0x49, 0x45, 0xfd, 0x38,
  0x54, 0x51, 0xac, 0x5a, 0xac, 0x54, 0x2a, 0xa3, 0xaa, 0xaa, 0x9d, 0x06, 0xca, 0x7a, 0x78, 0x79,
  0x39, 0xf7, 0xf4, 0xc2, 0xf2, 0xd2, 0xd8, 0xce, 0x2d, 0xd7, 0x28, 0x18, 0x65, 0xf9, 0x7c, 0xde,
  0x0b, 0x96, 0xd3, 0x28, 0xc2, 0xb5, 0xeb, 0x50, 0x36, 0xae, 0x34, 0x5c, 0x16, 0x6b, 0xbe, 0xb0,
  0x23, 0x87, 0x56, 0x25, 0x78, 0x51, 0x8a, 0xa5, 0x22, 0xb8, 0xdd, 0xad, 0xf5, 0x0e, 0xdd, 0x8b,
  0x6a, 0xa6, 0x28, 0xc8, 0x17, 0xf2, 0xe4, 0xe2, 0x0d, 0x05, 0x43, 0x9f, 0x68, 0x4b, 0xb5, 0x5d,
  0x8b, 0x43, 0xba, 0xb8, 0xe8, 0x62, 0x6c, 0x7c, 0xfc, 0x87, 0xe3, 0x93, 0xe3, 0x3f, 0x23, 0xf5,
  0x1e, 0xad, 0xbe, 0xd8, 0x01, 0x0b, 0xe9, 0x48, 0x70, 0xe9, 0x54, 0x1b, 0x44, 0x22, 0x51, 0x62,
  0x26, 0xa8, 0xab, 0xaf, 0x7f, 0x13, 0x35, 0x16, 0xb2, 0x91, 0xa0, 0x0c, 0xc3, 0x60, 0x34, 0x5d,
  0xeb, 0xa2, 0x68, 0xaa, 0x4f, 0xd3, 0xb5, 0x9d, 0xed, 0xe9, 0xf6, 0xa1, 0x0d, 0xfd, 0x03, 0x3b,
  0x29, 0x86, 0x6e, 0x6b, 0x58, 0xdc, 0x34, 0x46, 0x81, 0x28, 0x12, 0x51, 0x62, 0xa7, 0x4e, 0x33,
  0x54, 0xc8, 0xe7, 0x0b, 0xb3, 0x38, 0xfa, 0x22, 0x49, 0xd2, 0x01, 0x96, 0x65, 0x8f, 0x70, 0x0c,
  0x7b, 0x6e, 0xe4, 0xfc, 0xd9, 0xa3, 0x16, 0x45, 0xc9, 0x5b, 0x86, 0x86, 0xc8, 0x6b, 0x5c, 0x58,
  0x48, 0xdb, 0x48, 0xf7, 0x6c, 0x92, 0xb2, 0x71, 0x25, 0xe3, 0xb2, 0x20, 0x2c, 0xbc, 0x08, 0x51,
  0x13, 0xb4, 0x69, 0xd3, 0x66, 0x48, 0x26, 0x92, 0xf0, 0xcc, 0x33, 0xc7, 0xea, 0xa3, 0x25, 0x2f,
  0x54, 0x8f, 0xc1, 0x02, 0x3a, 0x58, 0xb0, 0x61, 0x60, 0x03, 0xa4, 0xdb, 0xd3, 0x3b, 0x5a, 0x93,
  0xc9, 0xdf, 0x0f, 0x05, 0x43, 0x64, 0x94, 0x66, 0x62, 0x62, 0x6c, 0x79, 0x6a, 0x7a, 0xe2, 0x6f,
  0xc7, 0x67, 0x67, 0x54, 0xec, 0x3a, 0xe2, 0x23, 0x6b, 0xb2, 0x4c, 0x96, 0xa7, 0xe2, 0x05, 0x5f,
  0xaa, 0x54, 0x20, 0x16, 0x89, 0xbe, 0xae, 0x8b, 0xbe, 0x21, 0xd8, 0xc4, 0xaf, 0xce, 0x74, 0xaa,
  0x6d, 0xd8, 0xe7, 0xf5, 0x0e, 0xbb, 0x9c, 0xae, 0x4d, 0x2e, 0xa7, 0x6b, 0xa3, 0x10, 0x13, 0x92,
  0x58, 0xdc, 0x46, 0x1b, 0x66, 0x4c, 0xd7, 0x70, 0x80, 0xd8, 0x34, 0x4c, 0x62, 0x03, 0x8c, 0x26,
  0x75, 0x86, 0x6e, 0x8a, 0xd5, 0x4a, 0xf9, 0x78, 0xbe, 0x58, 0x78, 0x34, 0x5f, 0xc8, 0x1f, 0x89,
  0x45, 0x62, 0x27, 0x0d, 0x43, 0x9f, 0x58, 0x5c, 0x5c, 0x52, 0xa3, 0xd1, 0x28, 0xf1, 0xd5, 0x22,
  0xdb, 0x5e, 0x6c, 0x2b, 0x16, 0x1b, 0x57, 0x29, 0x2e, 0x9b, 0x45, 0xaa, 0xd8, 0xa2, 0x1f, 0xdc,
  0x30, 0x08, 0x52, 0x59, 0x82, 0x07, 0x7f, 0xfa, 0x10, 0xc8, 0x8a, 0x0a, 0x1c, 0xae, 0xb9, 0x7f,
  0xde, 0xe3, 0xc8, 0x26, 0x2e, 0x43, 0x87, 0xb7, 0xdf, 0x7a, 0x5b, 0x60, 0xf7, 0xb5, 0xbb, 0x3f,
  0x13, 0x8d, 0xc5, 0xc3, 0xa8, 0x47, 0x9a, 0x9e, 0x9e, 0x86, 0xb9, 0xd9, 0xb9, 0xbf, 0x57, 0x15,
  0xf5, 00, 0xfa, 0x35, 0xd1, 0xe4, 0x62, 0xa7, 0x61, 0xb0, 0xab, 0x1f, 0xda, 0xb0, 0x13, 0xb9,
  0x98, 0x25, 0xb5, 0xa1, 0x57, 0x43, 0x55, 0x4d, 0x62, 0x6b, 0xac, 0xa5, 0x0a, 0xa0, 0x60, 0xd3,
  0xe5, 0x76, 0x6d, 0x76, 0x3a, 0x9d, 0xd7, 0x3a, 0x1c, 0x8e, 0x1d, 0x5b, 0x86, 0x36, 0x75, 0xe0,
  0x6b, 0xb0, 0x2c, 0x43, 0x14, 0xfb, 0x2c, 0xff, 0xac, 0x5b, 0x01, 0xa6, 0xba, 0xd5, 0x52, 0x15,
  0x9d, 0x23, 0x16, 0x6a, 0x52, 0x6d, 0x7f, 0xb1, 0x58, 0x3a, 0x68, 0x9a, 0xe6, 0x43, 0x82, 0x93,
  0x3f, 0x5b, 0x10, 0x0b, 0xe2, 0xd4, 0xdc, 0x0c, 0x24, 0xe2, 0x09, 0x22, 0xad, 0xa8, 0x2f, 0x62,
  0xb0, 0x89, 0xc9, 0x86, 0x8d, 0xcb, 0x86, 0xb0, 0x30, 0xdd, 0xc1, 0x94, 0x10, 0xbf, 0x42, 0xe1,
  0x20, 0x54, 0x6b, 0x12, 0xd4, 0x9d, 0x4d, 0x9e, 0x7b, 0x21, 0x63, 0xdd, 0x09, 0x89, 0x24, 0x10,
  0x0c, 0xfe, 0x8a, 0xcf, 0x1f, 0xb8, 0x15, 0xb7, 0xe0, 0x94, 0xc5, 0x32, 0xda, 0x1e, 0x3f, 0x75,
  0xe6, 0xd4, 0xc9, 0x7f, 0x46, 0xb9, 0x42, 0xdc, 0xed, 0x25, 0xfa, 0x2a, 0x24, 0xae, 0x44, 0x24,
  0x06, 0x2e, 0xb7, 0x9b, 0x10, 0xe2, 0x2b, 0x21, 0x85, 0x0b, 0x2b, 0xe2, 0xeb, 0xed, 0xb6, 0x56,
  0x4d, 0x51, 0xf6, 0xa5, 0x3a, 0xda, 0x6f, 0xe2, 0x39, 0x6e, 0xb7, 0xc7, 0xeb, 0xed, 0xf6, 0xf9,
  0x7c, 0x6e, 0x9c, 0x85, 0xc4, 0xc7, 0x31, 0x0c, 0x4d, 0x44, 0x9b, 0x48, 0xa0, 0x96, 0x61, 0x80,
  0x58, 0x2a, 0x63, 0xa4, 0x27, 0x6a, 0xba, 0x76, 0x4a, 0xd7, 0xf5, 0x23, 0x8a, 0xa2, 0xfc, 0x6c,
  0x6e, 0x6a, 0xea, 0x58, 0x4b, 0xb2, 0x75, 0x06, 0x77, 0x61, 0x20, 0x5b, 0x12, 0x97, 0x53, 0xf4,
  0x2c, 0x17, 0x5e, 0xbe, 0x4e, 0x67, 0xc3, 0xc6, 0xd5, 0x86, 0xcb, 0x6a, 0x55, 0x3d, 0x91, 0x1b,
  0x08, 0x3c, 0x7c, 0xe4, 0xa3, 0x1f, 0x86, 0x73, 0x13, 0x63, 0x30, 0x3b, 0x3d, 0x05, 0x7e, 0x4e,
  00, 0xd2, 0xc7, 0x6b, 0xf8, 0x69, 0xa1, 0xdb, 0x67, 0x77, 0x7f, 0x7f, 0xe7, 0xe0, 0xc6, 0xa1,
  0xdf, 0x0b, 0x85, 0x42, 0x24, 0x75, 0x5c, 0x58, 0x5c, 0xb0, 0x44, 0xb1, 0xf4, 0x67, 0xba, 0xa6,
  0x15, 0xd0, 0x5f, 0x1d, 0xa3, 0x9e, 0x81, 0x4d, 0x43, 0x64, 0x79, 0x69, 0x55, 0xac, 0x12, 0xf5,
  0x77, 0xbd, 0x26, 0xf6, 0xe2, 0xaf, 0xdb, 0x88, 0xa2, 0x38, 0xa0, 0xa0, 0x87, 0xa2, 0xa8, 0x9b,
  0x5c, 0x2e, 0xd7, 0x2e, 0x4f, 0x67, 0xc7, 0x76, 0x97, 0xc3, 0x89, 0xb3, 0x79, 0x24, 0xda, 0xc3,
  0x48, 0x08, 0xbf, 0xf0, 0x79, 0x70, 0x78, 0xd8, 0xd0, 0x0c, 0x28, 0x57, 0x4a, 0x8a, 0x24, 0xd5,
  0xe6, 0xca, 0xd5, 0xf2, 0x41, 0x43, 0x37, 0x1e, 0x52, 0x64, 0xf5, 0x84, 0x24, 0xcb, 0xa7, 0xa2,
  0x91, 0xb0, 0x88, 0xcf, 0xa9, 0xc8, 0x75, 0x57, 0x53, 0x22, 0xf6, 0x04, 0x7b, 0xa1, 0x82, 0x0d,
  0x1b, 0x2f, 0x85, 0xcb, 0x8a, 0xb0, 0x9a, 0xa8, 0x17, 0xa8, 0x2d, 0xf0, 0x07, 0x03, 0x90, 0x0c,
  0x45, 0x41, 0x27, 0x22, 0xc8, 0xba, 0xe4, 0xc1, 0xd0, 0x74, 0x68, 0xef, 0xec, 0xfc, 0x6c, 0x4b,
  0x22, 0xb1, 0x01, 0x55, 0xdf, 0xe8, 0x75, 0x75, 0x6e, 0x64, 0xe4, 0xff, 0x5b, 0x5a, 0x5c, 0xfc,
  0x31, 0x16, 0xef, 0xa7, 0xa6, 0x67, 0x80, 0x77, 0x7b, 0xe1, 0xba, 0x44, 0x0b, 0x21, 0xab, 0x17,
  0x83, 0x59, 0x17, 0x8a, 0x0a, 0x96, 0x65, 0x25, 0x05, 0x87, 0xd0, 0xcd, 0x30, 0xcc, 0x30, 0x7a,
  0x96, 0x87, 0xc3, 0xa1, 0x3d, 0x4e, 0xa7, 0x3b, 0x8e, 0x1b, 0x5b, 0x9c, 0x2e, 0x57, 0x3d, 0x5d,
  0x43, 0x8b, 0x64, 0xcb, 0xb8, 0xb0, 0x3b, 0x4f, 0x96, 0xa5, 0xa5, 0xc5, 0xa5, 0xa5, 0x91, 0x5c,
  0x2e, 0xf7, 0x73, 0x97, 0xcb, 0x75, 0xd0, 0xe1, 0x70, 0x3e, 0x7d, 0x72, 0x64, 0x24, 0x1b, 0x08,
  0x04, 0x48, 0x44, 0x87, 0xca, 0xf3, 0xa6, 0xb3, 0x81, 0x6d, 0x68, 0x67, 0xc3, 0xc6, 0x2b, 0xc7,
  0x65, 0x49, 0x58, 0xf5, 0xc8, 0x44, 0x81, 0x70, 0x24, 0x0a, 0x5d, 0x7d, 0x03, 0x24, 0x42, 0xc2,
  0xd5, 0xe5, 0x92, 0x5c, 0x83, 0x80, 0x3f, 0xf0, 0x87, 0x6d, 0xe9, 0x8e, 0xf7, 0x79, 0x5c, 0x1e,
  0x1c, 0x6c, 0x86, 0xd1, 0xf1, 0xd1, 0xfb, 0x26, 0xc7, 0xc7, 0xff, 0x7c, 0x79, 0x61, 0x01, 0xfa,
  0x86, 0x06, 0x21, 0x59, 0x2c, 0xc1, 0xe2, 0x72, 0x9e, 0x28, 0xd9, 0x9b, 0x21, 0x55, 0x73, 0x46,
  0x8f, 0x14, 0xec, 0x2d, 0xb3, 0xcb, 0x02, 0xeb, 0x1a, 0x87, 0xdb, 0xb1, 0x47, 0x10, 0x84, 0xed,
  0x0e, 0x87, 0xa3, 0x23, 0x1e, 0x6f, 0x69, 0xa3, 0x29, 0x86, 0xa9, 0xcf, 0xd6, 0x09, 0xc0, 0xf2,
  0x42, 0x7d, 0x49, 0x2a, 0x7a, 0x77, 0x15, 0x44, 0xf2, 0x7e, 0x24, 0x49, 0x3a, 0x25, 0xc9, 0xf2,
  0x91, 0xe9, 0xe9, 0xa9, 0xa7, 0x54, 0x55, 0x7d, 0xbc, 0xa3, 0xa3, 0xe3, 0xcc, 0xf9, 0x89, 0x71,
  0x75, 0xe3, 0x86, 0x41, 0xa2, 0x23, 0x23, 0x6e, 0x9b, 0xb6, 0x68, 0xd3, 0x86, 0x8d, 0xd7, 0x85,
  0xcb, 0x92, 0xb0, 0x60, 0xe5, 0x20, 0xb0, 0x2c, 0x13, 0x7f, 0x2a, 0xdc, 0xc6, 0xa2, 0x6a, 0xea,
  0x3b, 0x63, 0xdd, 0xf1, 0xbf, 0x48, 0xc4, 0x5b, 0xa0, 0x26, 0x55, 0x61, 0x6e, 0x7e, 0x66, 0x76,
  0x3e, 0x33, 0xff, 0x49, 0xb4, 0x83, 0x42, 0x21, 0x68, 0xb4, 0xa5, 0x05, 0xe6, 0xb3, 0x4b, 0x30,
  0x33, 0xb7, 0x40, 0x9e, 0xa3, 0x31, 0x40, 0xec, 0x92, 0x64, 0x79, 0x6b, 0x3a, 0x99, 0xba, 0x86,
  0x61, 0x98, 0xb7, 0xb0, 0x1c, 0xbf, 0xc9, 0xe1, 0x74, 0xa7, 0xdd, 0x2e, 0x27, 0x85, 0xb5, 0x28,
  0xb4, 0x52, 0x21, 0x03, 0xc4, 0x0d, 0xc9, 00, 0x4a, 0x0e, 0xca, 0xe5, 0x12, 0xa8, 0xaa, 0x52,
  0x56, 0x64, 0xe5, 0x88, 0x2c, 0x41, 0x02, 0x4c, 0xb1, 00, 00, 0x05, 0x3d, 0x49, 0x44, 0x41,
  0x54, 0x49, 0x4f, 0x9f, 0x19, 0x3b, 0xff, 0xd3, 0x40, 0x20, 0x70, 0x3a, 0x1e, 0x89, 0x65, 0x66,
  0x66, 0x67, 0x89, 0x2c, 0x62, 0x70, 0x70, 0x90, 0xd4, 0xc8, 0xec, 0xe8, 0xc9, 0x86, 0x8d, 0x8b,
  0x87, 0xcb, 0x96, 0xb0, 0x56, 0x02, 0x89, 0xcb, 0xe1, 0x74, 0xbe, 0x23, 0xde, 0xd2, 0xf2, 0xf9,
  0xd6, 0x54, 0x0a, 0x33, 0x34, 0x98, 0x98, 0x98, 0x30, 0xa7, 0x26, 0xa7, 0xfe, 0x21, 0xb7, 0x9c,
  0x3b, 0x9e, 0x68, 0x4b, 0x41, 0x66, 0x7a, 0x1a, 0x2a, 0x65, 0x91, 0x44, 0x55, 0x6e, 0xb7, 0xb3,
  0xc5, 0x34, 0xcc, 0x1d, 0x34, 0x4d, 0xdd, 0xe0, 0x0f, 0xfa, 0x77, 0xf1, 0x02, 0x3f, 0x14, 0x0a,
  0x86, 0x43, 0xd8, 0xc9, 0xc3, 0x98, 0x8b, 0xe3, 0x51, 0x6e, 0x60, 0x11, 0x7d, 0x96, 0x61, 0xea,
  0x64, 0x55, 0x55, 0x61, 0xb9, 0x60, 0x56, 0xab, 0xb5, 0x8c, 0xaa, 0x69, 0x47, 0x81, 0x32, 0x1f,
  0xce, 0x2e, 0x2c, 0x3c, 0x36, 0x35, 0x35, 0x3d, 0x72, 0xe3, 0x0d, 0x37, 0x56, 0xc4, 0x72, 0x19,
  0xbc, 0xde, 0xba, 0x68, 0x13, 0x25, 0x0b, 0x3a, 0xa3, 0xd9, 0x0b, 0x3e, 0x6d, 0xd8, 0xb8, 0x04,
  0xb8, 0xac, 0x09, 0xab, 0x1e, 0x65, 0x19, 0xc0, 0xb0, 0xec, 0x07, 0xda, 0x3b, 0x3a, 0xff, 0x32,
  0x16, 0x8b, 0xc5, 0xd1, 0xa6, 0x77, 0x66, 0x21, 0x03, 0xb3, 0xb3, 0xd3, 0xf7, 0x89, 0x95, 0xca,
  0xdf, 0xf8, 0x7d, 0x7e, 0x70, 0xb9, 0x9d, 0x4e, 0xa7, 0xdb, 0xd5, 0xa9, 0x28, 0xea, 0xf6, 0x2d,
  0x5b, 0x36, 0xef, 0x1a, 0x1e, 0xde, 0x71, 0x23, 0xcf, 0x0b, 0x43, 0xce, 0x70, 0xec, 0xc2, 0x82,
  0x53, 0xd2, 0xf4, 0xb3, 0x2c, 0x50, 0x75, 0x0d, 0xf4, 0x9a, 0x4a, 0x8a, 0xe6, 0xa5, 0x52, 0x69,
  0x5e, 0xd3, 0xb4, 0x91, 0xdc, 0xf2, 0xf2, 0x53, 0x6e, 0xaf, 0xe7, 0xbc, 0xae, 0xe9, 0x4f, 0x03,
  0xc0, 0x88, 0xdb, 0xe3, 0x22, 0x24, 0x89, 0x1e, 0x59, 0xcd, 0xbd, 0x79, 0xb6, 0x68, 0xd3, 0x86,
  0x8d, 0x4b, 0x8f, 0xcb, 0x92, 0xb0, 0x9a, 0xe9, 0x60, 0xb5, 0x56, 0xc5, 0x75, 0x51, 0xbf, 0xdd,
  0x92, 0x68, 0xfd, 0x8b, 0x74, 0x3a, 0xed, 0x66, 0x18, 0x0e, 0x16, 0x17, 0x33, 0x30, 0x3d, 0x33,
  0x65, 0x49, 0x92, 0x54, 0xe5, 0x58, 0xe6, 0xd7, 0x78, 0x81, 0xef, 0xa6, 0x80, 0xbe, 0x6e, 0x60,
  0x70, 0x68, 0x07, 0x45, 0x53, 0x21, 0xaf, 0xc7, 0x07, 0x6e, 0x97, 0x97, 0x8c, 0xdc, 0x50, 0x94,
  0xd5, 0xb0, 0x6d, 0xa9, 0xab, 0xcb, 0x55, 0x45, 0x96, 0xcb, 0xd5, 0xea, 0x5c, 0xb1, 0x90, 0x3f,
  0x2c, 0xcb, 0xca, 0xc3, 0x1e, 0xbf, 0xf7, 0x91, 0x6a, 0xa5, 0x76, 0xfe, 0x07, 0x3f, 0xb8, 0xd7,
  0xf8, 0xd5, 0x77, 0xfd, 0x0a, 0x91, 0x1b, 0x34, 0x87, 0xb2, 0x9b, 0xd6, 0xc0, 0x36, 0x6c, 0xd8,
  0x58, 0x3d, 0xac, 0x1a, 0x61, 0xd5, 0x57, 0xb8, 0xaf, 0xfc, 0x8b, 0xd7, 0xfe, 0x5c, 0x8a, 0xaa,
  0xe2, 0x30, 0xb4, 0x27, 0x16, 0x8f, 0xff, 0xf7, 0xde, 0xbe, 0xfe, 0x4f, 0xe0, 0x38, 0x0d, 0x76,
  0x09, 0x31, 0xe5, 0x5b, 0x5e, 0x5a, 0xc2, 0x6e, 0x9d, 0xee, 0xf5, 0xfa, 0x6e, 0x4f, 0xb4, 0xb4,
  0xbc, 0xcb, 0x83, 0x92, 0x03, 0x9a, 0xc3, 0x28, 0x0c, 0x57, 0xa3, 0x12, 0xe7, 0xd1, 0x4a, 0xb5,
  0x0c, 0xb5, 0x5a, 0x05, 0x74, 0x53, 0x2f, 0x48, 0x92, 0x7c, 0x5c, 0xd3, 0xb4, 0x73, 0x65, 0x51,
  0x3c, 0xc1, 0xf3, 0xfc, 0x61, 0x87, 0xc3, 0x31, 0x57, 0x2a, 0x96, 0xa6, 0x70, 0xf3, 0x73, 0x28,
  0x1a, 0x06, 0x89, 0x96, 0x89, 0x17, 0x97, 0x5d, 0x8b, 0xb2, 0x61, 0x63, 0xed, 0xb1, 0x6a, 0x84,
  0x45, 0x86, 0x88, 0x29, 0xf2, 0x7a, 0xd7, 0x58, 0x96, 0xe5, 0xb6, 0xc0, 0x3a, 0xa0, 0xeb, 0xba,
  0x84, 0x33, 0x7c, 0xaf, 0x46, 0xb0, 0x69, 0xe8, 0x06, 0xcf, 0x3b, 0xf8, 0x5b, 0x77, 0xef, 0xda,
  0xf5, 0xbb, 0x6d, 0xe9, 0xf4, 0x75, 0x5e, 0xaf, 0x1f, 0x68, 0x9a, 0x22, 0x6b, 0xe6, 0x51, 0x63,
  0xa5, 0x6b, 0x06, 0xaa, 0xca, 0x59, 0x8f, 0xd7, 0xcb, 0x79, 0x3d, 0x9e, 0xba, 0xd9, 0x9e, 0x05,
  0xb8, 0x1a, 0x1d, 0xca, 0x95, 0x72, 0xde, 0x34, 0xf4, 0xf3, 0xb2, 0x2c, 0x9f, 0x2c, 0x8a, 0xe5,
  0x47, 0x17, 0x33, 0x73, 0x87, 0xa3, 0xf1, 0x96, 0x69, 0x5e, 0x10, 0xca, 0xd5, 0x6a, 0xad, 0xbe,
  0x92, 0x8a, 0xab, 0x77, 0xf4, 0xb0, 0xeb, 0x68, 0xa7, 0x78, 0x36, 0x6c, 0xac, 0x2f, 0xac, 0x1a,
  0x61, 0x6d, 0xd9, 0xb6, 0xd9, 0xe3, 0x71, 0xbb, 0x5b, 0x5d, 0x82, 0xe3, 0xab, 0x3c, 0xcb, 0xa5,
  0x3c, 0x6e, 0xf7, 0x3d, 0x65, 0x59, 0xfe, 0xb2, 0xcb, 0xe5, 0xfa, 0x89, 0xda, 0x14, 0x6e, 0xbe,
  00, 0x90, 0x34, 0x90, 0xd4, 00, 0x2c, 0xb4, 0x56, 0x78, 0x5b, 0x6b, 0xaa, 0xf5, 0xfd, 0xd1,
  0x48, 0xec, 0xcd, 0xbd, 0x7d, 0xbd, 0x3c, 0xa6, 0x65, 0x68, 0x57, 0x5c, 0xad, 0x4a, 0x64, 0xd6,
  0x10, 0x87, 0x8d, 0x71, 0xfc, 0xc5, 0xcf, 0xfa, 0x29, 0x7f, 0xc0, 0x0f, 0xf9, 0x7c, 0x5e, 0xab,
  0x94, 0x2b, 0x73, 0x4b, 0xcb, 0x4b, 0x4f, 0x32, 0x14, 0xf3, 0x58, 0xb9, 0x5a, 0x3e, 0x92, 0xcd,
  0x2f, 0x8f, 0x6c, 0x19, 0x18, 0x2a, 0x9b, 0x96, 0x65, 0x29, 0x35, 0x89, 0x8c, 0xe8, 0x30, 0x8d,
  0xe1, 0xe1, 0x97, 0x12, 0x8f, 0xda, 0xb0, 0x61, 0x63, 0xed, 0xb1, 0x6a, 0x84, 0xe5, 0xa4, 0x19,
  0xce, 0xc9, 0x72, 0xde, 0x60, 0x30, 0xd8, 0xe6, 0x76, 0xbb, 0x9d, 0xa6, 0x69, 0xde, 0x99, 0x4c,
  0xa5, 0xef, 0xd8, 0xb6, 0x6d, 0xdb, 0xe7, 0x6b, 0xb5, 0xda, 0x1f, 0x17, 0x8b, 0x45, 0xb1, 0x50,
  0x2c, 00, 0x5a, 0xc0, 0xd0, 0x16, 0x45, 0x44, 0x98, 0x48, 0x64, 0x4e, 0xd3, 0xe8, 0xe0, 0x58,
  0xee, 0xd6, 0x54, 0xb2, 0xed, 0x97, 0xdc, 0x1e, 0xcf, 0x1b, 0xc3, 0x91, 0x08, 0x38, 0x84, 0xba,
  0xe9, 0x5e, 0xa9, 0x54, 0x82, 0xc5, 0xec, 0x22, 0x59, 0x8b, 0x8e, 0x1e, 0xed, 0x38, 0xb3, 0x27,
  0xcb, 0x52, 0x6e, 0x69, 0x69, 0xf9, 0xc4, 0xc9, 0x93, 0x27, 0x0f, 0xf8, 0xfd, 0xfe, 0x23, 0x2c,
  0xc7, 0x3e, 0x71, 0xcf, 0x0f, 0x7f, 0x3c, 0xbb, 0x71, 0x68, 0x03, 0xa4, 0x3b, 0xd3, 0xa4, 0x66,
  0xc5, 0x34, 0xec, 0x57, 0x98, 0x86, 0x11, 0x9e, 0x0d, 0x1b, 0x36, 0x2e, 0x0f, 0xac, 0x1a, 0x61,
  0xcd, 0x64, 0x33, 0xa5, 0x98, 0x69, 0x9c, 0xe7, 0x79, 0xfe, 0x90, 0xe0, 0x74, 0x5e, 0xe7, 0xf7,
  0x05, 0x90, 0x38, 0xe8, 0x54, 0x5b, 0xea, 0xb7, 0x17, 0x17, 0xb2, 0x43, 0x43, 0x95, 0xf2, 0xff,
  0x69, 0x4f, 0xb7, 0x2b, 0x98, 0xf6, 0x09, 0x82, 0xc0, 0xc5, 0x23, 0xd1, 0x90, 0xcf, 0xe7, 0xdb,
  0x15, 0x8b, 0xc5, 0x6f, 0x0c, 0x05, 0x83, 0x1d, 0x1e, 0x94, 0x0d, 0xf0, 0x02, 0x99, 0xcb, 0xab,
  0x96, 0xcb, 0x68, 0xc2, 0x47, 0x08, 0x4b, 0xc2, 0xdd, 0xc3, 0x52, 0x75, 0xc6, 0xb0, 0xac, 0x33,
  0xe3, 0xe3, 0x63, 0x3f, 0x37, 0x75, 0xeb, 0xd1, 0x96, 0x96, 0xf8, 0xc9, 0xef, 0x7d, 0xf7, 0x87,
  0xf2, 0x7b, 0xef, 0xfa, 0x35, 0xe2, 0xd0, 0x49, 0x96, 0x82, 0x36, 0x94, 0xe5, 0xb6, 0xe3, 0xa6,
  0x0d, 0x1b, 0x97, 0x2f, 0x56, 0x8d, 0xb0, 0xaa, 0x95, 0xaa, 0x39, 0x55, 0x9b, 0x12, 0x0f, 0x1d,
  0x3a, 0xf4, 0x17, 0x3b, 0x77, 0xed, 0xde, 0xc8, 0x73, 0x7c, 0x10, 0xb5, 0x4b, 0xa8, 0x48, 0x77,
  0x76, 0xba, 0x6e, 0xde, 0xb4, 0x79, 0xf3, 0xcd, 0x68, 0xb9, 0x52, 0x17, 0x80, 0x6a, 0xa0, 0xea,
  0x2a, 0x30, 0x14, 0x03, 0x64, 0x3d, 0x15, 0x4d, 0x43, 0xa9, 0x58, 0x84, 0x99, 0x99, 0x59, 0x28,
  0x16, 0xf2, 0xe8, 0x1a, 0x7a, 0xac, 0x50, 0xcc, 0x1f, 0xc8, 0x2d, 0xe7, 0x1e, 0xf7, 0x7a, 0xbc,
  0x67, 0x79, 0x81, 0x9f, 0x67, 0x38, 0x76, 0xf6, 0xd8, 0xf1, 0x93, 0xc0, 0x02, 0x03, 0xbd, 0xfd,
  0x3d, 0xc4, 0x63, 0x8a, 0xba, 0x60, 0xc3, 0x62, 0x9f, 0xa1, 0x36, 0x6c, 0x5c, 0x09, 0x58, 0x35,
  0xc2, 0xaa, 0xeb, 0x94, 0x4c, 0xf8, 0xd6, 0xb7, 0xee, 0xbe, 0x4f, 0x14, 0x2b, 0x77, 0xed, 0xde,
  0xb3, 0xeb, 0xd3, 0x4e, 0xa7, 0xe3, 0x5a, 0xbf, 0x3f, 0x48, 0xc4, 0x96, 0x18, 0x39, 0x91, 0xa5,
  0xa9, 0x16, 0x90, 0x99, 0xc0, 0x7a, 0xdd, 0x0a, 0x60, 0x69, 0xa9, 0x8a, 0x1e, 0xec, 0x52, 0xb5,
  0x52, 0x3e, 0x93, 0x2f, 0xe4, 0x1f, 0x5f, 0x58, 0xc8, 0x3e, 0x94, 0x59, 0x5a, 0x78, 0xaa, 0xbf,
  0xbb, 0x77, 0x41, 0x92, 0x64, 0x70, 0x39, 0xeb, 0xe6, 0x77, 0x16, 0x05, 0xc4, 0xf3, 0x9d, 0xb6,
  0x68, 0x32, 0x07, 0x68, 0xc3, 0x86, 0x8d, 0x2b, 0x0f, 0xab, 0x46, 0x58, 0x64, 0xc4, 0x85, 0xa1,
  0x60, 0xaa, 0x3c, 0x8b, 0xc5, 0xf0, 0x1f, 0xcf, 0xcd, 0xcd, 0x1d, 0x35, 0x0d, 0xfd, 0x36, 0xaf,
  0xd7, 0xb7, 0x8b, 0xe3, 0xb8, 0x0e, 0x86, 0x63, 0x63, 0x3c, 0xc7, 0x3b, 0x78, 0x9e, 0x67, 0x0c,
  0xc3, 0xd0, 0x65, 0x59, 0x2e, 0xab, 0xb2, 0x32, 0xaa, 0x19, 0xda, 0x99, 0xcc, 0xc2, 0xc2, 0x7e,
  0x07, 0x2f, 0x1c, 0x08, 0x04, 0x02, 0x68, 0xcd, 0x42, 0xbc, 0xa4, 0xb0, 0x0e, 0xf5, 0x1c, 0x97,
  0x4d, 0x3b, 0x8c, 0xb2, 0x61, 0xe3, 0x8a, 0xc7, 0xaa, 0xea, 0xb0, 0x70, 0x5a, 0x05, 0x89, 0x0b,
  0xbf, 0x0c, 0xc3, 0xc8, 0x80, 0x05, 0xff, 0xa7, 0x52, 0xa9, 0xdc, 0x2d, 0x8a, 0x95, 0x24, 0x2f,
  0xb0, 0x61, 0xb7, 0xdb, 0xcd, 0x09, 0x82, 0x83, 0xad, 0x54, 0x2b, 0xb2, 0xa1, 0x1b, 0xd5, 0xec,
  0xdc, 0x5c, 0x26, 0x99, 0x6e, 0x5b, 0x32, 0x4c, 0x53, 0xc3, 0xed, 0xc6, 0x64, 0x80, 0xb8, 0x41,
  0x54, 0x36, 0x6c, 0xd8, 0xb0, 0x61, 0xc3, 0x86, 0x0d, 0x1b, 0x36, 0x6c, 0xd8, 0xb0, 0x61, 0xc3,
  0x86, 0x0d, 0x1b, 0x36, 0xae, 0x0e, 00, 0xc0, 0xff, 0x03, 0xad, 0x7f, 0x2e, 0x03, 0x2f, 0x23,
  0x9e, 0x07, 00, 00, 00, 00, 0x49, 0x45, 0x4e, 0x44, 0xae, 0x42, 0x60, 0x82
};


